Game_Title,Release Date,Rating,Times Listed,Number of Reviews,Plays,Playing,Backlogs,Wishlist,Release_Year,Release_Month,Primary_Genre,Primary_Developer,Genres_Clean,Team_Clean,Engagement_Score,Demand_Index,Rating_Tier,game_id
Elden Ring,25-02-2022,4.5,3900,3900,17000,3800,4600,4800,2022,2,Adventure,Bandai Namco Entertainment,"Adventure, RPG","Bandai Namco Entertainment, FromSoftware",33.5,0.282336333,High (4+),1
Hades,10-12-2019,4.3,2900,2900,21000,3200,6300,3600,2019,12,Adventure,Supergiant Games,"Adventure, Brawler, Indie, RPG",Supergiant Games,37.65,0.171420409,High (4+),2
The Legend of Zelda: Breath of the Wild,03-03-2017,4.4,4300,4300,30000,2500,5000,2600,2017,3,Adventure,Nintendo,"Adventure, RPG","Nintendo, Nintendo EPD Production Group No. 3",42.7,0.086663778,High (4+),3
Undertale,15-09-2015,4.2,3500,3500,28000,679,4900,1800,2015,9,Adventure,tobyfox,"Adventure, Indie, RPG, Turn Based Strategy","tobyfox, 8-4",38.95,0.064283418,High (4+),4
Hollow Knight,24-02-2017,4.4,3000,3000,21000,2400,8300,2300,2017,2,Adventure,Team Cherry,"Adventure, Indie, Platform",Team Cherry,38.05,0.109518594,High (4+),5
Minecraft,18-11-2011,4.3,2300,2300,33000,1800,1100,230,2011,11,Adventure,Mojang Studios,"Adventure, Simulator",Mojang Studios,35.11,0.006969486,High (4+),6
Omori,25-12-2020,4.2,1600,1600,7200,1100,4500,3800,2020,12,Adventure,OMOCAT,"Adventure, Indie, RPG, Turn Based Strategy","OMOCAT, PLAYISM",21.55,0.527704485,High (4+),7
Metroid Dread,07-10-2021,4.3,2100,2100,9200,759,3400,3300,2021,10,Adventure,Nintendo,"Adventure, Platform","Nintendo, MercurySteam",20.9,0.358656668,High (4+),8
Among Us,15-06-2018,3,867,867,25000,470,776,126,2018,6,Indie,InnerSloth,"Indie, Strategy",InnerSloth,26.416,0.005039798,Low (<3),9
NieR: Automata,23-02-2017,4.3,2900,2900,18000,1100,6200,3600,2017,2,Brawler,PlatinumGames,"Brawler, RPG","PlatinumGames, Square Enix",34.5,0.19998889,High (4+),10
Persona 5 Royal,31-10-2019,4.4,2700,2700,12000,2300,5100,3000,2019,10,Adventure,Atlus USA,"Adventure, RPG, Turn Based Strategy","Atlus USA, Atlus",25.65,0.249979168,High (4+),11
Stray,19-07-2022,3.7,1500,1500,7700,801,2500,3400,2022,7,Adventure,BlueTwelve Studio,"Adventure, Indie","BlueTwelve Studio, Annapurna Interactive",18.25,0.441501104,Medium (3-4),12
God of War,20-04-2018,4.2,2900,2900,21000,1100,4800,2600,2018,4,Adventure,Sony Interactive Entertainment,"Adventure, Brawler, RPG","Sony Interactive Entertainment, SIE Santa Monica Studio",33.4,0.123803628,High (4+),13
Portal 2,18-04-2011,4.4,2900,2900,29000,471,3900,1200,2011,4,Adventure,Valve,"Adventure, Platform, Puzzle, Shooter","Valve, Electronic Arts",37.25,0.041377884,High (4+),14
Bloodborne,24-03-2015,4.5,3400,3400,17000,1100,5600,3300,2015,3,Adventure,FromSoftware,"Adventure, RPG","FromSoftware, Sony Computer Entertainment",32,0.194106229,High (4+),15
Celeste,25-01-2018,4.2,2800,2800,20000,1200,5900,2000,2018,1,Adventure,Extremely OK Games,"Adventure, Indie, Platform","Extremely OK Games, Maddy Makes Games",32.85,0.099995,High (4+),16
Yakuza 0,12-03-2015,4.4,2700,2700,15000,1800,6400,2000,2015,3,Adventure,Ryū Ga Gotoku Studios,"Adventure, Brawler, RPG, Simulator","Ryū Ga Gotoku Studios, Sega",28.6,0.133324445,High (4+),17
Red Dead Redemption 2,26-10-2018,4.4,2900,2900,19000,1700,5500,2900,2018,10,Adventure,Take-Two Interactive,"Adventure, RPG, Shooter","Take-Two Interactive, Rockstar Games",33.05,0.152623546,High (4+),18
Portal,10-10-2007,4.1,2000,2000,28000,244,2700,1100,2007,10,Platform,Valve,"Platform, Puzzle, Shooter","Valve, Electronic Arts",34.25,0.039284311,High (4+),19
Super Mario Odyssey,27-10-2017,4.2,2900,2900,25000,710,2900,2000,2017,10,Adventure,Nintendo,"Adventure, Platform",Nintendo,33.35,0.0799968,High (4+),20
Pokémon Legends: Arceus,28-01-2022,3.7,1600,1600,9100,1600,2500,2100,2022,1,Adventure,Nintendo,"Adventure, RPG, Turn Based Strategy","Nintendo, Game Freak",17.05,0.230743874,Medium (3-4),21
Hi-Fi Rush,25-01-2023,4.3,926,926,3000,866,1500,2000,2023,1,Adventure,Tango Gameworks,"Adventure, Brawler, Music, Platform","Tango Gameworks, Bethesda Softworks",9.25,0.666444518,High (4+),22
Metal Gear Rising: Revengeance,19-02-2013,4.1,2100,2100,14000,492,4200,2000,2013,2,Adventure,Konami,"Adventure, Brawler, Shooter, Strategy","Konami, PlatinumGames",24.3,0.14284694,High (4+),23
Grand Theft Auto V,17-09-2013,3.8,2100,2100,30000,829,3200,664,2013,9,Adventure,Rockstar North,"Adventure, Shooter","Rockstar North, Rockstar Games",36.128,0.022132596,Medium (3-4),24
Cyberpunk 2077,09-12-2020,3.3,1500,1500,13000,1500,4700,2900,2020,12,Adventure,CD Projekt RED,"Adventure, RPG, Shooter",CD Projekt RED,25.85,0.223059765,Medium (3-4),25
God of War Ragnarök,09-11-2022,4.4,1700,1700,5300,801,2000,3300,2022,11,Adventure,Sony Interactive Entertainment,"Adventure, Brawler","Sony Interactive Entertainment, SIE Santa Monica Studio",14.9,0.622524052,High (4+),26
Xenoblade Chronicles 3,29-07-2022,4.4,1400,1400,3900,795,2100,2200,2022,7,Adventure,Monolith Soft,"Adventure, RPG","Monolith Soft, Nintendo",11.45,0.563957959,High (4+),27
Kirby and the Forgotten Land,25-03-2022,4.2,1600,1600,5900,955,2500,3100,2022,3,Adventure,HAL Laboratory,"Adventure, Platform","HAL Laboratory, Nintendo",15.85,0.525334689,High (4+),28
Disco Elysium: The Final Cut,01-05-2020,4.6,1100,1100,6000,1200,5000,2700,2020,5,Adventure,ZA/UM,"Adventure, Indie, RPG",ZA/UM,18.9,0.449925012,High (4+),29
Marvel's Spider-Man,07-09-2018,4.1,2500,2500,21000,577,2900,2200,2018,9,Adventure,Insomniac Games,"Adventure, Brawler","Insomniac Games, Sony Interactive Entertainment",29.75,0.104756916,High (4+),30
Dark Souls III,24-03-2016,4.2,2400,2400,19000,851,4300,2200,2016,3,Adventure,Bandai Namco Entertainment,"Adventure, RPG","Bandai Namco Entertainment, FromSoftware",29.85,0.11578338,High (4+),31
NieR Replicant ver.1.22474487139...,22-04-2021,4.2,1500,1500,6700,880,4100,3700,2021,4,Adventure,Toylogic,"Adventure, RPG","Toylogic, Square Enix",20.25,0.552156395,High (4+),32
Super Mario 64,23-06-1996,4.1,2600,2600,21000,463,2500,775,1996,6,Adventure,Nintendo,"Adventure, Platform","Nintendo, Nintendo EAD",26.3,0.036903005,High (4+),33
Super Smash Bros. Ultimate,07-12-2018,4.1,2500,2500,25000,1200,1100,801,2018,12,Fighting,Sora,"Fighting, Platform","Sora, Nintendo",28.252,0.032038718,High (4+),34
Cuphead,29-09-2017,4.1,1900,1900,18000,1200,4500,2600,2017,9,Arcade,Studio MDHR,"Arcade, Indie, Platform, Shooter",Studio MDHR,29.95,0.14443642,High (4+),35
Sekiro: Shadows Die Twice,22-03-2019,4.4,2300,2300,14000,919,4800,3400,2019,3,Adventure,FromSoftware,"Adventure, Brawler","FromSoftware, Activision",28,0.242839797,High (4+),36
Final Fantasy VII,31-01-1997,4.2,2900,2900,15000,1100,5000,1500,1997,1,Adventure,Square,"Adventure, RPG, Turn Based Strategy","Square, Eidos Interactive",25.5,0.099993334,High (4+),37
Persona 4 Golden,15-06-2012,4.2,1900,1900,13000,1500,5200,2200,2012,6,Adventure,NIS America,"Adventure, RPG, Simulator, Visual Novel","NIS America, Atlus",25.2,0.169217752,High (4+),38
Genshin Impact,28-09-2020,2.6,653,653,14000,2700,1300,280,2020,9,Adventure,miHoYo,"Adventure, RPG","miHoYo, HoYoverse",16.51,0.019998572,Low (<3),39
Signalis,27-10-2022,4.2,820,820,2200,419,1900,2200,2022,10,Adventure,rose-engine,"Adventure, Indie","rose-engine, Humble Games",9.45,0.999545661,High (4+),40
Resident Evil Village,06-05-2021,3.9,1800,1800,9900,333,2800,2800,2021,5,Adventure,Capcom,"Adventure, Shooter",Capcom,19.7,0.282799717,Medium (3-4),41
Super Mario Galaxy,01-11-2007,4.3,2700,2700,21000,468,3100,1200,2007,11,Adventure,Nintendo EAD,"Adventure, Platform","Nintendo EAD, Nintendo",28.05,0.057140136,High (4+),42
Fallout: New Vegas,19-10-2010,4.3,2000,2000,16000,756,5000,1400,2010,10,RPG,Obsidian Entertainment,"RPG, Shooter","Obsidian Entertainment, Bandai Namco Entertainment",26.3,0.087494532,High (4+),43
Outer Wilds,28-05-2019,4.6,1800,1800,7700,661,4800,3100,2019,5,Adventure,Mobius Digital,"Adventure, Indie, Puzzle, Simulator","Mobius Digital, Annapurna Interactive",21.1,0.402545124,High (4+),44
Resident Evil 2,25-01-2019,4.3,2500,2500,15000,585,3600,1900,2019,1,Adventure,Capcom,"Adventure, Shooter","Capcom, Capcom Development Division 1",24.2,0.126658223,High (4+),45
Doom,12-05-2016,4,1800,1800,18000,541,4000,1400,2016,5,Shooter,id Software,Shooter,"id Software, Bethesda Softworks",26.8,0.077773457,Medium (3-4),46
Shin Megami Tensei V,12-11-2021,3.8,1100,1100,4100,1000,3400,2600,2021,11,Adventure,Atlus,"Adventure, RPG, Turn Based Strategy","Atlus, Sega",14.4,0.633991709,Medium (3-4),47
Bayonetta,29-10-2009,3.9,1700,1700,13000,614,5000,2300,2009,10,Brawler,Nex Entertainment,"Brawler, Shooter","Nex Entertainment, Sega",25.1,0.176909469,Medium (3-4),48
Stardew Valley,26-02-2016,4.1,1700,1700,20000,2000,3600,1100,2016,2,Indie,ConcernedApe,"Indie, RPG, Simulator, Strategy","ConcernedApe, Chucklefish Games",27.6,0.05499725,High (4+),49
The Last of Us Part II,19-06-2020,4.1,2500,2500,13000,472,2800,2500,2020,6,Adventure,Naughty Dog,"Adventure, Shooter","Naughty Dog, Sony Interactive Entertainment",22.2,0.192292901,High (4+),50
Silent Hill 2,24-09-2001,4.5,2200,2200,8600,282,2900,2100,2001,9,Adventure,Team Silent,"Adventure, Puzzle","Team Silent, Konami",17.15,0.244157656,High (4+),51
The Witcher 3: Wild Hunt,19-05-2015,4.3,2000,2000,17000,1200,6100,1600,2015,5,Adventure,WB Games,"Adventure, RPG","WB Games, CD Projekt RED",29.35,0.094112111,High (4+),52
Persona 5,15-09-2016,4.1,1800,1800,16000,630,2800,1700,2016,9,Adventure,Atlus,"Adventure, RPG, Turn Based Strategy","Atlus, Atlus USA",23.6,0.10624336,High (4+),53
Doom Eternal,19-03-2020,4.2,1900,1900,12000,738,4600,2400,2020,3,Shooter,Bethesda Softworks,Shooter,"Bethesda Softworks, id Software",23.7,0.199983335,High (4+),54
The Elder Scrolls V: Skyrim,10-11-2011,3.7,1700,1700,22000,589,3000,1000,2011,11,Adventure,Bethesda Game Studios,"Adventure, RPG","Bethesda Game Studios, Bethesda Softworks",28.5,0.045452479,Medium (3-4),55
Neon White,16-06-2022,4.1,868,868,2900,519,1800,2300,2022,6,Indie,Ben Esposito,"Indie, Platform, Shooter, Visual Novel","Ben Esposito, Annapurna Interactive",10.2,0.792830059,High (4+),56
Devil May Cry 5,08-03-2019,4.3,1900,1900,12000,524,4100,2400,2019,3,Adventure,Capcom,"Adventure, Brawler","Capcom, Capcom Development Division 1",22.95,0.199983335,High (4+),57
Overwatch 2,04-10-2022,2.7,491,491,6600,1100,292,171,2022,10,Shooter,Blizzard Entertainment,Shooter,Blizzard Entertainment,7.38,0.025905166,Low (<3),58
Resident Evil 4,11-01-2005,4.3,2300,2300,14000,360,3000,1200,2005,1,Shooter,Capcom,Shooter,"Capcom, Capcom Production Studio 4",20.9,0.085708164,High (4+),59
Final Fantasy VII Remake,10-04-2020,4.1,2000,2000,12000,898,4200,2200,2020,4,Adventure,Square Enix,"Adventure, RPG",Square Enix,22.7,0.183318057,High (4+),60
Sonic Frontiers,08-11-2022,3.6,974,974,2900,491,1300,1800,2022,11,Adventure,Sega,"Adventure, Platform","Sega, Sonic Team",8.45,0.620475698,Medium (3-4),61
Inscryption,19-10-2021,4.1,1000,1000,5400,557,2300,2300,2021,10,Adventure,Devolver Digital,"Adventure, Card & Board Game, Indie, Puzzle, Strategy","Devolver Digital, Daniel Mullins Games",13.45,0.425847065,High (4+),62
Tunic,16-03-2022,3.9,891,891,3400,489,2400,2600,2022,3,Adventure,Andrew Shouldice,"Adventure, Indie, Puzzle, RPG","Andrew Shouldice, Finji",12.2,0.764481035,Medium (3-4),63
Dark Souls,22-09-2011,4.3,2100,2100,14000,447,2500,1400,2011,9,Adventure,FromSoftware,"Adventure, RPG","FromSoftware, Bandai Namco Entertainment",20.55,0.099992858,High (4+),64
The Legend of Zelda: Ocarina of Time,21-11-1998,4.3,2200,2200,17000,433,3000,1400,1998,11,Adventure,Nintendo,"Adventure, RPG","Nintendo, Nintendo EAD",24.3,0.082348097,High (4+),65
Deltarune: Chapter 2,17-09-2021,4.3,737,737,7500,222,2100,753,2021,9,Adventure,08-Apr,"Adventure, Indie, RPG, Turn Based Strategy","8-4, tobyfox",12.156,0.100386615,High (4+),66
Chrono Trigger,11-03-1995,4.5,1900,1900,9100,518,4900,2200,1995,3,Adventure,Square,"Adventure, RPG",Square,20.85,0.241731678,High (4+),67
Metal Gear Solid 2: Sons of Liberty,13-11-2001,4.4,1800,1800,10000,161,2600,1400,2001,11,Adventure,Konami Computer Entertainment Japan,Adventure,"Konami Computer Entertainment Japan, Konami",16.7,0.139986001,High (4+),68
Super Mario World,21-11-1990,4.2,2100,2100,18000,218,1700,460,1990,11,Adventure,Nintendo,"Adventure, Platform","Nintendo, Nintendo EAD",21.47,0.025554136,High (4+),69
Death Stranding,08-11-2019,3.9,1600,1600,9400,934,4800,2400,2019,11,Adventure,Sony Interactive Entertainment,"Adventure, RPG, Shooter","Sony Interactive Entertainment, Kojima Productions",21.4,0.25529199,Medium (3-4),70
Marvel's Spider-Man: Miles Morales,12-11-2020,3.9,1600,1600,9900,372,2800,2800,2020,11,Adventure,Insomniac Games,"Adventure, Brawler","Insomniac Games, Sony Interactive Entertainment",19.7,0.282799717,Medium (3-4),71
Dark Souls: Remastered,23-05-2018,4.3,1400,1400,11000,786,2600,1600,2018,5,Adventure,Bandai Namco Entertainment,"Adventure, RPG","Bandai Namco Entertainment, QLOC",18.1,0.145441324,High (4+),72
EarthBound,27-08-1994,4.2,1900,1900,9000,600,4800,1800,1994,8,Adventure,Nintendo,"Adventure, RPG, Turn Based Strategy","Nintendo, Creatures Inc.",19.8,0.19997778,High (4+),73
Castlevania: Symphony of the Night,20-03-1997,4.4,1900,1900,9100,316,3400,1700,1997,3,Adventure,Konami,"Adventure, Platform, RPG","Konami, Konami Computer Entertainment Tokyo",17.6,0.18679266,High (4+),74
Super Metroid,19-03-1994,4.3,2200,2200,11000,309,3000,907,1994,3,Adventure,Nintendo R&D1,"Adventure, Platform, Shooter","Nintendo R&D1, Nintendo",17.314,0.08244705,High (4+),75
Super Mario Bros.,13-09-1985,3.5,1500,1500,18000,59,733,237,1985,9,Adventure,Nintendo,"Adventure, Platform","Nintendo, Nintendo R&D4",19.5735,0.013165935,Medium (3-4),76
The Legend of Zelda: Majora's Mask,27-04-2000,4.4,2200,2200,13000,347,3900,1800,2000,4,Adventure,Nintendo,Adventure,"Nintendo, Nintendo EAD",22.45,0.138450888,High (4+),77
Star Wars Jedi: Fallen Order,15-11-2019,3.7,1400,1400,13000,740,3700,1300,2019,11,Adventure,Respawn Entertainment,Adventure,"Respawn Entertainment, Electronic Arts",21.15,0.099992308,Medium (3-4),78
The Last of Us,14-06-2013,4.2,2000,2000,17000,205,2000,1400,2013,6,Adventure,Naughty Dog,"Adventure, Shooter","Naughty Dog, Sony Computer Entertainment",22.8,0.082348097,High (4+),79
Terraria,16-05-2011,4,1300,1300,18000,673,2200,593,2011,5,Adventure,Re-Logic,"Adventure, Indie, Platform, RPG, Strategy","Re-Logic, Headup Games",22.486,0.032942614,Medium (3-4),80
Resident Evil 7: Biohazard,24-01-2017,3.9,1800,1800,13000,326,3100,1300,2017,1,Adventure,Capcom,"Adventure, Shooter",Capcom,20.25,0.099992308,Medium (3-4),81
Metal Gear Solid V: The Phantom Pain,01-09-2015,3.8,1500,1500,14000,503,4500,1200,2015,9,Adventure,Konami,"Adventure, Shooter, Tactical","Konami, Kojima Productions",23.15,0.085708164,Medium (3-4),82
Overwatch,24-05-2016,3.2,957,957,19000,436,411,214,2016,5,Shooter,Blizzard Entertainment,"Shooter, Strategy","Blizzard Entertainment, Square Enix",20.0445,0.011262565,Medium (3-4),83
Half-Life 2,16-11-2004,4.2,1700,1700,15000,257,3500,1000,2004,11,Shooter,Sierra Entertainment,Shooter,"Sierra Entertainment, Valve",22.25,0.066662223,High (4+),84
Fire Emblem: Three Houses,25-07-2019,4,1700,1700,12000,1100,3500,1500,2019,7,Adventure,"Intelligent Systems Co., Ltd.","Adventure, RPG, Strategy, Tactical, Turn Based Strategy","Intelligent Systems Co., Ltd., Nintendo",20.25,0.124989584,Medium (3-4),85
Grand Theft Auto: San Andreas,26-10-2004,4.1,1500,1500,19000,270,2400,742,2004,10,Adventure,Rockstar Games,"Adventure, Racing, Shooter","Rockstar Games, Rockstar North",24.084,0.039050576,High (4+),86
13 Sentinels: Aegis Rim,28-11-2019,4.4,1200,1200,3700,466,3300,2500,2019,11,Adventure,Vanillaware,"Adventure, Simulator, Strategy, Tactical","Vanillaware, Atlus USA",13.65,0.67549311,High (4+),87
Persona 3 FES,19-04-2007,4.1,1400,1400,8400,584,2900,1500,2007,4,RPG,Atlus,"RPG, Simulator, Visual Novel","Atlus, Atlus USA",15.75,0.178550173,High (4+),88
Devil May Cry,23-08-2001,3.5,1200,1200,10000,286,2500,1100,2001,8,Brawler,Capcom Production Studio 4,Brawler,"Capcom Production Studio 4, Capcom",15.95,0.109989001,Medium (3-4),89
Mario Kart 8 Deluxe,28-04-2017,4,1500,1500,19000,705,781,635,2017,4,Arcade,Nintendo of America,"Arcade, Racing","Nintendo of America, Nintendo EPD",21.4415,0.033419294,Medium (3-4),90
Fire Emblem Engage,20-01-2023,3.9,593,593,1600,874,929,1100,2023,1,Adventure,Nintendo,"Adventure, RPG, Strategy, Tactical, Turn Based Strategy","Nintendo, Intelligent Systems",5.1935,0.687070581,Medium (3-4),91
Pokémon Violet,18-11-2022,3.5,753,753,3400,868,747,750,2022,11,Adventure,Game Freak,"Adventure, RPG, Turn Based Strategy","Game Freak, Nintendo",6.0205,0.220523375,Medium (3-4),92
Hotline Miami,23-10-2012,4,1400,1400,14000,217,2400,928,2012,10,Arcade,Dennaton Games,"Arcade, Indie, Shooter","Dennaton Games, Devolver Digital",19.456,0.06628098,Medium (3-4),93
Pizza Tower,26-01-2023,4.5,363,363,1200,325,777,1300,2023,1,Indie,Tour De Pizza,"Indie, Platform",Tour De Pizza,4.9655,1.082431307,High (4+),94
Psychonauts 2,24-08-2021,4.2,1200,1200,4300,315,2800,2300,2021,8,Adventure,Xbox Game Studios,"Adventure, Platform","Xbox Game Studios, Double Fine Productions",13.1,0.534759358,High (4+),95
Metroid Prime Remastered,08-02-2023,4.5,372,372,1100,593,1100,1400,2023,2,Adventure,Nintendo,"Adventure, Platform, Shooter","Nintendo, Retro Studios",5.55,1.271571299,High (4+),96
Halo Infinite,15-11-2021,3.3,972,972,6400,632,1600,959,2021,11,Adventure,Xbox Game Studios,"Adventure, Shooter","Xbox Game Studios, 343 Industries",10.718,0.149820341,Medium (3-4),97
Batman: Arkham Asylum,25-08-2009,3.9,1400,1400,17000,232,2300,672,2009,8,Adventure,Eidos Interactive,"Adventure, Brawler","Eidos Interactive, Rocksteady Studios",21.794,0.039527087,Medium (3-4),98
Super Mario Sunshine,19-07-2002,3.7,1700,1700,14000,403,3300,1000,2002,7,Adventure,Nintendo EAD,"Adventure, Platform","Nintendo EAD, Nintendo",20.95,0.07142347,Medium (3-4),99
Mother 3,20-04-2006,4.5,1600,1600,5700,287,3600,1900,2006,4,RPG,HAL Laboratory,"RPG, Turn Based Strategy","HAL Laboratory, Nintendo",14.9,0.333274864,High (4+),100
MultiVersus,19-07-2022,2.8,480,480,5600,341,361,216,2022,7,Fighting,Player First Games,Fighting,"Player First Games, WB Games",6.5735,0.038564542,Low (<3),101
Xenoblade Chronicles: Definitive Edition,29-05-2020,4.3,1400,1400,7400,849,3600,1900,2020,5,RPG,Monolith Soft,RPG,"Monolith Soft, Nintendo",16.6,0.256722065,High (4+),102
Half-Life,19-11-1998,4,1300,1300,13000,322,2900,892,1998,11,Adventure,Sierra Entertainment,"Adventure, Puzzle, Shooter","Sierra Entertainment, Valve",19.134,0.068610107,Medium (3-4),103
Marvel's Guardians of the Galaxy,26-10-2021,3.8,1100,1100,5100,432,2100,1300,2021,10,Adventure,Square Enix,"Adventure, RPG, Shooter","Square Enix, Eidos Montréal",10.85,0.25485199,Medium (3-4),104
Danganronpa: Trigger Happy Havoc,25-11-2010,3.5,1000,1000,12000,311,1900,716,2010,11,Adventure,NIS America,"Adventure, Point-and-Click, Visual Novel","NIS America, Spike ChunSoft",16.282,0.059661695,Medium (3-4),105
Cult of the Lamb,11-08-2022,3.6,589,589,2800,546,1600,2100,2022,8,Adventure,Devolver Digital,"Adventure, Brawler, Indie, RPG, Simulator, Strategy","Devolver Digital, Massive Monster",9.4,0.749732238,Medium (3-4),106
Sonic Mania,15-08-2017,4,1300,1300,12000,399,3500,786,2017,8,Adventure,PagodaWest Games,"Adventure, Platform","PagodaWest Games, Sega",18.822,0.065494542,Medium (3-4),107
Horizon Zero Dawn,28-02-2017,3.6,1200,1200,13000,689,4000,1400,2017,2,Adventure,Guerrilla Games,"Adventure, RPG, Shooter","Guerrilla Games, Sony Interactive Entertainment",21.8,0.107684024,Medium (3-4),108
Left 4 Dead 2,17-11-2009,3.9,1100,1100,19000,279,1500,358,2009,11,Shooter,Turtle Rock Studios,Shooter,"Turtle Rock Studios, Valve",21.966,0.018841114,Medium (3-4),109
League of Legends,27-10-2009,2.1,484,484,13000,1200,324,52,2009,10,MOBA,GOA Games Services Ltd.,"MOBA, RPG, Strategy","GOA Games Services Ltd., Riot Games",13.59,0.003999692,Low (<3),110
Control,27-08-2019,3.6,1300,1300,9600,591,5200,1300,2019,8,Adventure,505 Games,"Adventure, Shooter","505 Games, Remedy Entertainment",20,0.135402562,Medium (3-4),111
Doki Doki Literature Club!,22-09-2017,3.3,783,783,14000,131,1500,460,2017,9,Adventure,Team Salvato,"Adventure, Indie, Visual Novel",Team Salvato,17.17,0.032854796,Medium (3-4),112
Batman: Arkham City,18-10-2011,4.1,1600,1600,16000,192,2700,651,2011,10,Adventure,DC Entertainment,"Adventure, Brawler","DC Entertainment, Rocksteady Studios",21.352,0.040684957,High (4+),113
Yakuza Kiwami,21-01-2016,3.7,1200,1200,9700,439,3400,1000,2016,1,Adventure,Sega,"Adventure, Brawler, RPG","Sega, Ryū Ga Gotoku Studios",16.8,0.103082156,Medium (3-4),114
Phoenix Wright: Ace Attorney,15-09-2005,4.1,1300,1300,12000,418,1900,1000,2005,9,Adventure,Nintendo Australia,"Adventure, Point-and-Click, Puzzle, Visual Novel","Nintendo Australia, Capcom",16.85,0.083326389,High (4+),115
Team Fortress 2,09-10-2007,3.9,955,955,16000,505,532,158,2007,10,Shooter,Electronic Arts,Shooter,"Electronic Arts, Valve",17.114,0.009874383,Medium (3-4),116
Xenoblade Chronicles 2,01-12-2017,3.9,1400,1400,7400,453,2700,1500,2017,12,Adventure,Monolith Soft,"Adventure, RPG","Monolith Soft, Nintendo",14.45,0.202675314,Medium (3-4),117
Splatoon 3,09-09-2022,4.1,840,840,3500,1000,632,1100,2022,9,Platform,Nintendo,"Platform, Shooter",Nintendo,6.648,0.314195944,High (4+),118
Chrome Dino,01-09-2014,3.5,124,124,14000,122,197,35,2014,9,Arcade,Google,Arcade,Google,14.3655,0.002499821,Medium (3-4),119
Katana Zero,18-04-2019,4.1,1100,1100,9300,189,2100,1500,2019,4,Adventure,Askiisoft,"Adventure, Arcade, Indie, Platform, Strategy","Askiisoft, Devolver Digital",15.45,0.161272981,High (4+),120
Life is Strange,29-01-2015,3.4,1400,1400,15000,209,2100,817,2015,1,Adventure,DON'T NOD,"Adventure, RPG","DON'T NOD, Square Enix",19.784,0.054463036,Medium (3-4),121
Dark Souls II: Scholar of the First Sin,02-04-2015,3.5,988,988,11000,443,2700,994,2015,4,Adventure,Bandai Namco Entertainment,"Adventure, RPG","Bandai Namco Entertainment, FromSoftware",17.038,0.090355422,Medium (3-4),122
Deathloop,14-09-2021,3.5,897,897,4200,389,2400,1900,2021,9,Adventure,Bethesda Softworks,"Adventure, Shooter","Bethesda Softworks, Arkane Studios",11.6,0.452273268,Medium (3-4),123
Shadow of the Colossus,18-10-2005,4.4,1500,1500,10000,134,2900,1700,2005,10,Adventure,"Sony Computer Entertainment, Inc. (SCEI)","Adventure, Platform, Puzzle","Sony Computer Entertainment, Inc. (SCEI), Team Ico",17.75,0.169983002,High (4+),124
Teenage Mutant Ninja Turtles: Shredder's Revenge,16-06-2022,3.8,880,880,3500,226,875,829,2022,6,Arcade,DotEmu,"Arcade, Brawler, Indie","DotEmu, Tribute Games",6.4705,0.236789489,Medium (3-4),125
Sifu,08-02-2022,3.8,633,633,2700,283,1700,2300,2022,2,Brawler,Sloclap,"Brawler, Indie","Sloclap, Kepler Interactive",9.85,0.851536468,Medium (3-4),126
Super Mario Bros. 3,23-10-1988,4,1600,1600,14000,109,1400,362,1988,10,Platform,Nintendo R&D4,Platform,"Nintendo R&D4, Nintendo",16.824,0.025855296,Medium (3-4),127
Dishonored,09-10-2012,3.9,1100,1100,14000,268,3100,866,2012,10,Adventure,Arkane Studios,"Adventure, RPG","Arkane Studios, Bethesda Softworks",20.382,0.061852725,Medium (3-4),128
Metal Gear Solid 3: Snake Eater,17-11-2004,4.5,1500,1500,9200,118,2400,1300,2004,11,Adventure,Konami Computer Entertainment Japan,"Adventure, Shooter, Tactical","Konami Computer Entertainment Japan, Konami",15.4,0.14128899,High (4+),129
Journey,13-03-2012,3.9,1500,1500,12000,94,2700,1700,2012,3,Adventure,Sony Computer Entertainment,"Adventure, Platform","Sony Computer Entertainment, ThatGameCompany",19.45,0.141654862,Medium (3-4),130
Kingdom Hearts,28-03-2002,3.6,1300,1300,12000,266,2100,1000,2002,3,Adventure,Square,"Adventure, RPG","Square, Disney Interactive Studios",17.15,0.083326389,Medium (3-4),131
Titanfall 2,28-10-2016,4.1,1300,1300,12000,163,2100,656,2016,10,Adventure,Respawn Entertainment,"Adventure, Shooter","Respawn Entertainment, Electronic Arts",16.462,0.054662111,High (4+),132
Live A Live,22-07-2022,4.1,555,555,1100,235,1700,1900,2022,7,RPG,Square Enix,RPG,Square Enix,7.45,1.725703906,High (4+),133
The Last of Us Remastered,26-07-2014,4.3,1100,1100,12000,258,1800,682,2014,7,Adventure,Naughty Dog,"Adventure, Shooter","Naughty Dog, Sony Computer Entertainment",16.064,0.056828598,High (4+),134
Sonic the Hedgehog,23-06-1991,3.1,1100,1100,12000,60,804,243,1991,6,Platform,Sonic Team,Platform,"Sonic Team, Sega",13.692,0.020248313,Medium (3-4),135
Rocket League,06-07-2015,3.4,917,917,17000,564,698,113,2015,7,Indie,Psyonix,"Indie, Racing, Sport",Psyonix,18.273,0.006646668,Medium (3-4),136
Batman: Arkham Knight,23-06-2015,3.7,1200,1200,13000,279,3400,757,2015,6,Adventure,Rocksteady Studios,"Adventure, Brawler","Rocksteady Studios, Warner Bros. Interactive Entertainment",19.614,0.05822629,Medium (3-4),137
Bayonetta 3,28-10-2022,3.7,690,690,1600,235,1600,2200,2022,10,Brawler,PlatinumGames,Brawler,"PlatinumGames, Nintendo",8.4,1.374141162,Medium (3-4),138
Disco Elysium,15-10-2019,4.6,1100,1100,4000,478,2800,1900,2019,10,Adventure,ZA/UM,"Adventure, RPG, Turn Based Strategy",ZA/UM,12,0.47488128,High (4+),139
Guilty Gear: Strive,11-06-2021,3.9,810,810,5500,713,805,1200,2021,6,Fighting,Bandai Namco Studios,Fighting,"Bandai Namco Studios, Arc System Works",9.1075,0.218142156,Medium (3-4),140
Wii Sports,19-11-2006,3.7,775,775,18000,39,320,93,2006,11,Simulator,Nintendo,"Simulator, Sport","Nintendo, Nintendo EAD Group No. 2",18.666,0.00516638,Medium (3-4),141
Hogwarts Legacy,10-02-2023,3.5,474,474,1400,766,686,1600,2023,2,Adventure,Portkey Games,"Adventure, RPG","Portkey Games, Avalanche Software",5.629,1.142041399,Medium (3-4),142
Mario Kart Wii,10-04-2008,3.9,1000,1000,19000,88,461,168,2008,4,Racing,Nintendo,Racing,"Nintendo, Nintendo EAD",20.0275,0.00884164,Medium (3-4),143
Resident Evil 3,03-04-2020,3.2,1300,1300,8400,157,2400,1600,2020,4,Adventure,K2,"Adventure, Shooter","K2, Capcom",15.2,0.190453517,Medium (3-4),144
Unpacking,02-11-2021,3.6,751,751,4900,216,996,1300,2021,11,Indie,Witch Beam,"Indie, Point-and-Click, Puzzle, Simulator","Witch Beam, Humble Games",8.994,0.265251989,Medium (3-4),145
Red Dead Redemption,18-05-2010,4.2,1500,1500,13000,218,2400,1600,2010,5,Adventure,Rockstar Games,"Adventure, RPG, Shooter","Rockstar Games, Rockstar North",19.8,0.123067456,High (4+),146
Tales of Arise,10-09-2021,3.6,650,650,3100,571,2300,1900,2021,9,Adventure,Bandai Namco Entertainment,"Adventure, RPG","Bandai Namco Entertainment, Bandai Namco Studios",10.35,0.612705579,Medium (3-4),147
Deltarune: Chapter 1,31-10-2018,3.9,591,591,11000,107,1800,729,2018,10,Adventure,08-Apr,"Adventure, Indie, RPG, Turn Based Strategy","8-4, tobyfox",15.158,0.066266703,Medium (3-4),148
Dead Space,27-01-2023,4.3,501,501,1300,248,985,1900,2023,1,Adventure,Motive Studios,"Adventure, RPG, Shooter","Motive Studios, Electronic Arts",6.5775,1.460415065,High (4+),149
Tomb Raider,04-03-2013,3.5,896,896,15000,175,2700,508,2013,3,Adventure,Square Enix,"Adventure, Platform, Puzzle, Shooter","Square Enix, Crystal Dynamics",20.066,0.033864409,Medium (3-4),150
Super Mario Galaxy 2,23-05-2010,4.3,1800,1800,13000,123,2500,1300,2010,5,Adventure,Nintendo EAD,"Adventure, Platform","Nintendo EAD, Nintendo",19.35,0.099992308,High (4+),151
Donkey Kong Country,18-11-1994,3.9,1300,1300,11000,186,1900,514,1994,11,Adventure,Rare,"Adventure, Platform",Rare,14.878,0.046723025,Medium (3-4),152
What Remains of Edith Finch,24-04-2017,4,1400,1400,8600,61,2200,1300,2017,4,Adventure,Annapurna Interactive,"Adventure, Indie, Puzzle","Annapurna Interactive, Giant Sparrow",14.5,0.151145216,Medium (3-4),153
Monster Hunter Rise,26-03-2021,4,789,789,5700,1100,1800,1300,2021,3,Adventure,Capcom,"Adventure, Brawler, RPG","Capcom, Capcom Development Division 2",11,0.22803017,Medium (3-4),154
Pokémon Emerald,16-09-2004,4,1200,1200,16000,219,1000,376,2004,9,Adventure,Nintendo,"Adventure, RPG, Turn Based Strategy","Nintendo, Game Freak",18.252,0.023498531,Medium (3-4),155
NEO: The World Ends with You,26-07-2021,4.2,725,725,2500,357,2400,2000,2021,7,Brawler,Square Enix,"Brawler, RPG",Square Enix,10.1,0.799680128,High (4+),156
Assassin's Creed II,17-11-2009,3.8,1300,1300,16000,140,1500,521,2009,11,Adventure,Ubisoft Montreal,"Adventure, Platform","Ubisoft Montreal, Ubisoft Entertainment",19.292,0.032560465,Medium (3-4),157
Pokémon Scarlet,18-11-2022,3.5,596,596,2600,580,489,496,2022,11,Adventure,Nintendo,"Adventure, RPG, Turn Based Strategy","Nintendo, Game Freak",4.3255,0.190695886,Medium (3-4),158
New Super Mario Bros.,15-05-2006,3.5,991,991,16000,108,824,287,2006,5,Adventure,Nintendo,"Adventure, Platform",Nintendo,17.81,0.017936379,Medium (3-4),159
Horizon Forbidden West,18-02-2022,3.8,830,830,2700,561,2100,2300,2022,2,Adventure,Guerrilla Games,"Adventure, RPG","Guerrilla Games, Sony Interactive Entertainment",10.45,0.851536468,Medium (3-4),160
Detroit: Become Human,25-05-2018,3.5,1000,1000,11000,216,2200,1300,2018,5,Adventure,Quantic Dream,"Adventure, Puzzle","Quantic Dream, Sony Interactive Entertainment",16.9,0.118171075,Medium (3-4),161
Final Fantasy XV,29-11-2016,3.3,1100,1100,11000,374,3200,1100,2016,11,Adventure,Square Enix,"Adventure, RPG",Square Enix,18,0.09999091,Medium (3-4),162
Persona 5 Strikers,20-02-2020,3.7,993,993,5100,779,3600,1600,2020,2,Adventure,Omega Force,"Adventure, Brawler, RPG","Omega Force, Sega",13.7,0.313663987,Medium (3-4),163
Limbo,21-07-2010,3.5,965,965,13000,129,2200,852,2010,7,Adventure,Microsoft Game Studios,"Adventure, Indie, Platform, Puzzle","Microsoft Game Studios, Playdead",18.004,0.065533421,Medium (3-4),164
Pokémon Platinum,13-09-2008,4.1,1400,1400,14000,254,1300,461,2008,9,Adventure,Nintendo,"Adventure, RPG, Turn Based Strategy","Nintendo, Game Freak",16.872,0.03292622,High (4+),165
Stranger of Paradise: Final Fantasy Origin,18-03-2022,3.6,607,607,1600,180,1300,1400,2022,3,Adventure,Team NINJA,"Adventure, RPG","Team NINJA, Square Enix",6.35,0.874453467,Medium (3-4),166
Killer7,09-06-2005,4.3,1200,1200,2800,237,2500,1300,2005,6,Adventure,Capcom,"Adventure, Shooter","Capcom, Grasshopper Manufacture",9.15,0.464119957,High (4+),167
Grand Theft Auto IV,29-04-2008,3.8,1100,1100,14000,258,1900,721,2008,4,Adventure,Rockstar North,"Adventure, Racing, Shooter","Rockstar North, Rockstar Games",18.292,0.051496322,Medium (3-4),168
Metroid: Zero Mission,09-02-2004,4,1200,1200,7500,148,1500,700,2004,2,Adventure,Nintendo R&D1,"Adventure, Platform, Shooter","Nintendo R&D1, Nintendo",11.15,0.093320891,Medium (3-4),169
Final Fantasy X,19-07-2001,4.1,1500,1500,8500,330,2900,990,2001,7,Adventure,Square Electronic Arts,"Adventure, RPG","Square Electronic Arts, Square",14.83,0.116456887,High (4+),170
Danganronpa 2: Goodbye Despair,26-07-2012,3.9,972,972,9900,288,1800,605,2012,7,Adventure,NIS America,"Adventure, Point-and-Click, Visual Novel","NIS America, Spike ChunSoft",13.81,0.061104939,Medium (3-4),171
Final Fantasy IX,07-07-2000,4.3,1600,1600,6800,350,3600,1200,2000,7,RPG,Square,"RPG, Turn Based Strategy","Square, Square Electronic Arts",14.6,0.17644464,High (4+),172
Halo 3,25-09-2007,4.2,1600,1600,12000,101,1500,528,2007,9,Shooter,Bungie,Shooter,"Bungie, Microsoft Game Studios",15.306,0.043996334,High (4+),173
Metroid Fusion,17-11-2002,4,1300,1300,7900,146,2000,799,2002,11,Adventure,Nintendo,"Adventure, Platform, Shooter","Nintendo, Nintendo R&D1",12.498,0.10112644,Medium (3-4),174
Final Fantasy VI,02-04-1994,4.4,1600,1600,6100,312,3300,1300,1994,4,Adventure,Square Enix,"Adventure, RPG","Square Enix, Square",13.65,0.213079823,High (4+),175
VA-11 Hall-A: Cyberpunk Bartender Action,21-06-2016,4.1,940,940,5400,469,2800,1500,2016,6,Adventure,Ysbryd Games,"Adventure, Indie, Simulator, Visual Novel","Ysbryd Games, SUKEBAN",12.6,0.277726347,High (4+),176
Dead Cells,06-08-2018,3.8,802,802,9200,737,2800,1400,2018,8,Adventure,Motion Twin,"Adventure, Indie, Platform",Motion Twin,16.2,0.152157374,Medium (3-4),177
Far Cry 3,28-11-2012,3.7,983,983,14000,188,1900,660,2012,11,Adventure,Ubisoft Entertainment,"Adventure, Shooter","Ubisoft Entertainment, Ubisoft Montreal",18.17,0.04713949,Medium (3-4),178
The Stanley Parable: Ultra Deluxe,27-04-2022,4.1,592,592,3200,141,1100,1300,2022,4,Adventure,Crows Crows Crows,"Adventure, Simulator",Crows Crows Crows,7.45,0.406123087,High (4+),179
SuperHot,25-02-2016,3.7,835,835,12000,95,1700,842,2016,2,Fighting,IMGN.PRO,"Fighting, Indie, Puzzle, Shooter, Tactical","IMGN.PRO, SUPERHOT Team",16.234,0.07016082,Medium (3-4),180
Plants vs. Zombies,05-05-2009,3.7,719,719,14000,117,493,82,2009,5,Puzzle,PopCap Games,"Puzzle, Real Time Strategy, Simulator, Strategy, Tactical",PopCap Games,14.9035,0.005856725,Medium (3-4),181
Ori and the Blind Forest,11-03-2015,3.9,780,780,7900,260,2900,1400,2015,3,Adventure,Moon Studios,"Adventure, Platform, Puzzle","Moon Studios, Microsoft Studios",15.05,0.17719276,Medium (3-4),182
Demon's Souls,12-11-2020,3.9,880,880,4100,403,2400,2100,2020,11,Adventure,Bluepoint Games,"Adventure, RPG","Bluepoint Games, Sony Interactive Entertainment",11.9,0.512070227,Medium (3-4),183
A Plague Tale: Innocence,14-05-2019,3.7,852,852,5400,202,2600,1000,2019,5,Adventure,Focus Entertainment,"Adventure, RPG","Focus Entertainment, Asobo Studio",11.3,0.185150898,Medium (3-4),184
The Legend of Zelda: Link's Awakening,20-09-2019,3.9,1100,1100,7600,387,2800,2000,2019,9,Adventure,Nintendo,Adventure,"Nintendo, Grezzo",15.8,0.263123273,Medium (3-4),185
Assassin's Creed,13-11-2007,2.9,801,801,13000,118,1200,496,2007,11,Adventure,Ubisoft Montreal,"Adventure, Platform","Ubisoft Montreal, Ubisoft Entertainment",15.792,0.038150911,Low (<3),186
Judgment,13-12-2018,4.1,890,890,3100,358,2300,1600,2018,12,Adventure,Sega Games,"Adventure, RPG","Sega Games, Ryu ga Gotoku Studios",9.75,0.515962593,High (4+),187
Call of Duty: Black Ops,09-11-2010,3.7,920,920,14000,44,611,318,2010,11,Shooter,Activision,Shooter,"Activision, Treyarch",15.5525,0.022712663,Medium (3-4),188
Ratchet & Clank: Rift Apart,11-06-2021,4,906,906,3700,218,1500,1700,2021,6,Adventure,Sony Interactive Entertainment,"Adventure, Platform, Shooter","Sony Interactive Entertainment, Insomniac Games",9.35,0.459335315,Medium (3-4),189
Pokémon Black,18-09-2010,4,1000,1000,12000,186,1100,461,2010,9,Adventure,Nintendo,"Adventure, RPG, Turn Based Strategy","Nintendo, Game Freak",14.572,0.038413466,Medium (3-4),190
The Stanley Parable,17-10-2013,3.8,767,767,10000,46,1300,833,2013,10,Adventure,Galactic Cafe,"Adventure, Indie",Galactic Cafe,13.616,0.083291671,Medium (3-4),191
The Legend of Zelda,21-02-1986,3.2,1200,1200,9300,132,1500,463,1986,2,Adventure,Nintendo EAD,Adventure,"Nintendo EAD, Nintendo",12.476,0.049779594,Medium (3-4),192
AI: The Somnium Files - Nirvana Initiative,23-06-2022,3.9,455,455,1500,139,835,811,2022,6,Adventure,Spike ChunSoft,"Adventure, Puzzle, Visual Novel",Spike ChunSoft,4.3745,0.540306462,Medium (3-4),193
Ghost Trick: Phantom Detective,19-06-2010,4.4,830,830,3600,149,1800,1200,2010,6,Adventure,Capcom,"Adventure, Puzzle",Capcom,8.7,0.333240766,High (4+),194
Dragon Quest XI S: Echoes of an Elusive Age - Definitive Edition,27-09-2019,4.2,880,880,4700,748,3100,1200,2019,9,Adventure,Square Enix,"Adventure, RPG",Square Enix,11.75,0.255264837,High (4+),195
Paper Mario: The Thousand-Year Door,22-07-2004,4.4,1300,1300,6700,187,2900,1500,2004,7,Adventure,Nintendo,"Adventure, RPG, Turn Based Strategy","Nintendo, Intelligent Systems Co., Ltd.",14.05,0.223847187,High (4+),196
God of War II,13-03-2007,4,936,936,9300,89,1300,687,2007,3,Adventure,"Sony Computer Entertainment, Inc. (SCEI)","Adventure, Brawler, Platform","Sony Computer Entertainment, Inc. (SCEI), SIE Santa Monica Studio",12.624,0.073863025,Medium (3-4),197
Mass Effect 2,26-01-2010,4.3,1300,1300,9600,107,1900,645,2010,1,Adventure,BioWare,"Adventure, RPG, Shooter","BioWare, Electronic Arts",13.74,0.067180502,High (4+),198
Forza Horizon 5,09-11-2021,3.8,589,589,4600,589,712,594,2021,11,Racing,Playground Games,Racing,"Playground Games, Xbox Game Studios",6.856,0.129102369,Medium (3-4),199
Metal Gear Solid V: Ground Zeroes,18-03-2014,3.3,650,650,9500,53,1700,549,2014,3,Adventure,Konami,"Adventure, RPG, Shooter, Strategy","Konami, Kojima Productions",13.148,0.057783391,Medium (3-4),200
No More Heroes III,27-08-2021,3.9,604,604,1600,109,1500,1400,2021,8,Brawler,Grasshopper Manufacture,Brawler,Grasshopper Manufacture,6.65,0.874453467,Medium (3-4),201
Banjo-Kazooie,29-06-1998,4,1200,1200,7400,205,2100,765,1998,6,Adventure,Microsoft Game Studios,"Adventure, Platform","Microsoft Game Studios, Rare",12.08,0.10336441,Medium (3-4),202
Astro's Playroom,12-11-2020,4,914,914,5700,82,358,249,2020,11,Adventure,SIE Japan Studio,"Adventure, Platform","SIE Japan Studio, Sony Interactive Entertainment",6.735,0.043676548,Medium (3-4),203
Call of Duty: Black Ops II,12-11-2012,3.8,903,903,13000,57,626,286,2012,11,Shooter,Treyarch,Shooter,"Treyarch, Activision",14.511,0.021998308,Medium (3-4),204
The Legend of Zelda: Skyward Sword HD,16-07-2021,3.8,639,639,3700,444,2300,1300,2021,7,Adventure,Nintendo,"Adventure, RPG","Nintendo, Nintendo EAD Software Development Group No.3",9.75,0.351256417,Medium (3-4),205
Mega Man X,17-12-1993,4.1,1200,1200,6900,76,1100,385,1993,12,Adventure,Rozner Labs Software Group,"Adventure, Platform, Shooter","Rozner Labs Software Group, Nintendo",9.32,0.055789016,High (4+),206
Subnautica,23-01-2018,3.8,712,712,7200,335,2900,944,2018,1,Adventure,Gearbox Publishing,"Adventure, Indie","Gearbox Publishing, Unknown Worlds Entertainment",13.438,0.131092904,Medium (3-4),207
Returnal,30-04-2021,4,725,725,2400,430,1800,1600,2021,4,Shooter,Housemarque,Shooter,"Housemarque, Sony Interactive Entertainment",8.3,0.666389005,Medium (3-4),208
New Super Mario Bros. Wii,12-11-2009,3.5,859,859,13000,85,696,241,2009,11,Adventure,Nintendo,"Adventure, Platform","Nintendo, Nintendo EAD",14.526,0.018537036,Medium (3-4),209
Citizen Sleeper,05-05-2022,4.1,492,492,1200,131,916,804,2022,5,Adventure,Fellow Traveller,"Adventure, Indie, RPG","Fellow Traveller, Jump Over The Age",4.182,0.669442132,High (4+),210
Yakuza 3 Remastered,09-08-2018,3.3,755,755,4300,235,2300,904,2018,8,Adventure,Ryū Ga Gotoku Studios,"Adventure, RPG, Simulator",Ryū Ga Gotoku Studios,9.558,0.210183678,Medium (3-4),211
Garry's Mod,24-12-2004,3.8,478,478,12000,198,543,242,2004,12,Indie,Facepunch Studios,"Indie, Simulator","Facepunch Studios, Valve",13.2985,0.020164986,Medium (3-4),212
Wolfenstein: The New Order,20-05-2014,3.6,794,794,8400,149,2200,722,2014,5,Adventure,MachineGames,"Adventure, Shooter","MachineGames, Bethesda Softworks",13.144,0.08594215,Medium (3-4),213
Deus Ex,26-06-2000,4.4,899,899,3800,189,2700,958,2000,6,RPG,Aspyr Media,"RPG, Shooter","Aspyr Media, Ion Storm",9.766,0.252038937,High (4+),214
BioShock 2,09-02-2010,3.6,687,687,9100,103,3300,691,2010,2,Adventure,2K Marin,"Adventure, RPG, Shooter","2K Marin, 2K Games",15.432,0.075925722,Medium (3-4),215
Soul Hackers 2,25-08-2022,3.1,337,337,750,228,932,1100,2022,8,RPG,Sega,RPG,"Sega, Atlus",4.348,1.464713715,Medium (3-4),216
Enter the Gungeon,05-04-2016,3.6,632,632,8900,403,2400,441,2016,4,Adventure,Dodge Roll,"Adventure, Arcade, Indie, Shooter","Dodge Roll, Devolver Digital",13.382,0.049544995,Medium (3-4),217
The House in Fata Morgana,27-12-2012,4.4,544,544,1700,250,1500,1300,2012,12,Adventure,Dramatic Create,"Adventure, Indie, Visual Novel","Dramatic Create, NOVECT",6.55,0.76425632,High (4+),218
Shovel Knight,26-06-2014,4,761,761,8500,135,1900,1200,2014,6,Adventure,Yacht Club Games,"Adventure, Indie, Platform",Yacht Club Games,13.75,0.141159864,Medium (3-4),219
Firewatch,09-02-2016,3.7,926,926,7800,99,1600,1200,2016,2,Adventure,Panic,"Adventure, Indie","Panic, Campo Santo",12.6,0.153826433,Medium (3-4),220
Dark Souls II,11-03-2014,3.3,815,815,6700,128,1400,834,2014,3,Adventure,FromSoftware,"Adventure, RPG","FromSoftware, Bandai Namco Entertainment",10.468,0.124459036,Medium (3-4),221
Blasphemous,10-09-2019,3.7,647,647,4200,399,2600,1000,2019,9,Adventure,The Game Kitchen,"Adventure, Brawler, Indie, Platform, RPG","The Game Kitchen, Team17",10.1,0.238038562,Medium (3-4),222
Final Fantasy XIV Online,27-08-2013,3.7,643,643,5900,1100,818,363,2013,8,Adventure,Square Enix,"Adventure, RPG, Strategy",Square Enix,7.853,0.061514997,Medium (3-4),223
Immortality,30-08-2022,3.9,461,461,1200,95,587,564,2022,8,Indie,Half Mermaid,"Indie, Point-and-Click, Simulator",Half Mermaid,3.2085,0.469608659,Medium (3-4),224
Resident Evil 6,02-10-2012,2.5,888,888,7800,189,1800,552,2012,10,Adventure,Capcom,"Adventure, Shooter",Capcom,11.604,0.070760159,Low (<3),225
Devil May Cry 3: Dante's Awakening,17-02-2005,4.2,909,909,6100,116,1600,648,2005,2,Adventure,Capcom,"Adventure, Brawler, Shooter","Capcom, Capcom Production Studio 1",9.796,0.106212096,High (4+),226
The Last of Us Part I,01-09-2022,4.4,395,395,1400,131,678,1100,2022,9,Adventure,Sony Interactive Entertainment,"Adventure, Shooter","Sony Interactive Entertainment, Naughty Dog",4.617,0.785153462,High (4+),227
Super Meat Boy,20-10-2010,3.5,605,605,10000,153,1800,501,2010,10,Adventure,BlitWorks,"Adventure, Indie, Platform","BlitWorks, Team Meat",13.702,0.050094991,Medium (3-4),228
Mass Effect Legendary Edition,14-05-2021,4.5,581,581,2800,596,2400,930,2021,5,Adventure,BioWare,"Adventure, RPG, Shooter, Strategy","BioWare, EA",8.26,0.332024277,High (4+),229
Helltaker,11-05-2020,3.3,419,419,7500,59,1100,445,2020,5,Adventure,Vanripper,"Adventure, Indie, Puzzle",Vanripper,10.04,0.059325423,Medium (3-4),230
Pokémon Sword,15-11-2019,2.9,837,837,9700,301,924,500,2019,11,Adventure,Game Freak,"Adventure, RPG","Game Freak, Nintendo",12.086,0.051541078,Low (<3),231
Crash Bandicoot N. Sane Trilogy,30-06-2017,3.8,654,654,7700,364,2600,986,2017,6,Adventure,Activision,"Adventure, Platform","Activision, Vicarious Visions",13.572,0.12803532,Medium (3-4),232
Tetris,01-11-1989,4.1,688,688,9600,54,175,66,1989,11,Arcade,Nintendo,"Arcade, Puzzle",Nintendo,9.9945,0.006874284,High (4+),233
Valorant,02-06-2020,2.5,291,291,8200,650,291,110,2020,6,Shooter,Riot Games,"Shooter, Tactical",Riot Games,8.8565,0.013412998,Low (<3),234
Super Mario 3D World,21-11-2013,3.9,1100,1100,9600,93,787,432,2013,11,Adventure,Nintendo,"Adventure, Platform",Nintendo,11.6445,0.044995313,Medium (3-4),235
Uncharted 3: Drake's Deception,01-11-2011,3.6,941,941,11000,60,1500,477,2011,11,Adventure,Naughty Dog,"Adventure, Platform, Shooter","Naughty Dog, Sony Computer Entertainment, Inc. (SCEI)",14.204,0.043359695,Medium (3-4),236
Phoenix Wright: Ace Attorney - Trials and Tribulations,31-03-2006,4.4,995,995,6600,172,1600,623,2006,3,Adventure,Capcom,"Adventure, Visual Novel",Capcom,10.246,0.094379639,High (4+),237
Yume Nikki,26-06-2004,4,770,770,4000,155,1600,771,2004,6,Adventure,Kikiyama,"Adventure, Indie","Kikiyama, DeNA Co., Ltd.",7.942,0.192701825,Medium (3-4),238
Max Payne,23-07-2001,3.9,786,786,6300,102,1500,742,2001,7,Shooter,Gathering of Developers,Shooter,"Gathering of Developers, Remedy Entertainment",10.034,0.117759086,Medium (3-4),239
Five Nights at Freddy's,08-08-2014,2.9,460,460,8400,46,393,166,2014,8,Adventure,Clickteam,"Adventure, Indie, Point-and-Click, Simulator, Strategy","Clickteam, Scottgames",9.3215,0.019759552,Low (<3),240
Donkey Kong Country 2: Diddy's Kong Quest,21-11-1995,4.2,1200,1200,6600,115,1600,455,1995,11,Adventure,Nintendo,"Adventure, Platform","Nintendo, Rare",9.91,0.06892895,High (4+),241
Pokémon White,18-09-2010,4.1,814,814,9000,115,705,270,2010,9,Adventure,Nintendo,"Adventure, RPG, Turn Based Strategy","Nintendo, Game Freak",10.5975,0.029996667,High (4+),242
Outlast,04-09-2013,3.3,547,547,7500,90,1400,401,2013,9,Adventure,Red Barrels,"Adventure, Indie",Red Barrels,10.402,0.053459539,Medium (3-4),243
Hitman 3,20-01-2021,4.1,702,702,3300,242,1500,1200,2021,1,Adventure,IO Interactive,"Adventure, Shooter, Tactical",IO Interactive,7.95,0.363526204,High (4+),244
Sable,23-09-2021,3.5,433,433,1300,165,1400,1100,2021,9,Adventure,Raw Fury,"Adventure, Indie, Platform, Puzzle, RPG","Raw Fury, Shedworks",5.6,0.845503459,Medium (3-4),245
Super Smash Bros. for Wii U,21-11-2014,3.5,684,684,11000,17,240,110,2014,11,Fighting,Sora,"Fighting, Platform","Sora, Nintendo",11.58,0.009999091,Medium (3-4),246
Kirby's Adventure,23-03-1993,3.6,718,718,6000,61,690,217,1993,3,Platform,HAL Laboratory,Platform,"HAL Laboratory, Nintendo",7.469,0.03616064,Medium (3-4),247
Tekken 7,18-02-2015,3.8,663,663,6600,247,670,354,2015,2,Fighting,Bandai Namco Entertainment,Fighting,"Bandai Namco Entertainment, Bandai Namco Studios",8.313,0.053628238,Medium (3-4),248
Umineko: When They Cry Chiru,15-09-2009,4.6,324,324,1700,108,582,493,2009,9,Adventure,07th Expansion,"Adventure, Visual Novel",07th Expansion,3.559,0.289829512,High (4+),249
Kingdom Hearts II Final Mix,29-03-2007,4.5,704,704,4400,92,732,274,2007,3,Adventure,Buena Vista Games,"Adventure, Brawler, Platform, RPG, Shooter","Buena Vista Games, Square Enix",6.046,0.062258578,High (4+),250
Superliminal,12-11-2019,3.6,487,487,3800,76,1000,917,2019,11,Adventure,Pillow Castle Games,"Adventure, Indie, Puzzle, Shooter",Pillow Castle Games,7.134,0.241252302,Medium (3-4),251
Death Stranding: Director's Cut,24-09-2021,4.2,334,334,1300,382,1500,704,2021,9,Adventure,Kojima Productions,Adventure,"Kojima Productions, 505 Games",4.958,0.541122214,High (4+),252
Persona 4,10-07-2008,4,815,815,5700,158,1000,599,2008,7,RPG,Atlus,"RPG, Simulator, Visual Novel","Atlus, NIS America",8.398,0.105069286,Medium (3-4),253
Wordle,21-06-2021,3.2,118,118,3000,125,26,5,2021,6,Puzzle,Josh Wardle,"Puzzle, Quiz/Trivia","Josh Wardle, The New York Times",3.049,0.001666111,Medium (3-4),254
The Sims 4,02-09-2014,3,458,458,8300,434,667,110,2014,9,RPG,Electronic Arts,"RPG, Simulator","Electronic Arts, The Sims Studio",9.5205,0.013251415,Low (<3),255
Far Cry 4,18-11-2014,3.2,558,558,8500,90,1300,442,2014,11,Adventure,Ubisoft Montreal,"Adventure, Shooter, Tactical",Ubisoft Montreal,11.334,0.051993883,Medium (3-4),256
Sonic Forces,07-11-2017,1.9,650,650,5000,42,723,212,2017,11,Adventure,Sega,"Adventure, Platform, Strategy","Sega, Sonic Team",6.5085,0.042391522,Low (<3),257
To the Moon,01-11-2011,3.9,671,671,4700,66,1600,925,2011,11,Adventure,Freebird Games,"Adventure, Indie, Point-and-Click, Puzzle, RPG","Freebird Games, X.D. Network Inc.",8.95,0.196766645,Medium (3-4),258
Baba is You,13-03-2019,4,545,545,4600,537,2000,1200,2019,3,Indie,hempuli,"Indie, Puzzle, Strategy",hempuli,10,0.260812867,Medium (3-4),259
The Witcher 3: Wild Hunt - Game of the Year Edition,29-08-2016,4.5,475,475,6000,410,2100,467,2016,8,Adventure,CD Projekt RED,"Adventure, RPG","CD Projekt RED, CD Projekt",10.084,0.077820363,High (4+),260
Super Smash Bros.,21-01-1999,3.4,688,688,9800,20,279,207,1999,1,Fighting,Nintendo,"Fighting, Platform","Nintendo, HAL Laboratory",10.6325,0.021120294,Medium (3-4),261
Super Mario 64 DS,21-11-2004,3.6,614,614,9100,65,549,176,2004,11,Adventure,Nintendo EAD,"Adventure, Platform","Nintendo EAD, Nintendo",10.2755,0.019338534,Medium (3-4),262
Halo 4,06-11-2012,3,674,674,7600,57,1200,277,2012,11,Shooter,343 Industries,Shooter,"343 Industries, Microsoft Studios",9.954,0.036442573,Low (<3),263
Middle-earth: Shadow of Mordor,30-09-2014,3.4,524,524,8400,106,1700,478,2014,9,Adventure,Monolith Productions,"Adventure, Brawler, RPG","Monolith Productions, WB Games",11.906,0.056897988,Medium (3-4),264
Mega Man 2,02-06-1989,3.6,857,857,6100,34,542,163,1989,6,Adventure,Capcom,"Adventure, Platform",Capcom,7.239,0.026716932,Medium (3-4),265
Phoenix Wright: Ace Attorney Trilogy,17-04-2014,4.3,516,516,4000,644,1900,779,2014,4,Adventure,Capcom,"Adventure, Puzzle, Simulator, Visual Novel",Capcom,8.408,0.194701325,High (4+),266
Infamous: Second Son,21-03-2014,3.4,668,668,7600,71,1300,574,2014,3,Adventure,Sony Computer Entertainment,"Adventure, Platform, Shooter","Sony Computer Entertainment, Sucker Punch Productions",10.698,0.075516379,Medium (3-4),267
Star Wars: Knights of the Old Republic,15-07-2003,4.2,839,839,5300,180,2300,705,2003,7,Adventure,BioWare,"Adventure, RPG","BioWare, LucasArts",10.16,0.132993775,High (4+),268
No More Heroes 2: Desperate Struggle,26-01-2010,3.5,608,608,3200,68,1500,855,2010,1,Adventure,Ubisoft Entertainment,"Adventure, Brawler","Ubisoft Entertainment, Grasshopper Manufacture",7.16,0.26710403,Medium (3-4),269
Kirby Super Star Ultra,22-09-2008,4.3,743,743,5800,47,773,427,2008,9,Adventure,Nintendo of Europe,"Adventure, Platform","Nintendo of Europe, HAL Laboratory",7.8135,0.073607999,High (4+),270
"Flower, Sun, and Rain",02-05-2001,4.3,466,466,632,32,1000,1100,2001,5,Adventure,Grasshopper Manufacture,"Adventure, Puzzle","Grasshopper Manufacture, Victor Interactive Software",4.332,1.737756714,High (4+),271
Katamari Damacy,18-03-2004,4.2,939,939,4100,60,1000,761,2004,3,Adventure,Namco,"Adventure, Puzzle","Namco, NOW Production",7.122,0.185564496,High (4+),272
Shadow the Hedgehog,15-11-2005,2.4,584,584,5600,45,731,423,2005,11,Adventure,Sega,"Adventure, Platform, Shooter","Sega, Sonic Team",7.5425,0.075522228,Low (<3),273
Ōkami HD,30-10-2012,4.2,527,527,3300,321,3100,1200,2012,10,Adventure,Clover Studio,"Adventure, RPG","Clover Studio, Capcom",10.35,0.363526204,High (4+),274
Metroid: Samus Returns,15-09-2017,3.6,674,674,3900,149,1400,686,2017,9,Adventure,MercurySteam,"Adventure, Platform","MercurySteam, Nintendo",7.372,0.175852346,Medium (3-4),275
Life is Strange: True Colors,10-09-2021,3.6,566,566,2300,126,852,1100,2021,9,Adventure,Deck Nine,Adventure,"Deck Nine, Square Enix",5.778,0.47805302,Medium (3-4),276
Pokémon Black Version 2,23-06-2012,4.2,776,776,7600,130,1100,449,2012,6,Adventure,Game Freak,"Adventure, RPG, Turn Based Strategy","Game Freak, Nintendo",10.148,0.059071175,High (4+),277
Needy Streamer Overload,21-01-2022,3.5,216,216,1200,105,529,567,2022,1,Adventure,Nintendo,"Adventure, Indie, Point-and-Click, RPG, Simulator, Visual Novel","Nintendo, WSS playground",3.1275,0.472106578,Medium (3-4),278
Borderlands,20-10-2009,3.1,484,484,9100,98,1200,450,2009,10,RPG,2K Games,"RPG, Shooter","2K Games, Gearbox Software",11.8,0.049445116,Medium (3-4),279
Hollow Knight: Voidheart Edition,25-09-2018,4.5,462,462,3900,295,1300,363,2018,9,Adventure,Team Cherry,"Adventure, Indie, Platform",Team Cherry,6.576,0.093053063,High (4+),280
Klonoa: Door to Phantomile,11-12-1997,4.1,648,648,2200,63,877,590,1997,12,Platform,Namco,Platform,Namco,4.6955,0.268059973,High (4+),281
Shadow of the Tomb Raider,14-09-2018,3.3,522,522,4800,161,2800,701,2018,9,Adventure,Eidos Montréal,"Adventure, Shooter","Eidos Montréal, Square Enix",10.402,0.146011248,Medium (3-4),282
Mario & Luigi: Bowser's Inside Story,14-09-2009,4.2,837,837,6600,95,1500,629,2009,9,Platform,Nintendo,"Platform, RPG","Nintendo, AlphaDream",10.108,0.095288593,High (4+),283
Ghostrunner,27-10-2020,3.5,486,486,3300,170,1700,783,2020,10,Adventure,One More Level,"Adventure, Platform, Shooter","One More Level, All In! Games",7.416,0.237200848,Medium (3-4),284
Watch Dogs 2,15-11-2016,3.3,554,554,6600,125,1900,453,2016,11,Adventure,Ubisoft Montreal,"Adventure, Shooter","Ubisoft Montreal, Ubisoft Entertainment",10.356,0.068625966,Medium (3-4),285
Mass Effect 3,06-03-2012,3.7,777,777,7300,79,1500,482,2012,3,Adventure,BioWare Edmonton,"Adventure, RPG, Shooter","BioWare Edmonton, Electronic Arts",10.514,0.066018354,Medium (3-4),286
Goat Simulator,01-04-2014,2.4,337,337,8400,22,492,125,2014,4,Adventure,Coffee Stain Studios,"Adventure, Indie, Simulator",Coffee Stain Studios,9.388,0.014879181,Low (<3),287
The Elder Scrolls V: Skyrim - Special Edition,27-10-2016,4,439,439,6500,374,1300,319,2016,10,Adventure,Bethesda Game Studios,"Adventure, RPG","Bethesda Game Studios, Bethesda Softworks",9.088,0.049069374,Medium (3-4),288
Far Cry 5,26-03-2018,3,558,558,6600,169,1200,470,2018,3,Adventure,Ubisoft Entertainment,"Adventure, Shooter","Ubisoft Entertainment, Ubisoft Montreal",9.34,0.071201333,Low (<3),289
Call of Duty: Modern Warfare 3,08-11-2011,3.2,587,587,10000,27,492,195,2011,11,Adventure,Sledgehammer Games,"Adventure, Shooter, Tactical","Sledgehammer Games, Activision",11.128,0.01949805,Medium (3-4),290
Friday Night Funkin',01-11-2020,2.8,203,203,4500,67,230,171,2020,11,Music,ninja_muffin99,Music,ninja_muffin99,5.187,0.037991557,Low (<3),291
Osu!,16-09-2007,3.1,187,187,7300,426,234,90,2007,9,Indie,"Dean ""ppy"" Herbert","Indie, Music","Dean ""ppy"" Herbert",7.831,0.012327078,Medium (3-4),292
The Legend of Zelda: Twilight Princess,19-11-2006,4.1,642,642,6000,82,1100,466,2006,11,Adventure,Nintendo,"Adventure, RPG","Nintendo, Nintendo EAD Software Development Group No.3",8.582,0.077653724,High (4+),293
Bloodborne: The Old Hunters,24-11-2015,4.6,266,266,4400,68,930,616,2015,11,Adventure,FromSoftware,"Adventure, RPG","FromSoftware, Sony Computer Entertainment",7.027,0.139968189,High (4+),294
Fire Emblem Warriors: Three Hopes,24-06-2022,3.6,360,360,1100,305,761,576,2022,6,Brawler,Nintendo,"Brawler, RPG, Simulator, Strategy, Tactical","Nintendo, Omega Force",3.3935,0.523160763,Medium (3-4),295
Super Smash Bros. for Nintendo 3DS,13-09-2014,3.3,545,545,10000,23,273,96,2014,9,Fighting,Nintendo,Fighting,"Nintendo, Sora",10.6015,0.00959904,Medium (3-4),296
The Legend of Heroes: Trails to Azure,29-09-2011,4.5,519,519,1400,72,714,701,2011,9,Adventure,Nihon Falcom,"Adventure, RPG, Strategy, Turn Based Strategy",Nihon Falcom,3.873,0.500356888,High (4+),297
Super Mario RPG: Legend of the Seven Stars,09-03-1996,4,832,832,4400,133,2300,858,1996,3,Adventure,Square,"Adventure, Platform, RPG","Square, Nintendo",9.566,0.194955692,Medium (3-4),298
Astral Chain,30-08-2019,3.6,568,568,3600,210,2300,1400,2019,8,Adventure,PlatinumGames,"Adventure, Brawler","PlatinumGames, Nintendo",9.85,0.388780894,Medium (3-4),299
DmC: Devil May Cry,15-01-2013,3,432,432,6300,62,1200,448,2013,1,Adventure,Ninja Theory,"Adventure, Brawler","Ninja Theory, Capcom",8.996,0.071099825,Low (<3),300
Dragon Age: Origins,03-11-2009,4,712,712,6100,148,1700,534,2009,11,RPG,Electronic Arts,RPG,"Electronic Arts, BioWare",9.718,0.087526635,Medium (3-4),301
Vagrant Story,10-02-2000,4,503,503,1000,59,1600,889,2000,2,Adventure,Square,"Adventure, RPG","Square, (Archive) Square Product Development Division 4",5.178,0.888111888,Medium (3-4),302
Amnesia: The Dark Descent,08-09-2010,3.5,525,525,4700,86,1800,407,2010,9,Adventure,Frictional Games,"Adventure, Indie, Puzzle",Frictional Games,8.214,0.086577324,Medium (3-4),303
Monster Hunter Rise: Sunbreak,29-06-2022,4.3,217,217,1100,267,327,242,2022,6,Brawler,Capcom,"Brawler, RPG",Capcom,2.0745,0.219800182,High (4+),304
Super Mario Maker 2,28-06-2019,3.7,689,689,6600,114,623,459,2019,6,Platform,Nintendo EPD,Platform,"Nintendo EPD, Nintendo",8.4525,0.069534919,Medium (3-4),305
Fire Emblem: The Blazing Blade,25-04-2003,3.7,609,609,3900,158,1200,401,2003,4,RPG,"Intelligent Systems Co., Ltd.","RPG, Strategy, Tactical","Intelligent Systems Co., Ltd., Nintendo",6.502,0.102794155,Medium (3-4),306
LEGO Marvel Super Heroes,30-09-2013,3.6,522,522,6000,65,592,126,2013,9,Adventure,WB Games,"Adventure, Brawler, Puzzle","WB Games, Traveller's Tales",7.14,0.020996501,Medium (3-4),307
Sonic Colors,11-11-2010,3.4,609,609,5100,44,690,342,2010,11,Adventure,SEGA of America,"Adventure, Platform","SEGA of America, Sonic Team",6.819,0.067045677,Medium (3-4),308
Pokémon Moon,18-11-2016,3.3,648,648,7900,75,653,234,2016,11,Adventure,The Pokémon Company,"Adventure, RPG, Strategy, Turn Based Strategy","The Pokémon Company, Game Freak",9.3475,0.029616504,Medium (3-4),309
Zelda II: The Adventure of Link,14-01-1987,2.6,756,756,4500,55,1100,290,1987,1,Adventure,Nintendo,"Adventure, RPG","Nintendo, Nintendo EAD",6.73,0.064430127,Low (<3),310
Battlefield 4,29-10-2013,3.5,431,431,7100,72,506,124,2013,10,Shooter,EA Digital Illusions CE,Shooter,"EA Digital Illusions CE, Electronic Arts",8.107,0.017462329,Medium (3-4),311
Dragon Ball Z: Budokai Tenkaichi 3,04-10-2007,3.9,435,435,6600,32,278,135,2007,10,Fighting,Namco Bandai Games,Fighting,"Namco Bandai Games, Spike",7.287,0.020451447,Medium (3-4),312
WarioWare: Get It Together!,09-09-2021,3.5,399,399,2200,59,460,636,2021,9,Arcade,Intelligent Systems,Arcade,"Intelligent Systems, Nintendo",4.162,0.288959564,Medium (3-4),313
Beyond: Two Souls,08-10-2013,2.7,433,433,5400,52,1100,524,2013,10,Adventure,Quantic Dream,Adventure,"Quantic Dream, Sony Computer Entertainment",8.098,0.097019071,Low (<3),314
Digimon Survive,28-07-2022,3.4,167,167,454,148,525,602,2022,7,Adventure,Bandai Namco Entertainment,"Adventure, RPG, Simulator, Strategy, Turn Based Strategy","Bandai Namco Entertainment, Witchcraft Inc.",2.4455,1.323076923,Medium (3-4),315
Spiritfarer,18-08-2020,3.9,513,513,2300,352,1500,918,2020,8,Adventure,Thunder Lotus Games,"Adventure, Indie, Platform, Simulator",Thunder Lotus Games,6.386,0.398956975,Medium (3-4),316
Little Nightmares II,10-02-2021,4,569,569,2500,78,1200,1500,2021,2,Adventure,Tarsier Studios,"Adventure, Platform, Puzzle","Tarsier Studios, Bandai Namco Entertainment",7.3,0.599760096,Medium (3-4),317
The Evil Within 2,12-10-2017,3.7,541,541,2700,76,1400,634,2017,10,Adventure,Tango Gameworks,"Adventure, RPG, Shooter","Tango Gameworks, Bethesda Softworks",6.068,0.234727879,Medium (3-4),318
Bloons TD 6,14-06-2018,3.8,241,241,4100,331,343,73,2018,6,Strategy,Ninja Kiwi,"Strategy, Tactical",Ninja Kiwi,4.7605,0.017800536,Medium (3-4),319
Sayonara Wild Hearts,19-09-2019,3.9,725,725,3100,37,721,789,2019,9,Adventure,Simogo,"Adventure, Arcade, Indie, Music","Simogo, Annapurna Interactive",5.7595,0.254434054,Medium (3-4),320
Metro 2033 Redux,26-08-2014,3.6,363,363,3900,108,1600,260,2014,8,Adventure,Koch Media,"Adventure, RPG, Shooter","Koch Media, 4A Games",6.82,0.066649577,Medium (3-4),321
Melty Blood: Type Lumina,29-09-2021,3.6,194,194,1800,159,301,473,2021,9,Fighting,Delightworks,"Fighting, Visual Novel","Delightworks, French Bread",3.1975,0.262631871,Medium (3-4),322
Vampire Survivors,17-12-2021,3.7,836,836,6100,944,687,409,2021,12,Arcade,Poncle,"Arcade, Indie, RPG",Poncle,7.9485,0.06703819,Medium (3-4),323
Psychonauts,19-04-2005,4,1200,1200,7100,388,4200,1200,2005,4,Adventure,Double Fine Productions,"Adventure, Platform","Double Fine Productions, Majesco Entertainment",15.8,0.168990283,Medium (3-4),324
Fallout 4,09-11-2015,3.1,1000,1000,16000,407,2900,752,2015,11,RPG,Bethesda Game Studios,"RPG, Shooter","Bethesda Game Studios, Bethesda Softworks",21.854,0.046997063,Medium (3-4),325
Uncharted 4: A Thief's End,10-05-2016,4.1,1800,1800,14000,177,2700,1200,2016,5,Adventure,Naughty Dog,"Adventure, Shooter","Naughty Dog, Sony Interactive Entertainment",20.45,0.085708164,High (4+),326
The Legend of Zelda: A Link to the Past,21-11-1991,4.1,1700,1700,13000,360,3200,911,1991,11,Adventure,Nintendo EAD,"Adventure, Puzzle, RPG","Nintendo EAD, St. GIGA",19.622,0.070071533,High (4+),327
Silent Hill,23-02-1999,4.1,1300,1300,6800,272,2300,1600,1999,2,Adventure,Konami,"Adventure, Puzzle","Konami, Team Silent",13.45,0.235259521,High (4+),328
Super Smash Bros. Brawl,31-01-2008,3.8,1300,1300,19000,51,511,250,2008,1,Fighting,Nintendo,"Fighting, Platform","Nintendo, Sora",20.2665,0.013157202,Medium (3-4),329
Borderlands 2,18-09-2012,3.5,1100,1100,16000,344,2700,494,2012,9,RPG,Gearbox Software,"RPG, Shooter","Gearbox Software, 2K Games",21.038,0.03087307,Medium (3-4),330
No More Heroes,06-12-2007,4,1200,1200,5600,280,2600,1800,2007,12,Adventure,Grasshopper Manufacture,"Adventure, Brawler",Grasshopper Manufacture,13.1,0.321371184,Medium (3-4),331
Ghost of Tsushima,17-07-2020,4.1,1400,1400,8500,688,3500,3100,2020,7,Adventure,Sucker Punch Productions,"Adventure, Brawler, RPG","Sucker Punch Productions, Sony Interactive Entertainment",19.95,0.364662981,High (4+),332
Sonic the Hedgehog 3 & Knuckles,18-10-1994,4.2,839,839,6000,40,656,269,1994,10,Platform,Sega Technical Institute,Platform,"Sega Technical Institute, Sega",7.522,0.044825862,High (4+),333
Full Metal Daemon Muramasa,30-10-2009,4.3,229,229,496,96,567,592,2009,10,Adventure,Nitroplus,"Adventure, Visual Novel","Nitroplus, JAST USA",2.5305,1.191146881,High (4+),334
Soma,21-09-2015,4,764,764,3900,122,2200,837,2015,9,Adventure,Frictional Games,"Adventure, Indie",Frictional Games,8.874,0.214560369,Medium (3-4),335
The Binding of Isaac: Rebirth,04-11-2014,4,492,492,8200,334,1100,636,2014,11,Adventure,"Nicalis, Inc.","Adventure, Arcade, Indie, RPG, Shooter","Nicalis, Inc.",11.122,0.077551518,Medium (3-4),336
Luigi's Mansion 3,31-10-2019,3.8,800,800,5600,313,2200,1300,2019,10,Adventure,Nintendo,Adventure,"Nintendo, Next Level Games",11.5,0.23210141,Medium (3-4),337
Katamari Damacy Reroll,06-12-2018,4.1,576,576,4300,199,1300,513,2018,12,Adventure,MONKEYCRAFT Co. Ltd,"Adventure, Puzzle","MONKEYCRAFT Co. Ltd, Bandai Namco Entertainment",7.276,0.119274587,High (4+),338
Mario Kart 7,02-12-2011,3.5,593,593,10000,59,336,141,2011,12,Racing,Nintendo,Racing,Nintendo,10.786,0.01409859,Medium (3-4),339
Castle Crashers,27-08-2008,3.6,487,487,9400,94,936,227,2008,8,Adventure,The Behemoth,"Adventure, Brawler, Indie, RPG",The Behemoth,11.258,0.024146367,Medium (3-4),340
Rain World,28-03-2017,4.1,411,411,1100,170,1400,987,2017,3,Adventure,Videocult,"Adventure, Indie, Platform, RPG","Videocult, Adult Swim Games",5.174,0.896457766,High (4+),341
Mario Party Superstars,28-10-2021,3.7,517,517,3800,128,329,453,2021,10,Card & Board Game,Nintendo,Card & Board Game,Nintendo,5.1995,0.119179163,Medium (3-4),342
Bully,17-10-2006,3.9,635,635,6700,80,1300,768,2006,10,Adventure,Rockstar Vancouver,Adventure,"Rockstar Vancouver, Take-Two Interactive",10.186,0.11460976,Medium (3-4),343
Mario Kart 64,14-12-1996,3.5,725,725,9700,21,389,194,1996,12,Racing,Nintendo,Racing,Nintendo,10.6715,0.019997938,Medium (3-4),344
Octopath Traveler II,24-02-2023,4.4,253,253,258,271,543,895,2023,2,RPG,Square Enix,"RPG, Turn Based Strategy",Square Enix,2.8625,3.455598456,High (4+),345
Norco,24-03-2022,3.9,386,386,809,88,651,561,2022,3,Adventure,Geography of Robots,"Adventure, Indie, Point-and-Click, Puzzle","Geography of Robots, Raw Fury",2.9075,0.692592593,Medium (3-4),346
Resident Evil,22-03-2002,4.3,1000,1000,4000,93,1100,470,2002,3,Adventure,Capcom,"Adventure, Puzzle","Capcom, Capcom Production Studio 4",6.59,0.117470632,High (4+),347
Assassin's Creed Odyssey,05-10-2018,3.4,772,772,6800,435,2000,746,2018,10,Adventure,Ubisoft Entertainment,"Adventure, RPG","Ubisoft Entertainment, Ubisoft Québec",11.292,0.109689752,Medium (3-4),348
Transistor,20-05-2014,3.8,784,784,5600,172,2900,692,2014,5,Adventure,Supergiant Games,"Adventure, Indie, RPG, Strategy, Turn Based Strategy",Supergiant Games,11.334,0.123549366,Medium (3-4),349
The Evil Within,14-10-2014,3.4,629,629,4800,140,1800,822,2014,10,Adventure,Tango Gameworks,"Adventure, Shooter","Tango Gameworks, Bethesda Softworks",9.144,0.17121433,Medium (3-4),350
Metal: Hellsinger,15-09-2022,3.7,322,322,1200,97,419,424,2022,9,Adventure,Level Infinite,"Adventure, Music, Shooter","Level Infinite, The Outsiders",2.6765,0.353039134,Medium (3-4),351
Halo: The Master Chief Collection,11-11-2014,4.2,356,356,5100,362,1300,463,2014,11,Shooter,343 Industries,Shooter,"343 Industries, Xbox Game Studios",7.976,0.090766516,High (4+),352
Pokémon Crystal,14-12-2000,3.9,716,716,7200,137,721,236,2000,12,Adventure,Game Freak,"Adventure, RPG","Game Freak, Nintendo",8.7535,0.032773226,Medium (3-4),353
Uncharted: The Lost Legacy,22-08-2017,3.8,758,758,4700,51,1300,754,2017,8,Adventure,Naughty Dog,"Adventure, Shooter","Naughty Dog, Sony Interactive Entertainment",8.158,0.160391406,Medium (3-4),354
Resident Evil 3: Nemesis,22-09-1999,3.8,849,849,4300,56,953,496,1999,9,Adventure,Capcom,"Adventure, Shooter","Capcom, Capcom Planning Room 2",6.7215,0.115322018,Medium (3-4),355
Sea of Thieves,20-03-2018,3.3,354,354,5300,270,536,407,2018,3,Adventure,Rare,"Adventure, Simulator","Rare, Xbox Game Studios",6.918,0.076777966,Medium (3-4),356
F.E.A.R.,17-10-2005,3.8,564,564,3600,65,1000,505,2005,10,Shooter,Monolith Productions,Shooter,"Monolith Productions, Vivendi Universal",6.11,0.140238823,Medium (3-4),357
Mafia: Definitive Edition,24-09-2020,3.7,420,420,2700,101,917,540,2020,9,Adventure,2K Games,"Adventure, Shooter","2K Games, Hangar 13",5.1555,0.199925953,Medium (3-4),358
NieR,22-04-2010,4.2,743,743,2900,67,999,854,2010,4,Adventure,Square Enix,"Adventure, RPG, Shooter, Simulator, Strategy","Square Enix, Cavia",6.1065,0.294381248,High (4+),359
The Walking Dead: Season Two,17-12-2013,3.5,559,559,6700,35,718,262,2013,12,Adventure,Telltale Games,"Adventure, Point-and-Click, Puzzle","Telltale Games, Skybound Games",8.301,0.039098642,Medium (3-4),360
Forspoken,24-01-2023,2.3,211,211,252,32,247,847,2023,1,Adventure,Square Enix,"Adventure, RPG","Square Enix, Luminous Productions",2.3165,3.347826087,Low (<3),361
Max Payne 2: The Fall of Max Payne,14-10-2003,4.1,553,553,4100,37,1100,464,2003,10,Shooter,Remedy Entertainment,Shooter,"Remedy Entertainment, Rockstar Games",6.678,0.113143136,High (4+),362
Shin Megami Tensei: Devil Summoner - Soul Hackers,13-11-1997,3.8,470,470,1200,153,1600,651,1997,11,Adventure,Atlus,"Adventure, RPG","Atlus, NIS America",4.902,0.542048293,Medium (3-4),363
Dusk,10-12-2018,4,487,487,2500,154,963,625,2018,12,Adventure,David Szymanski,"Adventure, Indie, Shooter","David Szymanski, New Blood Interactive",5.1945,0.24990004,Medium (3-4),364
The Elder Scrolls III: Morrowind,01-05-2002,4,549,549,3700,150,1700,487,2002,5,Adventure,Bethesda Game Studios,"Adventure, RPG","Bethesda Game Studios, ZeniMax Media",7.224,0.131586058,Medium (3-4),365
Rollerdrome,16-08-2022,3.7,260,260,431,57,351,492,2022,8,Adventure,Roll7,"Adventure, Indie, Shooter, Sport","Roll7, Private Division",1.9415,1.138888889,Medium (3-4),366
Final Fantasy XVI,22-06-2023,3.7,422,422,37,10,732,2400,2023,6,RPG,Square Enix,RPG,"Square Enix, Square Enix Creative Business Unit III",5.935,63.15789474,Medium (3-4),367
Pokémon Sun,18-11-2016,3.3,600,600,7600,74,596,230,2016,11,Adventure,The Pokémon Company,"Adventure, RPG, Strategy, Turn Based Strategy","The Pokémon Company, Game Freak",8.954,0.030259176,Medium (3-4),368
Yu-Gi-Oh! Master Duel,18-01-2022,3.2,170,170,2100,235,147,33,2022,1,Card & Board Game,Konami,"Card & Board Game, Simulator, Strategy",Konami,2.3865,0.015706806,Medium (3-4),369
Injustice: Gods Among Us,16-04-2013,3,364,364,7100,17,502,112,2013,4,Adventure,NetherRealm Studios,"Adventure, Fighting","NetherRealm Studios, WB Games",8.077,0.015772426,Low (<3),370
Pac-Man,22-05-1980,3.4,427,427,5200,7,108,31,1980,5,Arcade,Wiz,Arcade,"Wiz, Namco Networks America, Inc.",5.424,0.005960392,Medium (3-4),371
Final Fantasy X/X-2 HD Remaster,26-12-2013,4.1,368,368,3200,281,2300,677,2013,12,RPG,Virtuos,"RPG, Strategy","Virtuos, Square Enix",8.004,0.211496407,High (4+),372
Mortal Kombat X,13-04-2015,3.3,430,430,7100,43,602,138,2015,4,Fighting,NetherRealm Studios,Fighting,"NetherRealm Studios, WB Games",8.279,0.019433883,Medium (3-4),373
Shin Megami Tensei: Digital Devil Saga,15-07-2004,4.1,657,657,2000,200,1900,916,2004,7,RPG,Atlus,RPG,"Atlus, Ghostlight Ltd.",6.682,0.457771114,High (4+),374
Star Wars: The Force Unleashed,16-09-2008,3.2,417,417,7400,50,823,350,2008,9,Adventure,THQ Wireless,"Adventure, Brawler, RPG","THQ Wireless, Aspyr Media",9.3345,0.047290907,Medium (3-4),375
Shovel Knight: Treasure Trove,09-12-2019,4.3,445,445,3800,186,1300,574,2019,12,Adventure,Yacht Club Games,"Adventure, Indie, Platform","Yacht Club Games, Nintendo",6.898,0.151012891,High (4+),376
Ghost of Tsushima: Director's Cut,20-08-2021,4.2,345,345,1800,257,993,621,2021,8,Adventure,Sony Interactive Entertainment,"Adventure, RPG","Sony Interactive Entertainment, Sucker Punch Productions",4.5315,0.34480844,High (4+),377
Donkey Kong Country Returns,21-11-2010,3.9,521,521,5300,67,1100,443,2010,11,Adventure,Retro Studios,"Adventure, Platform","Retro Studios, Nintendo",7.836,0.083569138,Medium (3-4),378
Street Fighter III: 3rd Strike,12-05-1999,4.2,763,763,3700,71,281,202,1999,5,Arcade,Capcom,"Arcade, Fighting","Capcom, Virgin Interactive Entertainment",4.5255,0.054579843,High (4+),379
Return to Monkey Island,19-09-2022,4,237,237,538,71,388,409,2022,9,Adventure,Terrible Toybox,"Adventure, Point-and-Click, Puzzle","Terrible Toybox, Lucasfilm Games",1.938,0.758812616,Medium (3-4),380
Deus Ex: Human Revolution,23-08-2011,3.8,559,559,5800,65,1700,488,2011,8,RPG,Square Enix,"RPG, Shooter","Square Enix, Eidos Montréal",9.326,0.084123427,Medium (3-4),381
Spyro Reignited Trilogy,13-11-2018,3.9,552,552,4500,282,2100,808,2018,11,Adventure,Toys for Bob,"Adventure, Platform","Toys for Bob, Activision",9.266,0.179515663,Medium (3-4),382
Chicory: A Colorful Tale,10-06-2021,4.1,521,521,984,126,905,983,2021,6,Adventure,Greg Lobanov,"Adventure, Indie, Puzzle, RPG","Greg Lobanov, Finji",4.3075,0.997969543,High (4+),383
Sin and Punishment,21-11-2000,4,459,459,1100,34,878,550,2000,11,Shooter,Treasure,Shooter,"Treasure, Nintendo",3.517,0.499545867,Medium (3-4),384
Outer Wilds: Echoes of the Eye,28-09-2021,4.5,238,238,1600,121,763,559,2021,9,Adventure,Mobius Digital,"Adventure, Indie, Puzzle, Simulator, Strategy","Mobius Digital, Annapurna Interactive",3.8625,0.349156777,High (4+),385
New Super Mario Bros. 2,28-07-2012,2.9,581,581,6100,47,588,234,2012,7,Adventure,Nintendo,"Adventure, Platform","Nintendo, Nintendo EAD",7.45,0.038354368,Low (<3),386
Wolfenstein II: The New Colossus,26-10-2017,3.5,540,540,4700,86,1500,675,2017,10,Adventure,MachineGames,"Adventure, Shooter","MachineGames, Bethesda Softworks",8.3,0.143586471,Medium (3-4),387
PokÃ©mon Diamond,28-09-2006,3.6,581,581,9300,52,429,170,2006,9,Adventure,Nintendo,"Adventure, RPG, Turn Based Strategy","Nintendo, Game Freak",10.2835,0.018277605,Medium (3-4),388
Into the Breach,27-02-2018,3.9,535,535,3400,132,1700,567,2018,2,Card & Board Game,Subset Games,"Card & Board Game, Indie, Puzzle, RPG, Simulator, Strategy, Turn Based Strategy",Subset Games,7.084,0.166715672,Medium (3-4),389
Marvel Snap,18-10-2022,3.7,241,241,847,248,54,22,2022,10,Card & Board Game,Second Dinner,"Card & Board Game, Strategy","Second Dinner, nuverse",0.972,0.025943396,Medium (3-4),390
Nier: Automata - Game of the Yorha Edition,21-02-2019,4.4,315,315,2800,230,1100,532,2019,2,Adventure,Square Enix,"Adventure, RPG","Square Enix, PlatinumGames",5.514,0.189932167,High (4+),391
Five Nights at Freddy's 2,10-11-2014,3,270,270,5400,20,271,119,2014,11,Adventure,Clickteam,"Adventure, Indie, Point-and-Click, Simulator, Strategy","Clickteam, Scottgames",6.0445,0.022032957,Low (<3),392
Mortal Kombat 11,22-04-2019,3.4,490,490,5000,99,612,308,2019,4,Fighting,Warner Bros. Interactive Entertainment,Fighting,"Warner Bros. Interactive Entertainment, NetherRealm Studios",6.534,0.061587682,Medium (3-4),393
Witch on the Holy Night,07-12-2022,4.5,98,98,244,104,230,279,2022,12,Adventure,TYPE-MOON,"Adventure, Visual Novel","TYPE-MOON, Aniplex",1.147,1.13877551,High (4+),394
Dying Light 2: Stay Human,03-02-2022,3.1,290,290,1400,176,765,876,2022,2,Adventure,Techland,"Adventure, RPG","Techland, Techland Publishing",4.2995,0.625267666,Medium (3-4),395
Asura's Wrath,21-02-2012,3.7,432,432,2100,65,980,827,2012,2,Brawler,Capcom,Brawler,"Capcom, CyberConnect2",5.224,0.393622085,Medium (3-4),396
Tales of Berseria,18-08-2016,3.7,555,555,3300,293,2400,657,2016,8,RPG,Bandai Namco Entertainment America,RPG,"Bandai Namco Entertainment America, Bandai Namco Studios",8.214,0.199030597,Medium (3-4),397
Ender Lilies: Quietus of the Knights,21-06-2021,3.8,275,275,1200,131,967,1000,2021,6,Adventure,Binary Haze Interactive,"Adventure, Indie, Platform, RPG","Binary Haze Interactive, Live Wire",4.6505,0.832639467,Medium (3-4),398
Moon: Remix RPG Adventure,16-10-1997,4.4,572,572,663,100,1300,1000,1997,10,Adventure,ASCII Entertainment,"Adventure, Puzzle, RPG","ASCII Entertainment, Love-de-Lic",4.613,1.506024096,High (4+),399
Prince of Persia: The Sands of Time,06-11-2003,3.6,480,480,5500,37,1100,421,2003,11,Adventure,Ubisoft Entertainment,"Adventure, Platform","Ubisoft Entertainment, Ubisoft Montreal",7.992,0.07653154,Medium (3-4),400
Assassin's Creed Syndicate,23-10-2015,3,562,562,5600,97,1500,417,2015,10,Adventure,Ubisoft Entertainment,Adventure,"Ubisoft Entertainment, Ubisoft Québec",8.684,0.074450991,Low (<3),401
Sunset Overdrive,28-10-2014,3.5,445,445,3600,92,1200,459,2014,10,Adventure,Insomniac Games,"Adventure, Platform, Shooter","Insomniac Games, Microsoft Studios",6.318,0.127464593,Medium (3-4),402
Metal Gear Solid: Peace Walker,29-04-2010,3.5,498,498,4000,68,1300,566,2010,4,Shooter,Kojima Productions,"Shooter, Strategy","Kojima Productions, Konami",7.082,0.141464634,Medium (3-4),403
Code Vein,26-09-2019,3,325,325,3300,230,1600,625,2019,9,Adventure,Shift,"Adventure, RPG","Shift, Bandai Namco Entertainment",6.95,0.189336565,Low (<3),404
Mario Strikers: Battle League,10-06-2022,2.7,248,248,932,35,237,397,2022,6,Sport,Next Level Games,Sport,"Next Level Games, Nintendo",2.0815,0.42550911,Low (<3),405
Limbus Company,27-02-2023,3.9,24,24,104,95,55,61,2023,2,Adventure,Project Moon,"Adventure, RPG, Strategy",Project Moon,0.3085,0.580952381,Medium (3-4),406
Resident Evil Village: Winters' Expansion,28-10-2022,3.3,107,107,477,11,145,115,2022,10,Shooter,Capcom,Shooter,Capcom,0.9245,0.240585774,Medium (3-4),407
Tony Hawk's Pro Skater 1+2,04-09-2020,4.1,498,498,2800,176,854,607,2020,9,Simulator,Activision,"Simulator, Sport","Activision, Vicarious Visions",5.295,0.216708318,High (4+),408
Need for Speed: Unbound,29-11-2022,3.5,84,84,294,74,150,209,2022,11,Racing,Criterion Games,Racing,"Criterion Games, Electronic Arts",0.937,0.708474576,Medium (3-4),409
Zero Escape: Zero Time Dilemma,28-06-2016,3,350,350,2900,64,1200,402,2016,6,Adventure,Aksys Games,"Adventure, Puzzle, RPG, Strategy, Visual Novel","Aksys Games, Spike ChunSoft",5.504,0.138572906,Low (<3),410
Deus Ex: Mankind Divided,23-08-2016,3.5,387,387,3400,72,2000,458,2016,8,Adventure,Square Enix,"Adventure, RPG, Shooter",Square Enix,7.316,0.134666275,Medium (3-4),411
Guitar Hero III: Legends of Rock,28-10-2007,3.9,489,489,6900,21,174,78,2007,10,Music,Neversoft Entertainment,"Music, Simulator","Neversoft Entertainment, Activision",7.317,0.01130271,Medium (3-4),412
Sid Meier's Civilization VI,20-10-2016,3.7,343,343,4600,211,969,188,2016,10,Simulator,Firaxis Games,"Simulator, Strategy, Turn Based Strategy","Firaxis Games, 2K Games",6.4295,0.040860682,Medium (3-4),413
Nioh 2,13-03-2020,4,365,365,1400,150,1100,580,2020,3,Adventure,Koei Tecmo Games,"Adventure, Brawler, RPG","Koei Tecmo Games, Team NINJA",4.21,0.413990007,Medium (3-4),414
Gears of War,07-11-2006,3.5,522,522,5300,37,545,307,2006,11,Shooter,Microsoft Game Studios,Shooter,"Microsoft Game Studios, Epic Games",6.7315,0.057913601,Medium (3-4),415
Final Fantasy Tactics,20-06-1997,4.2,506,506,2100,73,1600,681,1997,6,RPG,"Sony Computer Entertainment, Inc. (SCEI)","RPG, Strategy, Tactical, Turn Based Strategy","Sony Computer Entertainment, Inc. (SCEI), Square",5.862,0.324131366,High (4+),416
Deltarune,,4.3,313,313,1300,83,468,617,,,Adventure,tobyfox,"Adventure, Indie, Music, Puzzle, RPG",tobyfox,3.236,0.474250576,High (4+),417
Tekken 3,22-03-1997,3.9,564,564,4200,13,253,183,1997,3,Fighting,Namco,Fighting,"Namco, Namco Hometek",4.9455,0.043561057,Medium (3-4),418
Far Cry 6,07-10-2021,2.7,298,298,1600,157,772,792,2021,10,Adventure,Ubisoft Toronto,"Adventure, Shooter","Ubisoft Toronto, Ubisoft Entertainment",4.342,0.494690818,Low (<3),419
Horizon Zero Dawn: Complete Edition,06-12-2017,3.8,327,327,2900,212,1300,333,2017,12,Adventure,Sony Interactive Entertainment,"Adventure, RPG, Shooter","Sony Interactive Entertainment, Guerrilla Games",5.516,0.114788004,Medium (3-4),420
Death Stranding 2,,3.7,105,105,3,0,209,644,,,Adventure,Kojima Productions,"Adventure, Shooter",Kojima Productions,1.6045,161,Medium (3-4),421
Xenosaga Episode I: Der Wille zur Macht,28-02-2002,3.7,412,412,1200,103,1300,575,2002,2,Adventure,Monolith Soft,"Adventure, RPG","Monolith Soft, Namco",4.3,0.478767694,Medium (3-4),422
Everhood,03-03-2021,3.8,317,317,1400,76,734,445,2021,3,Adventure,Surefire.Games,"Adventure, Indie, Music, RPG","Surefire.Games, Chris Nordgren",3.391,0.317630264,Medium (3-4),423
Don't Starve Together,21-04-2016,3.4,227,227,5200,173,727,195,2016,4,Adventure,Klei Entertainment,"Adventure, Indie, Simulator, Strategy",Klei Entertainment,6.6805,0.03749279,Medium (3-4),424
South Park: The Fractured But Whole,17-10-2017,3.7,369,369,3500,79,1100,512,2017,10,Adventure,Ubisoft Entertainment,"Adventure, RPG, Strategy","Ubisoft Entertainment, Ubisoft San Francisco",6.174,0.14624393,Medium (3-4),425
God of War III: Remastered,14-07-2015,4,323,323,2700,40,665,241,2015,7,Adventure,Sony Computer Entertainment,"Adventure, Brawler","Sony Computer Entertainment, Red Kite Games",4.1795,0.089226213,Medium (3-4),426
Pokémon Ruby,21-11-2002,3.7,494,494,7000,33,304,127,2002,11,Adventure,Nintendo,"Adventure, RPG, Turn Based Strategy","Nintendo, Game Freak",7.71,0.018140266,Medium (3-4),427
Fire Emblem: The Sacred Stones,07-10-2004,3.7,503,503,3700,124,1200,395,2004,10,RPG,Nintendo,"RPG, Strategy, Tactical, Turn Based Strategy","Nintendo, Intelligent Systems Co., Ltd.",6.29,0.106727911,Medium (3-4),428
Library of Ruina,10-08-2021,4.4,151,151,454,120,476,362,2021,8,Indie,Project Moon,"Indie, RPG, Simulator, Strategy, Turn Based Strategy",Project Moon,1.892,0.795604396,High (4+),429
Uncharted: The Nathan Drake Collection,07-10-2015,4.1,363,363,4300,137,1300,319,2015,10,Adventure,Naughty Dog,"Adventure, Platform, Shooter","Naughty Dog, Sony Computer Entertainment, Inc. (SCEI)",6.888,0.074168798,High (4+),430
Persona 3 Portable,19-01-2023,4,39,39,210,97,121,85,2023,1,Adventure,Sega,"Adventure, RPG, Strategy, Visual Novel","Sega, Atlus",0.5615,0.402843602,Medium (3-4),431
Pyre,25-07-2017,4,484,484,1800,74,1500,649,2017,7,Adventure,Supergiant Games,"Adventure, Indie, RPG, Visual Novel",Supergiant Games,5.348,0.360355358,Medium (3-4),432
Paladins,02-05-2017,2.6,167,167,5200,110,188,16,2017,5,Shooter,Hi-Rez Studios,"Shooter, Strategy",Hi-Rez Studios,5.514,0.003076331,Low (<3),433
Dead Space 3,05-02-2013,2.6,309,309,3200,48,1000,388,2013,2,Adventure,Visceral Games,"Adventure, Shooter","Visceral Games, Electronic Arts",5.476,0.121212121,Low (<3),434
Devil May Cry HD Collection,22-03-2012,3.9,230,230,2200,152,1100,371,2012,3,Brawler,Capcom,"Brawler, Platform","Capcom, Capcom Production Studio 4",4.592,0.168559746,Medium (3-4),435
Bayonetta Origins: Cereza and the Lost Demon,17-03-2023,4,116,116,48,40,117,329,2023,3,Adventure,PlatinumGames,"Adventure, Puzzle","PlatinumGames, Nintendo",0.8815,6.714285714,Medium (3-4),436
Armored Core,10-07-1997,3.4,197,197,522,38,404,216,1997,7,Shooter,FromSoftware,"Shooter, Simulator","FromSoftware, Agetec",1.56,0.413001912,Medium (3-4),437
Persona 4 Arena Ultimax,28-11-2013,3.7,382,382,2900,135,809,604,2013,11,Fighting,Arc System Works,Fighting,"Arc System Works, Atlus",5.3215,0.208204068,Medium (3-4),438
Wanted: Dead,14-02-2023,2.6,81,81,100,15,94,212,2023,2,Adventure,Soleil,"Adventure, Brawler, Shooter","Soleil, 110 Industries",0.665,2.099009901,Low (<3),439
Luigi's Mansion: Dark Moon,20-03-2013,3.3,377,377,4300,68,1100,418,2013,3,Adventure,Nintendo,Adventure,"Nintendo, Next Level Games",6.786,0.097186701,Medium (3-4),440
Gorogoa,13-12-2017,3.8,386,386,2000,31,471,382,2017,12,Adventure,Annapurna Interactive,"Adventure, Indie, Point-and-Click, Puzzle","Annapurna Interactive, Jason Roberts",3.4705,0.190904548,Medium (3-4),441
Valkyrie Elysium,28-09-2022,3,139,139,218,32,343,527,2022,9,Brawler,Square Enix,"Brawler, RPG","Square Enix, Soleil",1.7865,2.406392694,Low (<3),442
Castlevania: Order of Ecclesia,21-10-2008,4,483,483,2000,75,963,540,2008,10,Adventure,Konami,"Adventure, Brawler, Platform, RPG",Konami,4.5245,0.269865067,Medium (3-4),443
Deadly Premonition,23-02-2010,3.9,431,431,1400,48,991,628,2010,2,Adventure,Access Games,"Adventure, Shooter","Access Games, Ignition Entertainment",4.1425,0.448251249,Medium (3-4),444
LEGO Batman 2: DC Super Heroes,19-06-2012,3.5,446,446,4600,41,821,132,2012,6,Adventure,Feral Interactive,"Adventure, Brawler, Platform","Feral Interactive, Traveller's Tales",6.0955,0.028689415,Medium (3-4),445
Lunistice,10-11-2022,3.6,132,132,305,17,105,116,2022,11,Adventure,A Grumpy Fox,"Adventure, Indie, Platform","A Grumpy Fox, Deck13 Interactive",0.6945,0.379084967,Medium (3-4),446
Sonic Advance,20-12-2001,3.2,446,446,4000,26,508,212,2001,12,Platform,Sega,Platform,"Sega, Dimps",5.186,0.052986753,Medium (3-4),447
Metal Slug,24-01-1996,3.6,353,353,3800,11,377,181,1996,1,Arcade,SNK,"Arcade, Platform, Shooter","SNK, Nazca Corporation",4.7275,0.047619048,Medium (3-4),448
Just Cause 3,30-11-2015,3.1,269,269,4900,93,1000,155,2015,11,Adventure,Avalanche Studios,Adventure,"Avalanche Studios, Square Enix",6.71,0.031626199,Medium (3-4),449
Suikoden II,17-12-1998,4.4,433,433,1100,42,1300,653,1998,12,RPG,Konami,"RPG, Strategy",Konami,4.356,0.593097184,High (4+),450
LittleBigPlanet,27-10-2008,3.6,405,405,6000,21,403,219,2008,10,Platform,Media Molecule,Platform,"Media Molecule, Sony Computer Entertainment",7.0425,0.036493918,Medium (3-4),451
EarthBound Beginnings,14-06-2015,3.2,395,395,1800,90,1000,380,2015,6,Adventure,Nintendo,"Adventure, RPG","Nintendo, Ape",4.06,0.210993892,Medium (3-4),452
Wario Land 3,21-03-2000,3.8,284,284,1200,67,588,174,2000,3,Adventure,Nintendo R&D1,"Adventure, Platform, Puzzle","Nintendo R&D1, Nintendo",2.43,0.144879267,Medium (3-4),453
Faith: The Unholy Trinity,21-10-2022,4,85,85,253,37,237,283,2022,10,Adventure,New Blood Interactive,"Adventure, Indie","New Blood Interactive, Airdorf Games",1.1745,1.114173228,Medium (3-4),454
Tales of Symphonia,29-08-2003,3.9,512,512,2800,132,1800,572,2003,8,RPG,Namco,RPG,"Namco, Namco Tales Studio",6.644,0.204212781,Medium (3-4),455
The Dark Pictures Anthology: Man of Medan,29-08-2019,2.5,355,355,2300,44,506,217,2019,8,Adventure,Bandai Namco Entertainment,Adventure,"Bandai Namco Entertainment, Supermassive Games",3.493,0.094306823,Low (<3),456
Saya no Uta,26-12-2003,3.3,249,249,1700,32,499,432,2003,12,Visual Novel,JAST USA,Visual Novel,"JAST USA, Nitroplus",3.3125,0.253968254,Medium (3-4),457
River City Girls,04-09-2019,3.6,279,279,1900,96,809,729,2019,9,Adventure,WayForward Technologies,"Adventure, Arcade, Brawler, Fighting","WayForward Technologies, WayForward",4.5715,0.383482378,Medium (3-4),458
Sonic Origins,22-06-2022,3.4,121,121,558,49,209,306,2022,6,Adventure,Sega,"Adventure, Platform",Sega,1.4835,0.547406082,Medium (3-4),459
Kuru Kuru Kururin,21-03-2001,3.4,138,138,439,33,160,76,2001,3,Arcade,Eighting,"Arcade, Puzzle",Eighting,0.831,0.172727273,Medium (3-4),460
Pikmin 2,29-04-2004,4.1,530,530,2700,53,988,500,2004,4,Adventure,Nintendo,"Adventure, Real Time Strategy","Nintendo, Nintendo EAD",5.182,0.185116623,High (4+),461
Wonderful Everyday: Down the Rabbit-Hole,26-03-2010,4.1,269,269,982,127,536,480,2010,3,Adventure,Frontwing,"Adventure, Visual Novel","Frontwing, Makura",2.746,0.488301119,High (4+),462
Paper Mario: The Origami King,17-07-2020,3.5,525,525,2400,188,1200,714,2020,7,Adventure,Nintendo,"Adventure, RPG","Nintendo, Intelligent Systems",5.628,0.297376093,Medium (3-4),463
Conker's Bad Fur Day,05-03-2001,3.6,426,426,2700,39,907,503,2001,3,Adventure,Rare,"Adventure, Platform, Shooter","Rare, THQ",5.0665,0.186227323,Medium (3-4),464
Fire Emblem: Radiant Dawn,22-02-2007,4,459,459,1800,69,1100,497,2007,2,RPG,Nintendo,"RPG, Strategy, Tactical","Nintendo, Nintendo SPD Group No. 2",4.444,0.275957801,Medium (3-4),465
Need for Speed: Heat,08-11-2019,3.1,180,180,1600,100,455,94,2019,11,Adventure,Electronic Arts,"Adventure, Racing, Sport","Electronic Arts, Ghost Games",2.4705,0.058713304,Medium (3-4),466
Skate 3,11-05-2010,4,318,318,4100,44,313,188,2010,5,Sport,EA Black Box,Sport,"EA Black Box, Electronic Arts",4.9455,0.045842477,Medium (3-4),467
Braid,06-08-2008,3.4,380,380,3500,26,782,385,2008,8,Adventure,Number None Inc.,"Adventure, Indie, Platform, Puzzle, Strategy","Number None Inc., Microsoft Game Studios",5.443,0.10996858,Medium (3-4),468
Metro 2033,16-03-2010,3.5,328,328,3700,49,1100,224,2010,3,RPG,4A Games,"RPG, Shooter","4A Games, THQ",5.798,0.060524183,Medium (3-4),469
Another Pokémon Game,15-02-2023,3,19,19,59,2,24,22,2023,2,Adventure,3D: Doom Daddy Digital,"Adventure, RPG",3D: Doom Daddy Digital,0.139,0.366666667,Low (<3),470
Super Mario Party,05-10-2018,2.8,336,336,5300,34,241,185,2018,10,Card & Board Game,Nintendo,"Card & Board Game, Platform, Puzzle",Nintendo,6.0315,0.034899076,Low (<3),471
Kentucky Route Zero,07-01-2013,4.1,474,474,1200,128,1200,842,2013,1,Adventure,Cardboard Computer,"Adventure, Indie, Point-and-Click",Cardboard Computer,4.684,0.701082431,High (4+),472
The Legend of Zelda: Twilight Princess HD,04-03-2016,4.2,447,447,2500,91,956,503,2016,3,Adventure,Nintendo,"Adventure, Platform, Puzzle","Nintendo, Nintendo EPD",4.94,0.201119552,High (4+),473
We Love Katamari,06-07-2005,4.3,429,429,1400,38,520,410,2005,7,Adventure,NOW Production,"Adventure, Puzzle","NOW Production, Namco",3,0.292648108,High (4+),474
Serial Experiments Lain,26-11-1998,4,173,173,397,29,637,727,1998,11,Adventure,Pionner LDC,Adventure,Pionner LDC,2.8065,1.826633166,Medium (3-4),475
Kirby's Dream Land 2,21-03-1995,3.2,414,414,2300,41,480,146,1995,3,Platform,Nintendo,Platform,"Nintendo, HAL Laboratory",3.312,0.063450674,Medium (3-4),476
Harvestella,04-11-2022,3.4,103,103,160,86,268,469,2022,11,Adventure,Square Enix,"Adventure, RPG, Simulator",Square Enix,1.5,2.913043478,Medium (3-4),477
Dishonored: Death of the Outsider,14-09-2017,3.6,328,328,1800,41,1400,352,2017,9,Adventure,Arkane Studios,"Adventure, RPG","Arkane Studios, Bethesda Softworks",4.604,0.195446974,Medium (3-4),478
Life is Strange 2,26-09-2018,3.3,421,421,2600,107,939,643,2018,9,Adventure,DON'T NOD,Adventure,"DON'T NOD, Square Enix",5.2945,0.247212611,Medium (3-4),479
Banjo-Tooie,20-11-2000,3.8,443,443,3000,29,1200,485,2000,11,Adventure,Microsoft Game Studios,"Adventure, Platform","Microsoft Game Studios, Rare",5.77,0.161612796,Medium (3-4),480
The Legend of Zelda: Oracle of Ages,27-02-2001,3.7,512,512,2800,60,1500,492,2001,2,Adventure,Nintendo,"Adventure, RPG","Nintendo, Capcom",6.034,0.175651553,Medium (3-4),481
Lobotomy Corporation,09-04-2018,4.1,134,134,621,132,536,327,2018,4,Indie,Project Moon,"Indie, Simulator",Project Moon,2.079,0.525723473,High (4+),482
Saints Row 2,14-10-2008,3.7,412,412,3600,56,803,191,2008,10,Adventure,Volition,"Adventure, Racing, Shooter","Volition, THQ",5.1865,0.053040822,Medium (3-4),483
Final Fantasy VII Rebirth,31-12-2023,3.7,192,192,20,3,354,1100,2023,12,,Square Enix,,Square Enix,2.751,52.38095238,Medium (3-4),484
Castlevania: Bloodlines,17-03-1994,3.7,447,447,1800,25,682,230,1994,3,Adventure,Konami,"Adventure, Platform",Konami,3.283,0.12770683,Medium (3-4),485
Tiny Tina's Wonderlands,25-03-2022,3.4,224,224,738,140,467,537,2022,3,Adventure,2K Games,"Adventure, RPG, Shooter","2K Games, Gearbox Software",2.5125,0.726657645,Medium (3-4),486
Utawarerumono: Mask of Truth,21-09-2016,4.4,182,182,442,21,411,266,2016,9,Adventure,Aquaplus,"Adventure, RPG, Simulator, Strategy, Tactical, Visual Novel","Aquaplus, Atlus USA",1.5905,0.600451467,High (4+),487
Hitman World of Assassination,26-01-2023,4.6,38,38,167,47,54,54,2023,1,Adventure,Inlusio Interactive,"Adventure, Shooter, Tactical","Inlusio Interactive, IO Interactive",0.356,0.321428571,High (4+),488
Just Cause 2,23-03-2010,3.2,302,302,5100,36,771,142,2010,3,Adventure,Avalanche Studios,"Adventure, Racing, Shooter","Avalanche Studios, Eidos Interactive",6.5405,0.027837679,Medium (3-4),489
Lies of P,01-08-2023,3.7,175,175,5,0,260,939,2023,8,RPG,NEOWIZ,RPG,"NEOWIZ, Round8 Studio",2.273,156.5,Medium (3-4),490
Final Fantasy V,06-12-1992,3.8,532,532,2300,78,1200,460,1992,12,Adventure,Square Enix,"Adventure, RPG",Square Enix,5.02,0.199913081,Medium (3-4),491
Jet Set Radio Future,22-02-2002,4.3,448,448,1400,47,784,645,2002,2,Music,Smilebit,"Music, Platform, Racing, Sport","Smilebit, Sega",3.866,0.460385439,High (4+),492
Overcooked!,03-08-2016,3.5,376,376,4600,76,723,115,2016,8,Arcade,Ghost Town Games,"Arcade, Indie, Simulator, Strategy","Ghost Town Games, Team17",5.9145,0.024994566,Medium (3-4),493
Shin Megami Tensei IV: Apocalypse,10-02-2016,3.6,442,442,1800,109,1500,634,2016,2,Adventure,Atlus USA,"Adventure, RPG","Atlus USA, Atlus",5.318,0.352026652,Medium (3-4),494
Muse Dash,15-06-2018,3.5,185,185,2700,247,396,193,2018,6,Indie,X.D. Network Inc.,"Indie, Music","X.D. Network Inc., PeroPeroGames",3.68,0.071455017,Medium (3-4),495
Fire Emblem: Genealogy of the Holy War,14-05-1996,4,468,468,1300,81,836,385,1996,5,RPG,"Intelligent Systems Co., Ltd.","RPG, Strategy, Turn Based Strategy","Intelligent Systems Co., Ltd., Nintendo",3.324,0.295926211,Medium (3-4),496
Judas,31-03-2025,3.7,90,90,1,0,92,437,2025,3,Adventure,Ghost Story Games,"Adventure, Shooter",Ghost Story Games,1.013,218.5,Medium (3-4),497
Half-Life: Opposing Force,10-11-1999,3.7,298,298,3000,38,838,95,1999,11,Platform,Gearbox Software,"Platform, Puzzle, Shooter","Gearbox Software, Sierra Entertainment",4.447,0.031656115,Medium (3-4),498
Bloodborne PSX,31-01-2022,3.5,106,106,577,16,434,299,2022,1,Adventure,LW Media,"Adventure, RPG",LW Media,1.826,0.517301038,Medium (3-4),499
Prototype,09-06-2009,3,225,225,4500,30,643,314,2009,6,Adventure,Activision,"Adventure, Brawler, Platform","Activision, Radical Entertainment",6.0925,0.069762275,Low (<3),500
Pokémon Gold,21-11-1999,3.8,495,495,5500,29,326,133,1999,11,Adventure,Nintendo,"Adventure, RPG, Turn Based Strategy","Nintendo, Game Freak",6.255,0.024177422,Medium (3-4),501
Valheim,02-02-2021,3.6,210,210,2500,261,496,276,2021,2,Adventure,Iron Gate AB,"Adventure, Indie, RPG","Iron Gate AB, Coffee Stain Publishing",3.796,0.110355858,Medium (3-4),502
Your Turn To Die: Death Game By Majority,28-08-2017,4.1,221,221,1300,241,630,548,2017,8,Adventure,Nankidai,"Adventure, Indie, Visual Novel","Nankidai, 0UP Games",3.341,0.42121445,High (4+),503
Gal Guardians: Demon Purge,23-02-2023,3.4,39,39,69,8,61,150,2023,2,Adventure,Inti Creates,"Adventure, Platform",Inti Creates,0.4605,2.142857143,Medium (3-4),504
Mortal Shell,18-08-2020,2.7,192,192,847,30,678,194,2020,8,Indie,Playstack,"Indie, RPG","Playstack, Cold Symmetry",2.252,0.228773585,Low (<3),505
Kingdom Come: Deliverance,13-02-2018,3.6,238,238,1800,110,1400,335,2018,2,Adventure,Deep Silver,"Adventure, RPG","Deep Silver, Warhorse Studios",4.57,0.186007773,Medium (3-4),506
Sleeping Dogs: Definitive Edition,10-10-2014,3.8,250,250,2600,64,967,213,2014,10,Adventure,Square Enix,"Adventure, Brawler, Racing, Shooter","Square Enix, United Front Games",4.4765,0.08189158,Medium (3-4),507
Resident Evil 4: Ultimate HD Edition,28-02-2014,4.4,148,148,889,56,151,35,2014,2,Adventure,Capcom Production Studio 4,"Adventure, Shooter","Capcom Production Studio 4, Capcom",1.1855,0.039325843,High (4+),508
LEGO Builder's Journey,20-12-2019,3.2,138,138,484,22,317,114,2019,12,Adventure,Light Brick Studio,"Adventure, Indie, Puzzle","Light Brick Studio, The LEGO Group",1.1875,0.235051546,Medium (3-4),509
Guilty Gear Xrd: Rev 2,30-03-2017,4.1,379,379,3000,118,314,175,2017,3,Fighting,Arc System Works,Fighting,"Arc System Works, Aksys Games",3.821,0.058313895,High (4+),510
Super Kiwi 64,02-12-2022,3.4,79,79,239,5,70,75,2022,12,Adventure,Siactro,"Adventure, Arcade, Platform",Siactro,0.494,0.3125,Medium (3-4),511
Infamous 2,07-06-2011,3.7,409,409,4400,21,674,343,2011,6,Adventure,Sucker Punch Productions,"Adventure, Brawler, Puzzle","Sucker Punch Productions, Sony Computer Entertainment, Inc. (SCEI)",6.097,0.077936833,Medium (3-4),512
Fallout 3: Game of the Year Edition,13-10-2009,3.6,188,188,2600,67,694,123,2009,10,Adventure,Bethesda Game Studios,"Adventure, RPG, Shooter","Bethesda Game Studios, Bethesda Softworks",3.887,0.047289504,Medium (3-4),513
Melatonin,15-12-2022,3.7,104,104,185,28,96,235,2022,12,Arcade,Half Asleep,"Arcade, Indie, Music, Puzzle",Half Asleep,0.799,1.26344086,Medium (3-4),514
Gungrave G.O.R.E,22-11-2022,2.1,85,85,186,13,138,149,2022,11,Adventure,Iggymob,"Adventure, Fighting, Shooter, Simulator, Strategy","Iggymob, Red Entertainment",0.691,0.796791444,Low (<3),515
Like a Dragon Gaiden: The Man Who Erased His Name,31-12-2023,3.7,118,118,2,1,145,588,2023,12,Adventure,Ryū Ga Gotoku Studios,"Adventure, Brawler, RPG","Ryū Ga Gotoku Studios, Sega",1.3955,196,Medium (3-4),516
Garten of Banban,06-01-2023,1.2,26,26,130,1,5,4,2023,1,Adventure,Euphoric Brothers,"Adventure, Indie, Puzzle",Euphoric Brothers,0.1455,0.030534351,Low (<3),517
Hitman: Blood Money,26-05-2006,4,414,414,3200,37,859,238,2006,5,Shooter,IO Interactive,Shooter,"IO Interactive, Eidos Interactive",4.9645,0.074351765,Medium (3-4),518
Professor Layton and the Unwound Future,27-11-2008,4.3,378,378,2400,33,664,388,2008,11,Point-and-Click,Level-5,"Point-and-Click, Puzzle, Visual Novel","Level-5, Nintendo of America",4.172,0.161599334,High (4+),519
The Dark Pictures Anthology: The Devil in Me,18-11-2022,2.9,123,123,332,20,135,276,2022,11,Adventure,Supermassive Games,Adventure,"Supermassive Games, Bandai Namco Entertainment",1.0865,0.828828829,Low (<3),520
Donkey Kong Country: Tropical Freeze,04-05-2018,4.2,373,373,2100,91,741,500,2018,5,Platform,Nintendo,Platform,"Nintendo, Retro Studios",4.2115,0.237981913,High (4+),521
Fire Emblem: Thracia 776,01-09-1999,4.1,329,329,820,65,771,329,1999,9,RPG,"Intelligent Systems Co., Ltd.","RPG, Strategy, Tactical","Intelligent Systems Co., Ltd., Nintendo",2.6345,0.400730816,High (4+),522
Moonlighter,29-05-2018,3.2,280,280,2200,134,1200,309,2018,5,Adventure,Digital Sun Games,"Adventure, Brawler, Indie, RPG, Simulator","Digital Sun Games, 11 bit studios",4.618,0.140390731,Medium (3-4),523
Pikmin 3,13-07-2013,4,388,388,2700,39,797,385,2013,7,Adventure,Nintendo EAD Software Development Group No.4,"Adventure, Real Time Strategy","Nintendo EAD Software Development Group No.4, Nintendo",4.6655,0.1425398,Medium (3-4),524
Five Nights at Freddy's 4,23-07-2015,2.8,199,199,3300,13,216,111,2015,7,Adventure,Scottgames,"Adventure, Indie, Point-and-Click, Simulator, Strategy","Scottgames, Clickteam",3.846,0.033626174,Low (<3),525
Chaos;Head Noah,26-02-2009,4,84,84,199,73,215,174,2009,2,Adventure,5pb.,"Adventure, Simulator, Visual Novel",5pb.,0.8695,0.87,Medium (3-4),526
Nier: Automata - The End of Yorha Edition,06-10-2022,4.5,68,68,370,59,240,147,2022,10,Adventure,Square Enix,"Adventure, RPG","Square Enix, PlatinumGames",1.024,0.396226415,High (4+),527
Phoenix Wright: Ace Attorney - Spirit of Justice,09-06-2016,3.7,402,402,2400,96,1200,506,2016,6,Adventure,Capcom,"Adventure, Point-and-Click, Puzzle, RPG, Visual Novel",Capcom,5.212,0.210745523,Medium (3-4),528
Crysis,13-11-2007,3.2,224,224,3000,26,561,241,2007,11,Adventure,Crytek Frankfurt,"Adventure, Shooter","Crytek Frankfurt, Electronic Arts",4.3235,0.080306564,Medium (3-4),529
Fallout Shelter,14-06-2015,2.4,172,172,5300,44,214,38,2015,6,RPG,Bethesda Game Studios,"RPG, Simulator, Strategy","Bethesda Game Studios, Bethesda Softworks",5.697,0.007168459,Low (<3),530
Sonic and the Secret Rings,20-02-2007,1.9,362,362,3100,18,348,160,2007,2,Platform,Sega,Platform,"Sega, Sonic Team",3.942,0.051596259,Low (<3),531
FTL: Faster Than Light,14-09-2012,3.8,325,325,3800,64,902,202,2012,9,Indie,Subset Games,"Indie, RPG, Simulator, Strategy",Subset Games,5.557,0.053143909,Medium (3-4),532
Mario Party 2,17-12-1999,3.7,348,348,3900,11,199,132,1999,12,Card & Board Game,Hudson Soft,Card & Board Game,"Hudson Soft, Nintendo",4.4625,0.033837478,Medium (3-4),533
Attack of the Friday Monsters! A Tokyo Tale,17-07-2013,3.7,178,178,393,22,385,298,2013,7,Adventure,Level-5,"Adventure, Simulator","Level-5, Millennium Kitchen",1.5665,0.756345178,Medium (3-4),534
Animal Crossing,14-12-2001,3.9,533,533,3900,51,389,317,2001,12,Simulator,Nintendo,Simulator,"Nintendo, Nintendo EAD",5.1175,0.081261215,Medium (3-4),535
Fire Emblem Fates: Revelation,09-07-2015,2.3,296,296,2500,52,707,244,2015,7,RPG,"Intelligent Systems Co., Ltd.","RPG, Strategy, Turn Based Strategy","Intelligent Systems Co., Ltd., Nintendo",4.0485,0.097560976,Low (<3),536
Bloodstained: Curse of the Moon,23-05-2018,3.6,341,341,2300,41,800,397,2018,5,Adventure,Inti Creates,"Adventure, Indie, Platform",Inti Creates,4.294,0.172533681,Medium (3-4),537
Final Fantasy XIII-2,15-12-2011,3.3,482,482,2300,58,1400,449,2011,12,Adventure,Square Enix,"Adventure, RPG",Square Enix,5.298,0.195132551,Medium (3-4),538
Agar.io,28-04-2015,2.2,81,81,4400,8,40,12,2015,4,Indie,Miniclip.com,"Indie, Strategy","Miniclip.com, Matheus Valadares",4.484,0.002726653,Low (<3),539
Fatal Frame II: Crimson Butterfly,27-11-2003,4.2,398,398,1000,38,690,513,2003,11,Adventure,"Tecmo Co., Ltd.",Adventure,"Tecmo Co., Ltd., Ubisoft Entertainment",3.061,0.512487512,High (4+),540
World of Warcraft,23-11-2004,3.5,369,369,4500,115,139,74,2004,11,Adventure,Blizzard Entertainment,"Adventure, RPG",Blizzard Entertainment,4.8565,0.016440791,Medium (3-4),541
The Legend of Heroes: Trails of Cold Steel II,25-09-2014,3.7,401,401,1700,45,707,319,2014,9,Adventure,NIS America,"Adventure, RPG, Turn Based Strategy","NIS America, Nihon Falcom",3.3985,0.187536743,Medium (3-4),542
Gang Beasts,12-12-2017,3.1,207,207,3200,30,177,142,2017,12,Fighting,Boneloaf,"Fighting, Indie","Boneloaf, Double Fine Productions",3.7495,0.044361137,Medium (3-4),543
Armored Core 3,01-04-2002,3.7,115,115,297,19,273,142,2002,4,Shooter,Agetec,"Shooter, Strategy","Agetec, FromSoftware",0.9905,0.476510067,Medium (3-4),544
Star Wars: The Force Unleashed II,26-10-2010,2.8,242,242,4100,18,597,268,2010,10,Adventure,LucasArts,"Adventure, Brawler, RPG",LucasArts,5.5315,0.065349915,Low (<3),545
Fortnite,25-07-2017,2.8,827,827,17000,926,470,47,2017,7,Adventure,Epic Games,"Adventure, RPG, Shooter, Strategy",Epic Games,17.799,0.002764543,Low (<3),546
Fall Guys,04-08-2020,3,874,874,16000,654,618,271,2020,8,Indie,Devolver Digital,"Indie, Platform, Sport","Devolver Digital, Mediatonic",17.469,0.016936441,Low (<3),547
It Takes Two,25-03-2021,4.2,1300,1300,8100,999,2500,2100,2021,3,Adventure,Hazelight Studios,"Adventure, Platform, Puzzle","Hazelight Studios, Electronic Arts",16.05,0.259227256,High (4+),548
BioShock,21-08-2007,4,1800,1800,17000,339,4000,1200,2007,8,Adventure,2K Games,"Adventure, RPG, Shooter","2K Games, 2K Boston",25.4,0.070584083,Medium (3-4),549
Metal Gear Solid,03-09-1998,4.2,1900,1900,12000,287,3000,1600,1998,9,Adventure,Microsoft,"Adventure, Tactical","Microsoft, Konami Computer Entertainment Japan",19.7,0.133322223,High (4+),550
Yakuza: Like a Dragon,16-01-2020,4.3,1600,1600,6000,847,4800,2800,2020,1,Adventure,Sega,"Adventure, RPG, Turn Based Strategy","Sega, Ryū Ga Gotoku Studios",18.8,0.466588902,High (4+),551
Animal Crossing: New Horizons,19-03-2020,3.6,1600,1600,20000,1800,1300,1100,2020,3,Simulator,Nintendo EPD,Simulator,"Nintendo EPD, Nintendo",24.15,0.05499725,Medium (3-4),552
BioShock Infinite,26-02-2013,3.5,1500,1500,18000,197,4100,949,2013,2,Adventure,Irrational Games,"Adventure, Shooter","Irrational Games, 2K Games",26.048,0.052719293,Medium (3-4),553
Mirror's Edge,11-11-2008,3.5,788,788,12000,117,2100,813,2008,11,Adventure,Electronic Arts,"Adventure, Platform, Shooter","Electronic Arts, EA Digital Illusions CE",16.776,0.067744355,Medium (3-4),554
Bayonetta 2,20-09-2014,4.1,1100,1100,6000,154,3300,2000,2014,9,Brawler,PlatinumGames,Brawler,"PlatinumGames, Nintendo",14.95,0.333277787,High (4+),555
Sonic Generations,01-11-2011,3.8,1100,1100,9900,133,1700,480,2011,11,Adventure,Sonic Team,"Adventure, Platform","Sonic Team, Sega",13.41,0.048479952,Medium (3-4),556
Shin Megami Tensei: Nocturne,20-02-2003,4.2,1100,1100,4100,358,2500,1300,2003,2,RPG,Atlus,RPG,"Atlus, Ghostlight Ltd.",10.45,0.316995855,High (4+),557
Death's Door,20-07-2021,3.8,738,738,3300,292,1700,1400,2021,7,Adventure,Devolver Digital,"Adventure, Brawler, Indie, RPG","Devolver Digital, Acid Nerve",8.65,0.424113905,Medium (3-4),558
Devil May Cry 3: Dante's Awakening - Special Edition,24-01-2006,4.4,852,852,6500,176,1400,481,2006,1,Adventure,Capcom,"Adventure, Brawler, Shooter","Capcom, Capcom Production Studio 1",9.562,0.073988617,High (4+),559
Assassin's Creed IV Black Flag,29-10-2013,3.7,1200,1200,13000,211,2200,716,2013,10,Adventure,Ubisoft Montreal,"Adventure, Platform","Ubisoft Montreal, Ubisoft Entertainment",17.732,0.055072687,Medium (3-4),560
Crisis Core: Final Fantasy VII - Reunion,13-12-2022,3.8,409,409,1300,284,1000,1300,2022,12,RPG,Square Enix,RPG,Square Enix,5.4,0.99923136,Medium (3-4),561
Metroid Prime,17-11-2002,4.3,1400,1400,6800,221,2700,1200,2002,11,Adventure,Nintendo,"Adventure, Platform, Shooter","Nintendo, Retro Studios",13.25,0.17644464,High (4+),562
Sonic the Hedgehog 2,21-11-1992,3.7,1200,1200,10000,56,883,228,1992,11,Adventure,Sonic Team,"Adventure, Platform","Sonic Team, Sega",11.7805,0.02279772,Medium (3-4),563
Metal Gear Solid 4: Guns of the Patriots,12-06-2008,3.9,1200,1200,7700,94,2500,1300,2008,6,Adventure,Kojima Productions,"Adventure, Shooter, Tactical","Kojima Productions, Konami",14.05,0.168809246,Medium (3-4),564
Atomic Heart,21-02-2023,3,363,363,983,241,676,1100,2023,2,Adventure,Mundfish,"Adventure, RPG, Shooter","Mundfish, Focus Entertainment",4.197,1.117886179,Low (<3),565
Resident Evil 5,05-03-2009,3.1,1000,1000,10000,176,1600,561,2009,3,Adventure,Capcom,"Adventure, Shooter",Capcom,13.522,0.056094391,Medium (3-4),566
The World Ends with You,26-07-2007,4.2,1000,1000,5200,256,2800,1500,2007,7,Arcade,Square Enix,"Arcade, RPG","Square Enix, Ubisoft Entertainment",12.4,0.288406076,High (4+),567
A Hat in Time,05-10-2017,4,898,898,7200,320,2700,1600,2017,10,Adventure,Humble Bundle,"Adventure, Indie, Platform","Humble Bundle, Gears for Breakfast",14.45,0.222191362,Medium (3-4),568
Scorn,14-10-2022,3,348,348,1400,100,747,934,2022,10,Adventure,Ebb Software,"Adventure, Indie, Puzzle","Ebb Software, Kepler Interactive",4.3885,0.666666667,Low (<3),569
Fire Emblem: Awakening,19-04-2012,3.8,1200,1200,9500,287,2000,814,2012,4,Adventure,"Intelligent Systems Co., Ltd.","Adventure, RPG, Strategy","Intelligent Systems Co., Ltd., Nintendo",14.128,0.085675192,Medium (3-4),570
Cuphead: The Delicious Last Course,30-06-2022,4.3,398,398,2200,154,989,951,2022,6,Adventure,Studio MDHR,"Adventure, Indie, Platform",Studio MDHR,5.5855,0.432076329,High (4+),571
Ori and the Will of the Wisps,10-03-2020,4.3,1200,1200,6000,263,3700,2200,2020,3,Adventure,Moon Studios,"Adventure, Platform","Moon Studios, Xbox Game Studios",15.95,0.366605566,High (4+),572
Mass Effect,20-11-2007,3.8,1000,1000,10000,172,2000,774,2007,11,RPG,BioWare,"RPG, Shooter","BioWare, Microsoft Game Studios",14.548,0.077392261,Medium (3-4),573
Return of the Obra Dinn,18-10-2018,4.3,1000,1000,4700,195,2600,2400,2018,10,Adventure,3909,"Adventure, Indie, Puzzle","3909, Lucas Pope",13.4,0.510529675,High (4+),574
Kingdom Hearts III,25-01-2019,3.5,1100,1100,8100,206,2600,1100,2019,1,Adventure,Square Enix,"Adventure, Brawler, RPG","Square Enix, Disney Interactive Studios",14.2,0.135785705,Medium (3-4),575
Fallout 3,28-10-2008,3.4,894,894,12000,162,2000,589,2008,10,RPG,ZeniMax Media,"RPG, Shooter","ZeniMax Media, Bethesda Game Studios",16.178,0.049079243,Medium (3-4),576
Uncharted: Drake's Fortune,16-11-2007,3.1,882,882,12000,98,1200,460,2007,11,Adventure,Naughty Dog,"Adventure, Platform, Shooter","Naughty Dog, Sony Computer Entertainment, Inc. (SCEI)",14.72,0.038330139,Medium (3-4),577
"Zero Escape: Nine Hours, Nine Persons, Nine Doors",10-12-2009,4.2,949,949,6100,162,1800,991,2009,12,Adventure,Chunsoft,"Adventure, Point-and-Click, Puzzle, Visual Novel","Chunsoft, Spike",10.782,0.162432388,High (4+),578
Lost Judgment,24-09-2021,4.3,790,790,1700,192,1700,1600,2021,9,Adventure,Ryū Ga Gotoku Studios,"Adventure, Brawler, RPG","Ryū Ga Gotoku Studios, Sega",7.45,0.940623163,High (4+),579
Super Mario 3D Land,03-11-2011,3.5,1000,1000,12000,146,1000,461,2011,11,Platform,Nintendo EAD,Platform,"Nintendo EAD, Nintendo",14.422,0.038413466,Medium (3-4),580
Gris,13-12-2018,3.6,911,911,6600,227,2700,1500,2018,12,Adventure,Nomada Studio,"Adventure, Indie, Platform, Puzzle","Nomada Studio, Devolver Digital",13.65,0.227238297,Medium (3-4),581
Silent Hill 3,23-05-2003,4.2,1100,1100,4900,156,2000,1400,2003,5,Adventure,Konami,"Adventure, Puzzle","Konami, Team Silent",10.7,0.285655989,High (4+),582
Call of Duty: Modern Warfare 2,10-11-2009,3.8,1000,1000,14000,34,666,276,2009,11,Shooter,Infinity Ward,Shooter,"Infinity Ward, Activision",15.551,0.019712878,Medium (3-4),583
The Walking Dead: Season One,24-04-2012,4,1200,1200,12000,111,1100,467,2012,4,Adventure,Telltale Games,"Adventure, Point-and-Click","Telltale Games, Sony Computer Entertainment",14.584,0.038913424,Medium (3-4),584
Mario Kart DS,14-11-2005,3.8,857,857,15000,36,417,159,2005,11,Racing,Nintendo EAD Group No. 1,Racing,Nintendo EAD Group No. 1,15.9435,0.010599293,Medium (3-4),585
Apex Legends,04-02-2019,3.1,624,624,12000,669,463,82,2019,2,Shooter,Respawn Entertainment,Shooter,"Respawn Entertainment, Electronic Arts",12.8585,0.006832764,Medium (3-4),586
Devil May Cry 2,25-01-2003,1.6,620,620,6400,56,1600,517,2003,1,Adventure,Capcom,"Adventure, Brawler","Capcom, Capcom Production Studio 1",9.834,0.08076863,Low (<3),587
The Legend of Zelda: Ocarina of Time 3D,16-06-2011,4.2,1000,1000,11000,314,1900,572,2011,6,Adventure,Grezzo,"Adventure, Puzzle, RPG","Grezzo, Nintendo",14.994,0.051995273,High (4+),588
Twelve Minutes,19-08-2021,2.4,526,526,4000,63,738,801,2021,8,Adventure,Annapurna Interactive,"Adventure, Indie, Point-and-Click, Puzzle","Annapurna Interactive, Luis Antonio",6.709,0.20019995,Low (<3),589
Rayman Legends,30-08-2013,4,921,921,9800,177,2300,643,2013,8,Adventure,Ubisoft Montpellier,"Adventure, Platform","Ubisoft Montpellier, Ubisoft Entertainment",14.536,0.06560555,Medium (3-4),590
Uncharted 2: Among Thieves,13-10-2009,3.9,1400,1400,12000,96,1500,515,2009,10,Adventure,Naughty Dog,"Adventure, Platform, Shooter","Naughty Dog, Sony Computer Entertainment",15.28,0.042913091,Medium (3-4),591
Monster Hunter: World,26-01-2018,3.8,856,856,10000,474,2300,861,2018,1,Adventure,Capcom,"Adventure, RPG",Capcom,15.172,0.086091391,Medium (3-4),592
Milk inside a bag of milk inside a bag of milk,26-08-2020,3.3,503,503,3200,26,899,692,2020,8,Adventure,Nikita Kryukov,"Adventure, Indie, Visual Novel","Nikita Kryukov, Nikita Kaf Publishing",5.9325,0.216182443,Medium (3-4),593
The Legend of Zelda: A Link Between Worlds,22-11-2013,4.1,1300,1300,10000,168,2400,1100,2013,11,Adventure,Nintendo,"Adventure, Puzzle, RPG","Nintendo, Nintendo EAD Software Development Group No.3",15.8,0.109989001,High (4+),594
Final Fantasy XIV: Endwalker,07-12-2021,4.6,426,426,2500,454,683,391,2021,12,Adventure,Square Enix,"Adventure, RPG",Square Enix,4.3065,0.156337465,High (4+),595
The Legend of Zelda: The Minish Cap,04-11-2004,3.9,1100,1100,8700,280,2500,911,2004,11,Adventure,Nintendo,"Adventure, RPG","Nintendo, Capcom Production Studio 1",14.272,0.104700609,Medium (3-4),596
Pokémon Go,06-07-2016,2.7,400,400,14000,575,197,22,2016,7,RPG,The Pokémon Company,"RPG, Simulator","The Pokémon Company, Niantic Labs",14.3395,0.001571316,Low (<3),597
Night in the Woods,21-02-2017,4,1100,1100,6000,304,3200,1500,2017,2,Adventure,Finji,"Adventure, Indie, Platform","Finji, Infinite Fall",13.8,0.24995834,Medium (3-4),598
Shin Megami Tensei IV,23-05-2013,4.1,949,949,4300,397,2500,1100,2013,5,RPG,Atlus,RPG,"Atlus, Nintendo",10.25,0.255754476,High (4+),599
Kingdom Hearts II,22-12-2005,4.3,1200,1200,9600,137,1600,652,2005,12,Adventure,Buena Vista Games,"Adventure, RPG","Buena Vista Games, Square Enix",13.304,0.067909593,High (4+),600
Castlevania: Aria of Sorrow,06-05-2003,4.2,1000,1000,5100,114,1700,871,2003,5,Adventure,Konami Computer Entertainment Tokyo,"Adventure, Platform, RPG","Konami Computer Entertainment Tokyo, Konami",9.392,0.170750833,High (4+),601
Halo: Reach,14-09-2010,4,1200,1200,11000,98,1200,370,2010,9,Shooter,Bungie,Shooter,"Bungie, Microsoft Game Studios",13.54,0.033633306,Medium (3-4),602
Grand Theft Auto: Vice City,27-10-2002,3.8,1000,1000,12000,125,1600,526,2002,10,Adventure,Rockstar Games,"Adventure, Arcade, Racing, Shooter","Rockstar Games, Rockstar North",15.452,0.043829681,Medium (3-4),603
A Short Hike,30-07-2019,4.1,1100,1100,5400,91,1900,1000,2019,7,Adventure,adamgryu,"Adventure, Indie, Platform","adamgryu, Whippoorwill",10.25,0.185150898,High (4+),604
The Legend of Zelda: Tears of the Kingdom,12-05-2023,3.7,581,581,72,6,1600,5400,2023,5,Adventure,Nintendo,"Adventure, RPG","Nintendo, Nintendo EPD Production Group No. 3",13.272,73.97260274,Medium (3-4),605
Assassin's Creed III,30-10-2012,3,707,707,12000,72,1200,390,2012,10,Adventure,Ubisoft Entertainment,"Adventure, Strategy","Ubisoft Entertainment, Ubisoft Montreal",14.58,0.032497292,Low (<3),606
Castlevania,26-09-1986,3.4,845,845,5700,58,869,365,1986,9,Adventure,Nintendo,"Adventure, Platform","Nintendo, Konami",7.7335,0.064023855,Medium (3-4),607
Milk outside a bag of milk outside a bag of milk,16-12-2021,3.7,344,344,1500,55,828,651,2021,12,Adventure,Nikita Kryukov,"Adventure, Indie, Visual Novel",Nikita Kryukov,4.044,0.433710859,Medium (3-4),608
Lisa,15-12-2014,4.3,761,761,2900,143,2100,1300,2014,12,Adventure,Dingaling,"Adventure, Indie, RPG",Dingaling,8.65,0.448121337,High (4+),609
Crash Bandicoot,09-09-1996,3.5,660,660,8700,58,702,288,1996,9,Platform,Sony Computer Entertainment,Platform,"Sony Computer Entertainment, Naughty Dog",10.329,0.033099644,Medium (3-4),610
The Legend of Zelda: The Wind Waker HD,26-09-2013,4.3,887,887,6700,183,1700,910,2013,9,Adventure,Nintendo,"Adventure, Puzzle","Nintendo, Nintendo EAD Software Development Group No.3",11.07,0.135800627,High (4+),611
The Outer Worlds,25-10-2019,3.2,582,582,6600,256,2400,1300,2019,10,Adventure,Obsidian Entertainment,"Adventure, RPG, Shooter","Obsidian Entertainment, Private Division",12.8,0.196939858,Medium (3-4),612
The Legend of Zelda: Majora's Mask 3D,12-02-2015,4.1,797,797,6700,191,2200,813,2015,2,Adventure,Nintendo,"Adventure, RPG","Nintendo, Nintendo EAD Tokyo",11.626,0.121325175,High (4+),613
The Callisto Protocol,02-12-2022,2.9,266,266,737,62,511,1000,2022,12,Adventure,Krafton,"Adventure, Shooter","Krafton, Striking Distance Studios",3.5035,1.35501355,Low (<3),614
The Wolf Among Us,11-10-2013,3.9,837,837,8100,81,1500,678,2013,10,Adventure,Telltale Games,"Adventure, Point-and-Click",Telltale Games,11.706,0.083693371,Medium (3-4),615
Dead Space 2,25-01-2011,4,775,775,6000,97,1900,716,2011,1,Adventure,Electronic Arts,"Adventure, Shooter","Electronic Arts, Visceral Games",10.282,0.119313448,Medium (3-4),616
Super Mario Bros. 2,09-10-1988,3.1,864,864,8400,40,767,189,1988,10,Adventure,Nintendo,"Adventure, Platform","Nintendo, Nintendo EAD",9.9285,0.022497322,Medium (3-4),617
Until Dawn,25-08-2015,3.4,812,812,8000,85,1200,585,2015,8,Adventure,Supermassive Games,Adventure,"Supermassive Games, Sony Computer Entertainment",10.97,0.073115861,Medium (3-4),618
Kid Icarus: Uprising,22-03-2012,4.1,860,860,5400,140,1700,924,2012,3,Brawler,Nintendo,"Brawler, Shooter","Nintendo, Project Sora",9.798,0.17107943,High (4+),619
Chained Echoes,08-12-2022,4.2,191,191,445,228,584,598,2022,12,Adventure,Deck13 Spotlight,"Adventure, Indie, RPG, Strategy, Turn Based Strategy","Deck13 Spotlight, Ark Heiral",2.517,1.340807175,High (4+),620
BioShock Remastered,14-09-2016,4,509,509,4800,252,2200,341,2016,9,Adventure,2K Games,"Adventure, RPG, Shooter","2K Games, 2K Australia",8.782,0.071026869,Medium (3-4),621
Sonic Unleashed,20-11-2008,3.3,728,728,6500,118,995,476,2008,11,Adventure,Sega,"Adventure, Brawler, Platform","Sega, Sonic Team",8.9445,0.073219505,Medium (3-4),622
Yakuza 5 Remastered,20-06-2019,4.1,665,665,2900,223,2400,852,2019,6,Adventure,Ryū Ga Gotoku Studios,Adventure,"Ryū Ga Gotoku Studios, Sega",8.204,0.29369183,High (4+),623
Metal Gear Solid 3: Subsistence,22-12-2005,4.6,641,641,3700,50,949,639,2005,12,Adventure,Konami Computer Entertainment Japan,"Adventure, Shooter, Tactical","Konami Computer Entertainment Japan, Konami",6.4015,0.172656039,High (4+),624
Super Mario World 2: Yoshi's Island,05-08-1995,4.1,1100,1100,7100,141,1500,360,1995,8,Platform,Nintendo EAD,Platform,"Nintendo EAD, Nintendo",10.07,0.050697085,High (4+),625
Devil May Cry 4,31-01-2008,3.6,511,511,6500,84,1700,681,2008,1,Adventure,Capcom,"Adventure, Brawler","Capcom, Capcom Production Studio 1",10.412,0.104753115,Medium (3-4),626
Donut County,28-08-2018,3.4,695,695,5600,35,696,496,2018,8,Adventure,Annapurna Interactive,"Adventure, Indie, Puzzle","Annapurna Interactive, Ben Esposito",7.636,0.088555615,Medium (3-4),627
Assassin's Creed Origins,26-10-2017,3.4,788,788,7200,302,2000,681,2017,10,Adventure,Ubisoft Montreal,"Adventure, RPG","Ubisoft Montreal, Ubisoft Entertainment",11.562,0.094570199,Medium (3-4),628
Ghostwire: Tokyo,24-03-2022,3.1,387,387,1200,141,1100,1200,2022,3,Adventure,Bethesda Softworks,Adventure,"Bethesda Softworks, Tango Gameworks",5.25,0.999167361,Medium (3-4),629
Yakuza 4 Remastered,17-01-2019,3.7,655,655,3500,137,2100,815,2019,1,Adventure,SEGA of Japan,"Adventure, Brawler","SEGA of Japan, Ryū Ga Gotoku Studios",8.28,0.232790631,Medium (3-4),630
Call of Duty: Modern Warfare II,28-10-2022,3.3,347,347,1600,268,241,381,2022,10,Shooter,Infinity Ward,Shooter,"Infinity Ward, Activision",2.7235,0.237976265,Medium (3-4),631
Crash Bandicoot 4: It's About Time,02-10-2020,3.8,699,699,3200,293,1700,1300,2020,10,Platform,Toys for Bob,Platform,"Toys for Bob, Activision",8.35,0.406123087,Medium (3-4),632
Grand Theft Auto III,22-10-2001,3.3,711,711,7800,88,1300,373,2001,10,Adventure,DMA Design,"Adventure, Racing, Shooter, Simulator","DMA Design, Rockstar Games",10.496,0.047814383,Medium (3-4),633
Dead by Daylight,14-06-2016,3,451,451,7100,520,726,196,2016,6,Indie,Starbreeze publishing AB,"Indie, Strategy","Starbreeze publishing AB, Behaviour Interactive",8.581,0.027601746,Low (<3),634
Abzu,02-08-2016,3.4,714,714,5400,59,2100,548,2016,8,Adventure,505 Games,"Adventure, Indie, Puzzle, Simulator","505 Games, Giant Squid",9.646,0.101462692,Medium (3-4),635
Batman: Arkham Origins,16-10-2013,3.4,642,642,7800,125,1700,632,2013,10,Adventure,WB Games,"Adventure, Brawler","WB Games, WB Games Montréal",11.614,0.081015254,Medium (3-4),636
Splatoon 2,21-07-2017,3.8,736,736,8900,215,697,419,2017,7,Platform,Nintendo,"Platform, Shooter","Nintendo, Nintendo EPD",10.7835,0.047073363,Medium (3-4),637
Pokémon HeartGold,12-09-2009,4.2,892,892,9500,128,749,331,2009,9,Adventure,The Pokémon Company,"Adventure, RPG, Turn Based Strategy","The Pokémon Company, Game Freak",11.2855,0.034838438,High (4+),638
Kena: Bridge of Spirits,20-09-2021,3.6,491,491,2000,204,1400,1700,2021,9,Adventure,Ember Lab,"Adventure, Indie",Ember Lab,7.5,0.849575212,Medium (3-4),639
Final Fantasy VIII,11-02-1999,3.6,982,982,5100,182,2400,715,1999,2,Adventure,Square,"Adventure, RPG","Square, Square Enix",10.13,0.140168594,Medium (3-4),640
The Elder Scrolls IV: Oblivion,20-03-2006,3.7,725,725,8100,183,1900,563,2006,3,Adventure,Bethesda Game Studios,"Adventure, RPG","Bethesda Game Studios, 2K Games",12.076,0.069497593,Medium (3-4),641
The Silver Case,07-10-2016,4.2,641,641,1400,162,1200,714,2016,10,Adventure,NIS America,"Adventure, Puzzle, Visual Novel","NIS America, Grasshopper Manufacture",4.628,0.509635974,High (4+),642
Marvel's Spider-Man Remastered,12-11-2020,4.2,335,335,2800,206,574,472,2020,11,Adventure,Insomniac Games,"Adventure, Brawler","Insomniac Games, Sony Interactive Entertainment",4.605,0.168511246,High (4+),643
Alan Wake,14-05-2010,3.6,702,702,6200,96,2000,741,2010,5,Adventure,Microsoft Game Studios,"Adventure, Shooter","Microsoft Game Studios, Remedy Entertainment",10.682,0.119496855,Medium (3-4),644
A Way Out,23-03-2018,3.6,620,620,6400,127,945,668,2018,3,Adventure,Electronic Arts,Adventure,"Electronic Arts, Hazelight Studios",9.1535,0.104358694,Medium (3-4),645
LEGO Batman: The Video Game,18-04-2008,3.6,643,643,8800,82,920,152,2008,4,Adventure,WB Games,"Adventure, Brawler, Platform","WB Games, Traveller's Tales",10.484,0.017270765,Medium (3-4),646
Borderlands 3,13-09-2019,3.2,530,530,5700,356,2200,681,2019,9,RPG,2K Games,"RPG, Shooter","2K Games, Gearbox Software",10.362,0.119452728,Medium (3-4),647
Dragon Ball FighterZ,26-01-2018,3.7,603,603,7800,258,715,325,2018,1,Fighting,Arc System Works,Fighting,"Arc System Works, Bandai Namco Entertainment",9.5225,0.041661325,Medium (3-4),648
Ico,24-09-2001,4,671,671,3500,83,1800,1200,2001,9,Adventure,Team Ico,"Adventure, Platform, Puzzle","Team Ico, Sony Computer Entertainment, Inc. (SCEI)",8.6,0.342759212,Medium (3-4),649
Shin Megami Tensei III: Nocturne - HD Remaster,28-10-2020,4,457,457,1800,387,2000,1300,2020,10,RPG,Ghostlight Ltd.,"RPG, Turn Based Strategy","Ghostlight Ltd., Atlus",7.4,0.72182121,Medium (3-4),650
The Witness,26-01-2016,3.6,651,651,5300,186,2100,643,2016,1,Adventure,"Thekla, Inc","Adventure, Indie, Puzzle","Thekla, Inc",9.736,0.121297868,Medium (3-4),651
Animal Crossing: New Leaf,08-11-2012,4,813,813,9900,156,586,383,2012,11,Simulator,Nintendo,Simulator,"Nintendo, Nintendo EAD Group No. 2",11.545,0.038682961,Medium (3-4),652
Wo Long: Fallen Dynasty,03-03-2023,3.5,284,284,513,241,390,727,2023,3,Adventure,Koei Tecmo Games,"Adventure, RPG","Koei Tecmo Games, Team NINJA",2.552,1.414396887,Medium (3-4),653
Final Fantasy VII Remake Intergrade,10-06-2021,4.2,445,445,2400,297,1400,790,2021,6,Adventure,Square Enix,"Adventure, RPG",Square Enix,6.08,0.329029571,High (4+),654
Sonic Adventure 2,23-06-2001,3.6,842,842,5100,89,1000,342,2001,6,Adventure,Sega,"Adventure, Platform","Sega, Sonic Team USA",7.284,0.067045677,Medium (3-4),655
Destiny 2,06-09-2017,2.9,507,507,8700,524,845,103,2017,9,Adventure,Activision,"Adventure, RPG, Shooter","Activision, Bungie",10.1735,0.01183772,Low (<3),656
Kirby's Dream Land,27-04-1992,3.2,691,691,5300,22,411,178,1992,4,Platform,HAL Laboratory,Platform,"HAL Laboratory, Nintendo",6.2725,0.03357857,Medium (3-4),657
Mario Kart 8,29-05-2014,3.9,643,643,9300,40,225,121,2014,5,Arcade,Nintendo,"Arcade, Racing","Nintendo, Nintendo EAD Group No. 1",9.8795,0.013009354,Medium (3-4),658
Xenoblade Chronicles,10-06-2010,4.2,828,828,3900,142,1300,732,2010,6,Adventure,Nintendo,"Adventure, RPG","Nintendo, Monolith Soft",7.314,0.187644194,High (4+),659
The Forgotten City,28-07-2021,3.9,471,471,1700,53,818,701,2021,7,Adventure,Modern Storyteller,"Adventure, Indie, RPG","Modern Storyteller, Dear Villagers",4.329,0.412110523,Medium (3-4),660
Untitled Goose Game,20-09-2019,3.6,642,642,6500,137,1300,1200,2019,9,Adventure,House House,"Adventure, Indie, Puzzle, Simulator","House House, Panic",10.85,0.184586987,Medium (3-4),661
Sonic Adventure 2: Battle,20-12-2001,3.7,742,742,6800,78,771,248,2001,12,Adventure,Sonic Team,"Adventure, Platform","Sonic Team, Sega",8.4525,0.036465226,Medium (3-4),662
Saints Row: The Third,15-11-2011,3.4,482,482,9400,74,879,210,2011,11,Adventure,Volition,"Adventure, Racing, Shooter","Volition, THQ",11.1385,0.022338049,Medium (3-4),663
Call of Duty: Black Ops III,06-11-2015,3.1,550,550,8200,78,625,185,2015,11,Adventure,Activision,"Adventure, Shooter","Activision, Treyarch",9.5075,0.022558225,Medium (3-4),664
Pokémon Red,27-02-1996,3.4,734,734,8800,57,425,154,1996,2,Adventure,Nintendo,"Adventure, RPG, Turn Based Strategy","Nintendo, Game Freak",9.7455,0.017498012,Medium (3-4),665
Tinykin,30-08-2022,4,416,416,753,39,276,376,2022,8,Adventure,Splashteam,"Adventure, Arcade, Indie, Platform, Puzzle, RPG","Splashteam, tinyBuild",1.919,0.49867374,Medium (3-4),666
Dragon's Dogma: Dark Arisen,23-04-2013,3.8,458,458,3300,215,2200,469,2013,4,Adventure,Capcom,"Adventure, RPG",Capcom,7.538,0.142078158,Medium (3-4),667
Brawlhalla,30-04-2014,2.6,295,295,6900,146,294,36,2014,4,Arcade,Ubisoft,"Arcade, Fighting, Indie, Platform","Ubisoft, Blue Mammoth Games",7.413,0.005216635,Low (<3),668
Pokémon Unite,20-07-2021,2.7,285,285,4500,263,184,65,2021,7,MOBA,Timi,MOBA,"Timi, The Pokémon Company",4.906,0.014441235,Low (<3),669
Black Mesa,06-03-2020,4.1,459,459,3700,200,1500,600,2020,3,Adventure,Crowbar Collective,"Adventure, Indie, Platform, Shooter",Crowbar Collective,7.15,0.162118346,High (4+),670
The Messenger,30-08-2018,3.8,613,613,3700,157,1700,702,2018,8,Adventure,Sabotage,"Adventure, Arcade, Indie, Platform","Sabotage, Devolver Digital",7.654,0.189678465,Medium (3-4),671
Jet Set Radio,18-09-2012,3.7,504,504,3500,112,1900,671,2012,9,Platform,BlitWorks,Platform,"BlitWorks, Sega",7.692,0.191659526,Medium (3-4),672
Pathologic 2,23-05-2019,4.3,513,513,1300,155,1800,1300,2019,5,Adventure,Ice-Pick Lodge,"Adventure, Indie, RPG","Ice-Pick Lodge, tinyBuild",6.6,0.99923136,High (4+),673
Tactics Ogre: Reborn,11-11-2022,4.1,206,206,279,137,599,620,2022,11,RPG,Square Enix,"RPG, Simulator, Strategy, Tactical",Square Enix,2.4175,2.214285714,High (4+),674
Hyper Light Drifter,31-03-2016,3.8,599,599,4000,160,2600,981,2016,3,Adventure,Heart Machine,"Adventure, Indie, Platform, RPG",Heart Machine,9.862,0.245188703,Medium (3-4),675
Left 4 Dead,17-11-2008,3.6,488,488,8600,35,772,213,2008,11,Shooter,Certain Affinity,Shooter,"Certain Affinity, Valve",10.184,0.024764562,Medium (3-4),676
The 25th Ward: The Silver Case,13-03-2018,4.4,482,482,751,68,1000,738,2018,3,Adventure,NIS America,"Adventure, Puzzle, Visual Novel","NIS America, Grasshopper Manufacture",3.727,0.981382979,High (4+),677
Darkest Dungeon,19-01-2016,3.6,476,476,5200,328,2300,504,2016,1,Adventure,Red Hook Studios,"Adventure, Indie, RPG, Strategy, Turn Based Strategy",Red Hook Studios,9.658,0.096904441,Medium (3-4),678
Roblox,01-09-2006,2.8,187,187,5100,213,102,14,2006,9,Adventure,Roblox Corporation,"Adventure, Platform, Simulator",Roblox Corporation,5.281,0.00274456,Low (<3),679
The Last Guardian,06-12-2016,3.7,658,658,3200,83,2300,1300,2016,12,Adventure,Team Ico,"Adventure, Platform, Puzzle","Team Ico, Sony Interactive Entertainment",9.25,0.406123087,Medium (3-4),680
Drakengard 3,19-12-2013,3.8,503,503,1900,128,1400,946,2013,12,Adventure,Access Games,"Adventure, Brawler, RPG, Strategy","Access Games, Square Enix",5.892,0.497632825,Medium (3-4),681
Half-Life 2: Episode One,01-06-2006,3.7,469,469,7000,39,1600,262,2006,6,Shooter,Valve,Shooter,"Valve, CyberFront",9.924,0.037423225,Medium (3-4),682
Assassin's Creed Revelations,14-11-2011,3.3,628,628,8700,64,1000,343,2011,11,Adventure,Ubisoft Montreal,Adventure,"Ubisoft Montreal, Ubisoft Entertainment",10.886,0.039420756,Medium (3-4),683
Half-Life 2: Episode Two,09-10-2007,4.1,517,517,6900,43,1800,301,2007,10,Puzzle,CyberFront,"Puzzle, Shooter","CyberFront, Valve",10.202,0.043616867,High (4+),684
Mega Man,17-12-1987,2.8,639,639,5400,26,452,152,1987,12,Adventure,Capcom,"Adventure, Platform",Capcom,6.382,0.028142936,Low (<3),685
PowerWash Simulator,19-05-2021,3.7,304,304,1700,242,255,274,2021,5,Indie,Square Enix,"Indie, Simulator","Square Enix, FuturLab",2.6305,0.161081717,Medium (3-4),686
Cave Story,20-12-2004,4.2,543,543,3700,87,1300,693,2004,12,Adventure,Studio Pixel,"Adventure, Indie, Platform, Shooter",Studio Pixel,7.036,0.18724669,High (4+),687
Final Fantasy XIV: Shadowbringers,02-07-2019,4.6,401,401,3000,192,517,267,2019,7,RPG,Square Enix,RPG,Square Enix,4.3095,0.088970343,High (4+),688
Days Gone,26-04-2019,3.2,610,610,3900,212,1800,644,2019,4,Adventure,SIE Bend Studio,"Adventure, Shooter","SIE Bend Studio, Sony Interactive Entertainment",7.888,0.165085875,Medium (3-4),689
Tom Clancy's Rainbow Six Siege,01-12-2015,3.2,424,424,7900,302,381,139,2015,12,Shooter,Ubisoft Entertainment,"Shooter, Tactical","Ubisoft Entertainment, Ubisoft Montreal",8.7495,0.01759271,Medium (3-4),690
Trek to Yomi,05-05-2022,2.7,262,262,1000,67,457,446,2022,5,Adventure,Devolver Digital,"Adventure, Brawler, Indie","Devolver Digital, Leonard Menchiari",2.5775,0.445554446,Low (<3),691
Sonic CD,23-09-1993,3.4,629,629,4900,43,656,223,1993,9,Platform,Sonic Team,Platform,"Sonic Team, Sega",6.33,0.045500918,Medium (3-4),692
Mario Kart: Double Dash!!,07-11-2003,3.9,808,808,8400,31,449,265,2003,11,Racing,Nintendo EAD,Racing,"Nintendo EAD, Nintendo",9.6035,0.031543864,Medium (3-4),693
Rayman Origins,15-11-2011,3.8,547,547,6200,85,1200,417,2011,11,Adventure,Ubisoft Montpellier,"Adventure, Platform","Ubisoft Montpellier, Ubisoft Entertainment",8.834,0.067247218,Medium (3-4),694
Klonoa Phantasy Reverie Series,08-07-2022,3.8,197,197,647,119,563,782,2022,7,Adventure,MONKEYCRAFT Co. Ltd,"Adventure, Platform","MONKEYCRAFT Co. Ltd, Bandai Namco Entertainment",3.0555,1.206790123,Medium (3-4),695
Hitman 2,13-11-2018,4,605,605,5000,164,1800,607,2018,11,Adventure,WB Games,"Adventure, Shooter, Tactical","WB Games, IO Interactive",8.914,0.121375725,Medium (3-4),696
Max Payne 3,15-05-2012,3.7,593,593,5600,43,1000,518,2012,5,Shooter,Rockstar Games,Shooter,"Rockstar Games, Rockstar Vancouver",8.136,0.092483485,Medium (3-4),697
Catherine: Full Body,14-02-2019,3.8,451,451,2600,152,1700,1200,2019,2,Adventure,Atlus,"Adventure, Platform, Puzzle, Simulator, Strategy","Atlus, Studio Zero",7.55,0.461361015,Medium (3-4),698
Kirby: Planet Robobot,28-04-2016,4.2,669,669,3600,82,1000,644,2016,4,Adventure,HAL Laboratory,"Adventure, Platform","HAL Laboratory, Nintendo",6.388,0.178839211,High (4+),699
Battlefield 1,21-10-2016,3.4,513,513,7200,108,741,150,2016,10,Shooter,EA Digital Illusions CE,Shooter,"EA Digital Illusions CE, Electronic Arts",8.6115,0.02083044,Medium (3-4),700
Kirby’s Return to Dream Land Deluxe,24-02-2023,4.2,230,230,408,159,246,513,2023,2,Adventure,Nintendo,"Adventure, Platform",Nintendo,1.803,1.254278729,High (4+),701
Persona 2: Eternal Punishment,29-06-2000,4.1,594,594,1600,107,2000,993,2000,6,Adventure,Atlus,"Adventure, RPG",Atlus,6.586,0.620237352,High (4+),702
Star Wars Battlefront II,17-11-2017,3.1,534,534,7800,128,826,140,2017,11,Adventure,EA Digital Illusions CE,"Adventure, Shooter","EA Digital Illusions CE, Electronic Arts",9.319,0.017946417,Medium (3-4),703
Super Paper Mario,09-04-2007,3.8,688,688,6200,76,1500,572,2007,4,Adventure,Nintendo,"Adventure, Platform, RPG","Nintendo, Intelligent Systems",9.594,0.092243187,Medium (3-4),704
The Great Ace Attorney 2: Resolve,03-08-2017,4.6,386,386,1100,75,771,468,2017,8,Adventure,Capcom,"Adventure, Point-and-Click, Puzzle, Visual Novel",Capcom,3.1925,0.42506812,High (4+),705
Bugsnax,12-11-2020,3.6,625,625,2700,141,1300,671,2020,11,Adventure,Young Horses,"Adventure, Indie, Puzzle",Young Horses,5.992,0.248426509,Medium (3-4),706
Star Wars: Battlefront II,31-10-2005,4,650,650,7700,35,520,189,2005,10,Shooter,Pandemic Studios,Shooter,"Pandemic Studios, LucasArts",8.858,0.024542267,Medium (3-4),707
Pokémon Shield,15-11-2019,2.9,548,548,6300,193,514,253,2019,11,Adventure,The Pokémon Company,"Adventure, RPG, Turn Based Strategy","The Pokémon Company, Game Freak",7.577,0.040152357,Low (<3),708
Super Castlevania IV,31-10-1991,3.7,627,627,3700,45,863,271,1991,10,Adventure,Konami,"Adventure, Platform",Konami,5.5365,0.073223453,Medium (3-4),709
Brothers: A Tale of Two Sons,07-08-2013,3.5,511,511,4000,28,1300,334,2013,8,Adventure,Starbreeze Studios,"Adventure, Indie, Puzzle","Starbreeze Studios, Spike ChunSoft",6.618,0.08347913,Medium (3-4),710
Call of Duty: Modern Warfare,25-10-2019,3.4,525,525,5100,84,431,339,2019,10,Shooter,Infinity Ward,Shooter,"Infinity Ward, Activision",6.4245,0.066457557,Medium (3-4),711
GoldenEye 007,23-08-1997,3.6,610,610,4500,60,646,334,1997,8,Shooter,Nintendo,Shooter,"Nintendo, Rare",6.137,0.074205732,Medium (3-4),712
"WarioWare, Inc.: Mega Microgames!",21-03-2003,3.9,523,523,3500,43,374,227,2003,3,Arcade,Nintendo R&D1,Arcade,"Nintendo R&D1, Nintendo",4.515,0.064838618,Medium (3-4),713
Evil West,22-11-2022,3.3,148,148,335,38,293,510,2022,11,Adventure,Focus Entertainment,"Adventure, Brawler, Shooter","Focus Entertainment, Flying Wild Hog",1.7945,1.517857143,Medium (3-4),714
Gravity Rush 2,18-01-2017,3.9,516,516,2100,122,1900,1000,2017,1,Adventure,SIE Japan Studio,"Adventure, Platform","SIE Japan Studio, Sony Interactive Entertainment",6.95,0.475963827,Medium (3-4),715
Metroid Prime 2: Echoes,15-11-2004,4,606,606,3000,75,1800,588,2004,11,Adventure,Retro Studios,"Adventure, Platform, Shooter","Retro Studios, Nintendo",6.876,0.195934688,Medium (3-4),716
The Forest,30-04-2018,3.2,293,293,4500,143,597,291,2018,4,Adventure,Endnight Games Ltd,"Adventure, Indie, Puzzle, Simulator",Endnight Games Ltd,5.9775,0.064652299,Medium (3-4),717
CrossCode,20-09-2018,4,351,351,1500,213,1500,741,2018,9,Adventure,Deck13 Interactive,"Adventure, Indie, Puzzle, RPG","Deck13 Interactive, Radical Fish Games",5.232,0.493670886,Medium (3-4),718
Sekiro: Shadows Die Twice - GOTY Edition,28-10-2020,4.6,173,173,1400,153,461,373,2020,10,Adventure,Activision,"Adventure, Brawler, RPG","Activision, FromSoftware",2.8375,0.266238401,High (4+),719
Saints Row IV,19-08-2013,3.1,386,386,7200,64,775,176,2013,8,Adventure,Volition,"Adventure, Shooter","Volition, Deep Silver",8.7145,0.02444105,Medium (3-4),720
Fallout 2,29-10-1998,4.1,532,532,2400,72,2100,493,1998,10,RPG,Black Isle Studios,"RPG, Turn Based Strategy","Black Isle Studios, Interplay Entertainment",6.536,0.205331112,High (4+),721
Chrono Cross,18-11-1999,4,554,554,1700,60,1500,768,1999,11,RPG,Square,RPG,Square,5.486,0.451499118,Medium (3-4),722
Fire Emblem: Path of Radiance,20-04-2005,4.2,703,703,2900,155,1500,716,2005,4,RPG,"Intelligent Systems Co., Ltd.","RPG, Strategy, Tactical, Turn Based Strategy","Intelligent Systems Co., Ltd., Nintendo",6.582,0.246811444,High (4+),723
Kingdom Hearts Final Mix,26-12-2002,3.8,428,428,3700,104,452,162,2002,12,RPG,Square,RPG,"Square, Squaresoft",4.702,0.043771954,Medium (3-4),724
Professor Layton and the Curious Village,15-02-2007,3.7,439,439,4200,128,879,407,2007,2,Point-and-Click,Nintendo,"Point-and-Click, Puzzle, Visual Novel","Nintendo, Level-5",6.3325,0.096881695,Medium (3-4),725
Ys VIII: Lacrimosa of Dana,21-07-2016,4.2,620,620,1900,131,1100,575,2016,7,Adventure,NIS America,"Adventure, RPG","NIS America, Nihon Falcom",4.7,0.302472383,High (4+),726
Hotel Dusk: Room 215,22-01-2007,4,439,439,1600,87,1300,838,2007,1,Adventure,Nintendo,"Adventure, Point-and-Click, Puzzle, Visual Novel","Nintendo, Cing",5.226,0.523422861,Medium (3-4),727
Postal 2,13-04-2003,3.4,338,338,3400,67,739,183,2003,4,Adventure,Running with Scissors,"Adventure, Indie, Shooter","Running with Scissors, Whiptail Interactive",4.8745,0.053807704,Medium (3-4),728
Fez,13-04-2012,3.6,493,493,4400,90,1500,561,2012,4,Adventure,Microsoft Studios,"Adventure, Indie, Platform, Puzzle",Microsoft Studios,7.772,0.127471029,Medium (3-4),729
Marvel's Midnight Suns,02-12-2022,3.9,172,172,280,145,277,459,2022,12,RPG,Firaxis Games,"RPG, Strategy, Tactical","Firaxis Games, 2K Games",1.6135,1.633451957,Medium (3-4),730
Streets of Rage 4,30-04-2020,3.9,620,620,2900,80,693,538,2020,4,Arcade,Lizardcube,"Arcade, Brawler, Fighting, Indie","Lizardcube, DotEmu",5.0155,0.185453292,Medium (3-4),731
Shin Megami Tensei: Persona,22-10-2009,2.9,416,416,2500,161,1600,797,2009,10,RPG,Atlus,RPG,Atlus,6.494,0.318672531,Low (<3),732
Kirby's Return to Dream Land,24-10-2011,4,509,509,4100,58,675,409,2011,10,Adventure,HAL Laboratory,"Adventure, Platform","HAL Laboratory, Nintendo",5.9305,0.099731773,Medium (3-4),733
BioShock 2 Remastered,14-09-2016,3.7,295,295,2400,71,2000,246,2016,9,RPG,2K Games,"RPG, Shooter","2K Games, 2K Australia",5.892,0.102457309,Medium (3-4),734
God of War: Chains of Olympus,04-03-2008,3.2,396,396,4000,31,599,300,2008,3,Adventure,"Sony Computer Entertainment, Inc. (SCEI)","Adventure, Brawler","Sony Computer Entertainment, Inc. (SCEI), Ready at Dawn",5.4985,0.074981255,Medium (3-4),735
Splatoon,28-05-2015,3.7,509,509,6100,28,320,227,2015,5,Platform,Nintendo EAD Group No. 2,"Platform, Shooter","Nintendo EAD Group No. 2, Nintendo",7.034,0.037207015,Medium (3-4),736
Nickelodeon All-Star Brawl,05-10-2021,2.5,251,251,1900,51,280,172,2021,10,Arcade,Ludosity,"Arcade, Fighting","Ludosity, Game Mill Entertainment",2.664,0.090478695,Low (<3),737
The Great Ace Attorney: Adventures,09-07-2015,4.1,385,385,1600,141,838,586,2015,7,Adventure,Capcom,"Adventure, Point-and-Click, Puzzle, Visual Novel",Capcom,4.029,0.366021237,High (4+),738
Sonic Rush,15-11-2005,3.6,536,536,4600,61,671,292,2005,11,Platform,Sonic Team,Platform,"Sonic Team, Sega",6.1905,0.063464464,Medium (3-4),739
Street Fighter V,15-02-2016,3,377,377,5000,109,482,166,2016,2,Arcade,Capcom,"Arcade, Fighting",Capcom,6.055,0.033193361,Low (<3),740
Somerville,15-11-2022,2.8,169,169,442,20,200,377,2022,11,Adventure,Jumpship,Adventure,Jumpship,1.496,0.851015801,Low (<3),741
Bully: Scholarship Edition,04-02-2008,4,330,330,3900,92,1000,457,2008,2,Adventure,Rockstar Games,Adventure,"Rockstar Games, Rockstar Toronto",6.314,0.117149449,Medium (3-4),742
Borderlands: The Pre-Sequel,14-10-2014,2.9,375,375,5300,100,1900,238,2014,10,RPG,Take-Two Interactive,"RPG, Shooter","Take-Two Interactive, Gearbox Software",8.626,0.044897189,Low (<3),743
Star Wars Jedi: Survivor,28-04-2023,3.7,250,250,13,2,367,1400,2023,4,Adventure,Respawn Entertainment,Adventure,"Respawn Entertainment, Electronic Arts",3.3635,100,Medium (3-4),744
Alice: Madness Returns,14-06-2011,3.5,358,358,2800,113,1200,636,2011,6,Adventure,Electronic Arts,"Adventure, Brawler, Platform","Electronic Arts, Spicy Horse Games",5.872,0.227061764,Medium (3-4),745
Super Mario 3D All-Stars,18-09-2020,3.5,422,422,4700,391,1600,319,2020,9,Adventure,Nintendo,"Adventure, Platform","Nintendo, Nintendo EPD",7.738,0.067857903,Medium (3-4),746
S.T.A.L.K.E.R.: Shadow of Chernobyl,20-03-2007,3.9,426,426,2500,119,1400,583,2007,3,RPG,GSC Game World,"RPG, Shooter","GSC Game World, THQ",5.766,0.233106757,Medium (3-4),747
JoJo’s Bizarre Adventure: All-Star Battle R,01-09-2022,3.4,122,122,796,71,191,372,2022,9,Adventure,Bandai Namco Entertainment,"Adventure, Fighting","Bandai Namco Entertainment, CyberConnect2",1.8265,0.466750314,Medium (3-4),748
Geometry Dash,12-08-2013,3.1,197,197,5100,95,181,42,2013,8,Adventure,RobTop Games,"Adventure, Arcade, Indie, Music, Platform",RobTop Games,5.4555,0.00823368,Medium (3-4),749
Mario + Rabbids Sparks of Hope,20-10-2022,3.9,253,253,356,145,394,645,2022,10,Adventure,Ubisoft Entertainment,"Adventure, Strategy, Tactical, Turn Based Strategy","Ubisoft Entertainment, Ubisoft Paris",2.237,1.806722689,Medium (3-4),750
Back 4 Blood,12-10-2021,2.5,284,284,2900,137,489,335,2021,10,Shooter,Warner Bros. Interactive Entertainment,Shooter,"Warner Bros. Interactive Entertainment, Turtle Rock Studios",4.3035,0.115477422,Low (<3),751
Half-Life: Alyx,23-03-2020,4.6,515,515,1900,210,1200,1400,2020,3,Adventure,Valve,"Adventure, Puzzle, Shooter",Valve,6.5,0.736454498,High (4+),752
Hyper Demon,19-09-2022,4.1,99,99,245,26,231,268,2022,9,Indie,Sorath,"Indie, Shooter",Sorath,1.1275,1.089430894,High (4+),753
Mortal Kombat,19-04-2011,3.6,468,468,6600,19,289,120,2011,4,Fighting,NetherRealm Studios,Fighting,"NetherRealm Studios, WB Games",7.2735,0.018179064,Medium (3-4),754
Call of Duty: Ghosts,05-11-2013,2.4,411,411,6500,9,353,150,2013,11,Shooter,Neversoft Entertainment,Shooter,"Neversoft Entertainment, Activision",7.3295,0.023073373,Low (<3),755
Ridge Racer Type 4,03-12-1998,4.2,465,465,1000,33,436,316,1998,12,Racing,Namco,Racing,Namco,2.286,0.315684316,High (4+),756
Lil Gator Game,14-12-2022,4.1,137,137,247,22,167,314,2022,12,Adventure,Playtonic Friends,"Adventure, Indie, Platform","Playtonic Friends, Scott Slucher",1.1255,1.266129032,High (4+),757
Oxenfree,14-01-2016,3.6,592,592,3900,70,1700,449,2016,1,Adventure,Night School Studio,"Adventure, Indie",Night School Studio,7.348,0.115098693,Medium (3-4),758
Overcooked! 2,07-08-2018,3.6,414,414,4900,227,889,184,2018,8,Arcade,Ghost Town Games,"Arcade, Indie, Simulator, Strategy, Tactical","Ghost Town Games, Team17",6.6015,0.037543358,Medium (3-4),759
Before Your Eyes,08-04-2021,4.2,421,421,1200,25,584,631,2021,4,Adventure,GoodbyeWorld Games,"Adventure, Indie","GoodbyeWorld Games, Skybound Games",3.338,0.525395504,High (4+),760
Sly Cooper and the Thievius Raccoonus,23-09-2002,3.7,525,525,3700,44,772,391,2002,9,Adventure,Sucker Punch Productions,"Adventure, Platform","Sucker Punch Productions, Sony Computer Entertainment",5.64,0.105647122,Medium (3-4),761
Nobody Saves the World,18-01-2022,3.5,256,256,949,99,399,385,2022,1,Adventure,Drinkbox Studios,"Adventure, Brawler, Indie, RPG",Drinkbox Studios,2.3175,0.405263158,Medium (3-4),762
Crazy Taxi,12-02-1999,3.6,425,425,4800,19,556,227,1999,2,Arcade,Sega,"Arcade, Racing","Sega, Hitmaker",6.088,0.047281816,Medium (3-4),763
Chrono Cross: The Radical Dreamers Edition,07-04-2022,3.6,130,130,358,65,775,763,2022,4,Adventure,Square Enix,"Adventure, RPG",Square Enix,3.0465,2.125348189,Medium (3-4),764
Spore,04-09-2008,3.3,238,238,6000,34,427,170,2008,9,Adventure,Maxis,"Adventure, Real Time Strategy, RPG, Simulator, Strategy","Maxis, Electronic Arts",6.9805,0.028328612,Medium (3-4),765
Dwarf Fortress,06-12-2022,4.6,48,48,225,80,181,195,2022,12,Indie,Bay 12 Games,"Indie, RPG, Simulator, Strategy","Bay 12 Games, Kitfox Games",0.8865,0.862831858,High (4+),766
Klonoa 2: Lunatea's Veil,22-03-2001,4.2,379,379,1100,31,573,399,2001,3,Adventure,Namco,"Adventure, Platform, Sport",Namco,2.7575,0.36239782,High (4+),767
Pokémon Blue,15-10-1996,3.6,549,549,5900,50,287,101,1996,10,Adventure,Nintendo,"Adventure, RPG, Turn Based Strategy","Nintendo, Game Freak",6.5325,0.017115743,Medium (3-4),768
Planescape: Torment,12-12-1999,4.3,417,417,1100,74,1100,518,1999,12,RPG,Interplay Entertainment,"RPG, Strategy","Interplay Entertainment, Black Isle Studios",3.786,0.470481381,High (4+),769
Far Cry 3: Blood Dragon,01-05-2013,3.4,329,329,4400,15,946,275,2013,5,Adventure,Ubisoft Montreal,"Adventure, Shooter",Ubisoft Montreal,6.369,0.062485799,Medium (3-4),770
BattleBlock Theater,03-04-2013,3.5,272,272,5500,83,750,163,2013,4,Adventure,Microsoft Studios,"Adventure, Indie, Platform, Puzzle","Microsoft Studios, The Behemoth",6.951,0.029630976,Medium (3-4),771
The Beginner's Guide,01-10-2015,4,443,443,2700,7,415,484,2015,10,Adventure,Everything Unlimited Ltd.,"Adventure, Indie",Everything Unlimited Ltd.,4.2905,0.179192892,Medium (3-4),772
We Love Katamari Reroll + Royal Reverie,02-06-2023,3.7,51,51,3,0,74,291,2023,6,Adventure,Bandai Namco Entertainment,"Adventure, Puzzle","Bandai Namco Entertainment, MONKEYCRAFT Co. Ltd",0.696,72.75,Medium (3-4),773
Naruto Shippuden: Ultimate Ninja Storm 4,04-02-2016,3.5,264,264,4800,45,366,134,2016,2,Adventure,Bandai Namco Entertainment,"Adventure, Fighting","Bandai Namco Entertainment, CyberConnect2",5.617,0.027910852,Medium (3-4),774
Mega Man 3,28-09-1990,3.4,599,599,3800,25,470,140,1990,9,Adventure,Capcom,"Adventure, Platform",Capcom,4.785,0.036832413,Medium (3-4),775
Ni no Kuni: Wrath of the White Witch,17-11-2011,3.7,438,438,2400,161,1700,682,2011,11,Adventure,Namco Bandai Games,"Adventure, RPG","Namco Bandai Games, Level-5",6.314,0.284048313,Medium (3-4),776
Fortnite: Chapter 4,04-12-2022,3.5,70,70,365,77,9,2,2022,12,RPG,Epic Games,"RPG, Shooter, Strategy",Epic Games,0.3825,0.005464481,Medium (3-4),777
Danganronpa Another Episode: Ultra Despair Girls,01-09-2015,2.7,276,276,3400,92,797,355,2015,9,Adventure,Spike ChunSoft,"Adventure, Brawler, Puzzle, Shooter","Spike ChunSoft, NIS America",5.3055,0.104381064,Low (<3),778
The Artful Escape,09-09-2021,3.3,346,346,1100,38,381,353,2021,9,Adventure,Annapurna Interactive,"Adventure, Indie, Music, Platform","Annapurna Interactive, Beethoven & Dinosaur",2.3775,0.32061762,Medium (3-4),779
Dishonored: Definitive Edition,08-10-2013,4.1,229,229,1600,55,691,140,2013,10,Adventure,Arkane Studios,"Adventure, Shooter","Arkane Studios, Zenimax Europe",2.9165,0.087445347,High (4+),780
Pac-Man World Re-Pac,25-08-2022,3.5,161,161,368,25,191,294,2022,8,Adventure,Bandai Namco Games,"Adventure, Arcade, Platform, Racing, Shooter","Bandai Namco Games, NOW Production",1.2425,0.796747967,Medium (3-4),781
Ib,11-04-2022,4,114,114,787,13,322,453,2022,4,Adventure,kouri,"Adventure, Indie, Puzzle, RPG","kouri, PLAYISM",2.176,0.574873096,Medium (3-4),782
Castlevania: Circle of the Moon,21-03-2001,3,362,362,2100,62,742,272,2001,3,Adventure,Konami,"Adventure, Platform, RPG",Konami,3.757,0.129462161,Low (<3),783
Higurashi: When They Cry,10-08-2002,4.2,311,311,1100,97,545,435,2002,8,Adventure,07th Expansion,"Adventure, Visual Novel","07th Expansion, MangaGamer",2.7875,0.395095368,High (4+),784
Life is Strange: Before the Storm,31-08-2017,3.3,468,468,4000,66,765,359,2017,8,Adventure,Square Enix,Adventure,"Square Enix, Deck Nine",5.8655,0.089727568,Medium (3-4),785
Darkwood,17-08-2017,3.9,262,262,836,97,1000,406,2017,8,Adventure,Acid Wizard Studio,"Adventure, Indie, RPG","Acid Wizard Studio, Crunching Koalas",3.148,0.485065711,Medium (3-4),786
Beyond Good & Evil,11-11-2003,3.9,436,436,2300,35,1500,629,2003,11,Adventure,Ubisoft Shanghai,"Adventure, Shooter","Ubisoft Shanghai, Ubisoft",5.808,0.273359409,Medium (3-4),787
Metroid II: Return of Samus,26-08-1991,3.1,445,445,2100,39,595,193,1991,8,Adventure,Nintendo,"Adventure, Platform, Shooter","Nintendo, Nintendo R&D1",3.3785,0.091861019,Medium (3-4),788
Shenmue,29-12-1999,3.8,496,496,1600,61,993,494,1999,12,Adventure,Sega AM2,"Adventure, Brawler, RPG, Simulator","Sega AM2, Sega",4.0775,0.308557152,Medium (3-4),789
Project Zomboid,08-11-2013,3.6,133,133,1700,205,319,212,2013,11,Indie,The Indie Stone,"Indie, RPG, Simulator",The Indie Stone,2.6025,0.124632569,Medium (3-4),790
Crash Team Racing,30-09-1999,4,455,455,4800,18,327,165,1999,9,Racing,Naughty Dog,Racing,"Naughty Dog, Sony Computer Entertainment, Inc. (SCEI)",5.6205,0.03436784,Medium (3-4),791
Carrion,23-07-2020,3.3,432,432,2800,83,729,601,2020,7,Adventure,Phobia Game Studio,"Adventure, Indie, Platform","Phobia Game Studio, Devolver Digital",5.0955,0.214566226,Medium (3-4),792
Gears of War 2,07-11-2008,3.7,504,504,4600,31,522,225,2008,11,Shooter,Microsoft Game Studios,Shooter,"Microsoft Game Studios, Epic Games",5.833,0.048902413,Medium (3-4),793
Phoenix Wright: Ace Attorney - Dual Destinies,25-07-2013,3.4,430,430,3300,105,1100,497,2013,7,Adventure,Capcom,"Adventure, Puzzle, RPG, Simulator, Visual Novel",Capcom,5.944,0.150560436,Medium (3-4),794
The Legend of Zelda: Oracle of Seasons,27-02-2001,3.7,544,544,3100,65,1600,489,2001,2,Adventure,Nintendo,"Adventure, RPG","Nintendo, Capcom",6.478,0.157691067,Medium (3-4),795
Wild Hearts,16-02-2023,3.2,103,103,73,45,108,246,2023,2,Adventure,Omega Force,Adventure,"Omega Force, Electronic Arts",0.727,3.324324324,Medium (3-4),796
God of War: Ascension,12-03-2013,2.9,318,318,2700,27,625,351,2013,3,Adventure,"Sony Computer Entertainment, Inc. (SCEI)","Adventure, Brawler","Sony Computer Entertainment, Inc. (SCEI), SIE Santa Monica Studio",4.3395,0.12995187,Low (<3),797
Xenosaga Episode III: Also sprach Zarathustra,06-07-2006,4.3,399,399,762,23,908,448,2006,7,Adventure,Namco Bandai Games,"Adventure, RPG","Namco Bandai Games, Monolith Soft",3.02,0.587155963,High (4+),798
Kirby's Dream Land 3,27-11-1997,3.4,469,469,2600,49,750,179,1997,11,Adventure,Nintendo,"Adventure, Platform","Nintendo, HAL Laboratory",4.083,0.068819685,Medium (3-4),799
Castlevania: Harmony of Dissonance,06-06-2002,3.2,399,399,2000,51,802,288,2002,6,Adventure,Konami Computer Entertainment Tokyo,"Adventure, Platform, RPG",Konami Computer Entertainment Tokyo,3.779,0.143928036,Medium (3-4),800
Shantae and the Pirate's Curse,22-10-2014,3.8,392,392,2200,72,1100,449,2014,10,Adventure,WayForward Technologies,"Adventure, Indie, Platform, RPG","WayForward Technologies, Intergrow",4.748,0.203998183,Medium (3-4),801
Happy Wheels,04-06-2010,2.8,124,124,5100,3,61,21,2010,6,Adventure,Fancy Force,"Adventure, Platform, Racing",Fancy Force,5.2335,0.00411684,Low (<3),802
Guilty Gear XX Accent Core Plus R,20-09-2012,4.1,423,423,2500,142,301,142,2012,9,Arcade,Arc System Works,"Arcade, Fighting",Arc System Works,3.2355,0.056777289,High (4+),803
Fire Emblem Fates: Birthright,25-06-2015,2.7,405,405,4300,107,801,260,2015,6,RPG,"Intelligent Systems Co., Ltd.","RPG, Strategy, Turn Based Strategy","Intelligent Systems Co., Ltd., Nintendo",6.0215,0.060451058,Low (<3),804
Final Fantasy IV,19-07-1991,3.7,530,530,2700,60,964,379,1991,7,RPG,Square Enix,RPG,"Square Enix, Square",4.904,0.140318401,Medium (3-4),805
Devil May Cry 5: Special Edition,10-11-2020,4.5,265,265,1000,70,416,286,2020,11,Brawler,Capcom Development Division 1,Brawler,"Capcom Development Division 1, Capcom",2.196,0.285714286,High (4+),806
Castlevania III: Dracula's Curse,01-09-1990,3.6,501,501,2400,36,606,217,1990,9,Adventure,Konami,"Adventure, Platform","Konami, Palcom",3.743,0.090379009,Medium (3-4),807
Gloomwood,05-09-2022,4,141,141,265,36,338,459,2022,9,Adventure,New Blood Interactive,"Adventure, Indie, Shooter","New Blood Interactive, David Szymanski",1.69,1.72556391,Medium (3-4),808
Call of Duty: Advanced Warfare,03-11-2014,2.5,415,415,5200,13,308,151,2014,11,Shooter,Activision,Shooter,"Activision, Sledgehammer Games",5.964,0.029032878,Low (<3),809
The Legend of Heroes: Trails of Cold Steel,26-09-2013,3.7,499,499,2100,129,1000,461,2013,9,Adventure,XSEED Games,"Adventure, RPG, Turn Based Strategy","XSEED Games, Nihon Falcom",4.522,0.219419324,Medium (3-4),810
Metal Gear Solid 3: Snake Eater HD Edition,08-11-2011,4.6,293,293,2500,34,554,244,2011,11,Adventure,Konami Digital Entertainment,"Adventure, Shooter",Konami Digital Entertainment,3.819,0.097560976,High (4+),811
Mario Kart: Super Circuit,21-07-2001,2.8,389,389,3700,24,256,101,2001,7,Racing,Nintendo,Racing,Nintendo,4.286,0.027289922,Low (<3),812
Pokémon Shining Pearl,18-11-2021,2.9,281,281,1900,203,444,199,2021,11,Adventure,Nintendo,"Adventure, RPG, Turn Based Strategy","Nintendo, ILCA, Inc.",2.964,0.104681746,Low (<3),813
PUBG: Battlegrounds,20-12-2017,2.4,299,299,5200,46,253,32,2017,12,Shooter,Bluehole Studio,Shooter,"Bluehole Studio, PUBG Corp",5.6435,0.006152663,Low (<3),814
Earthblade,31-12-2024,3.7,83,83,0,1,103,529,2024,12,Adventure,Extremely OK Games,"Adventure, Indie, RPG",Extremely OK Games,1.2125,529,Medium (3-4),815
Rule of Rose,19-01-2006,3.8,394,394,727,33,796,770,2006,1,Adventure,Atlus USA,"Adventure, Puzzle","Atlus USA, Punchline",3.461,1.057692308,Medium (3-4),816
Lollipop Chainsaw,12-06-2012,3.4,295,295,1600,32,717,695,2012,6,Brawler,Grasshopper Manufacture,Brawler,"Grasshopper Manufacture, WB Games",4.0655,0.434103685,Medium (3-4),817
Pokémon LeafGreen,29-01-2004,3.8,413,413,5900,62,326,128,2004,1,Adventure,Nintendo,"Adventure, RPG, Turn Based Strategy","Nintendo, Game Freak",6.645,0.021691239,Medium (3-4),818
Bowser's Fury,12-02-2021,3.9,497,497,2100,35,466,314,2021,2,Adventure,Nintendo,"Adventure, Platform","Nintendo, Nintendo EAD Tokyo",3.427,0.149452642,Medium (3-4),819
ZeroRanger,28-09-2018,4.3,317,317,561,30,422,356,2018,9,Arcade,System Erasure,"Arcade, Indie, Shooter",System Erasure,1.906,0.633451957,High (4+),820
Labyrinth of Galleria: The Moon Society,26-11-2020,4.3,49,49,67,26,120,193,2020,11,Adventure,Nippon Ichi Software,"Adventure, RPG, Strategy","Nippon Ichi Software, NIS America",0.633,2.838235294,High (4+),821
Street Fighter II,01-02-1991,3.5,433,433,4300,11,158,99,1991,2,Arcade,Capcom,"Arcade, Fighting","Capcom, U.S. Gold",4.735,0.023017903,Medium (3-4),822
Resident Evil: Revelations,26-01-2012,3.2,469,469,2900,55,939,297,2012,1,Adventure,Tose,"Adventure, Shooter","Tose, Capcom",4.9025,0.10237849,Medium (3-4),823
Shin Megami Tensei,30-10-1992,3.3,433,433,1300,146,868,455,1992,10,RPG,Atlus,RPG,Atlus,3.512,0.349730976,Medium (3-4),824
FIFA 23,29-09-2022,2.6,47,47,523,112,27,36,2022,9,Simulator,EA Sports,"Simulator, Sport","EA Sports, EA Vancouver",0.6355,0.06870229,Low (<3),825
Battlefield: Bad Company 2,02-03-2010,3.6,288,288,4200,23,349,119,2010,3,Adventure,EA Digital Illusions CE,"Adventure, Shooter, Simulator, Strategy","EA Digital Illusions CE, Electronic Arts",4.9615,0.028326589,Medium (3-4),826
The Walking Dead: A New Frontier,20-12-2016,2.8,345,345,2900,19,423,181,2016,12,Adventure,Telltale Games,"Adventure, Point-and-Click","Telltale Games, Skybound Games",3.8965,0.062392279,Low (<3),827
Ninja Gaiden Black,20-09-2005,4.3,294,294,992,41,495,343,2005,9,Adventure,Team NINJA,"Adventure, Brawler","Team NINJA, Tecmo",2.4205,0.345417925,High (4+),828
Sid Meier's Civilization V,21-09-2010,3.9,320,320,5400,56,369,140,2010,9,Simulator,2K Games,"Simulator, Strategy, Turn Based Strategy","2K Games, Firaxis Games",6.2335,0.025921126,Medium (3-4),829
World of Horror,20-02-2020,3.7,257,257,871,59,796,949,2020,2,Adventure,Ysbryd Games,"Adventure, Indie, Point-and-Click, RPG, Turn Based Strategy","Ysbryd Games, panstasz",3.963,1.088302752,Medium (3-4),830
Fire Emblem: Shadow Dragon,07-08-2008,3.2,361,361,1900,78,808,235,2008,8,RPG,"Intelligent Systems Co., Ltd.","RPG, Strategy, Tactical, Turn Based Strategy","Intelligent Systems Co., Ltd., Nintendo",3.582,0.123619148,Medium (3-4),831
Tomodachi Life,18-04-2013,3.7,281,281,3400,59,180,133,2013,4,Adventure,Nintendo SPD Group No. 1,"Adventure, Simulator","Nintendo SPD Group No. 1, Nintendo",3.936,0.039106145,Medium (3-4),832
Downwell,14-10-2015,3.5,363,363,3700,60,659,219,2015,10,Adventure,Devolver Digital,"Adventure, Arcade, Indie, Platform, Shooter","Devolver Digital, Moppin",5.1265,0.059173196,Medium (3-4),833
SpongeBob SquarePants: Battle For Bikini Bottom,31-10-2003,3.8,326,326,3400,22,370,216,2003,10,Adventure,Heavy Iron Studios,"Adventure, Platform","Heavy Iron Studios, THQ",4.387,0.063510732,Medium (3-4),834
LEGO Harry Potter: Years 1-4,25-06-2010,3.2,349,349,4100,53,449,113,2010,6,Adventure,WB Games,"Adventure, Platform, Puzzle","WB Games, Traveller's Tales",4.9995,0.027554255,Medium (3-4),835
Dragon Quest V: Hand of the Heavenly Bride,17-07-2008,4.2,371,371,1400,85,1000,478,2008,7,RPG,Chunsoft,RPG,"Chunsoft, Square Enix",3.856,0.341184868,High (4+),836
Fear & Hunger,11-12-2018,3.8,48,48,110,39,167,185,2018,12,Indie,Miro Haverinen,"Indie, RPG","Miro Haverinen, Happy Paintings",0.7305,1.666666667,Medium (3-4),837
For Honor,13-02-2017,2.8,236,236,4100,56,579,91,2017,2,Brawler,Ubisoft Entertainment,"Brawler, Fighting","Ubisoft Entertainment, Ubisoft Montreal",5.1505,0.02218971,Low (<3),838
Sonic Lost World,18-10-2013,2.5,395,395,2500,34,498,214,2013,10,Adventure,Nintendo,"Adventure, Platform","Nintendo, Sonic Team",3.675,0.085565774,Low (<3),839
Bug Fables: The Everlasting Sapling,21-11-2019,4.1,357,357,1000,146,1100,535,2019,11,Adventure,DANGEN Entertainment,"Adventure, Indie, RPG, Turn Based Strategy","DANGEN Entertainment, Moonsprout Games",3.72,0.534465534,High (4+),840
Hyrule Warriors: Age of Calamity,19-11-2020,3.5,531,531,2700,308,1100,695,2020,11,Adventure,Koei Tecmo,"Adventure, Brawler, Fighting","Koei Tecmo, Omega Force",5.74,0.257312107,Medium (3-4),841
LEGO Batman 3: Beyond Gotham,11-11-2014,3.1,373,373,2900,37,801,113,2014,11,Adventure,Traveller's Tales,"Adventure, Platform, Puzzle","Traveller's Tales, WB Games",4.3275,0.038952085,Medium (3-4),842
Moonscars,27-09-2022,2.9,97,97,248,24,179,212,2022,9,Adventure,Black Mermaid,"Adventure, Brawler, Indie, Platform","Black Mermaid, Humble Games",0.9405,0.851405622,Low (<3),843
The Witcher 3: Wild Hunt - Hearts of Stone,12-10-2015,4.4,159,159,3100,39,487,106,2015,10,Adventure,CD Projekt RED,"Adventure, RPG",CD Projekt RED,4.0425,0.034182522,High (4+),844
Remnant: From the Ashes,20-08-2019,3.2,304,304,2100,71,1000,180,2019,8,Adventure,Gunfire Games,"Adventure, RPG, Shooter","Gunfire Games, Perfect World Entertainment",3.96,0.085673489,Medium (3-4),845
Halo 5: Guardians,27-10-2015,2.5,500,500,3500,31,602,257,2015,10,Shooter,343 Industries,Shooter,"343 Industries, Microsoft Studios",4.917,0.073407598,Low (<3),846
Hearthstone,11-03-2014,2.9,212,212,5500,105,128,24,2014,3,Card & Board Game,Blizzard Entertainment,"Card & Board Game, Strategy, Turn Based Strategy",Blizzard Entertainment,5.74,0.004362843,Low (<3),847
Ultimate Spider-Man,21-09-2005,3.6,300,300,3700,25,382,280,2005,9,Brawler,Activision,Brawler,"Activision, Beenox",4.833,0.075655228,Medium (3-4),848
Chop Goblins,12-12-2022,3.5,56,56,195,4,42,38,2022,12,Indie,David Szymanski,"Indie, Shooter",David Szymanski,0.334,0.193877551,Medium (3-4),849
Secret of Mana,06-08-1993,3.3,413,413,1900,57,1300,511,1993,8,RPG,Square Enix,RPG,"Square Enix, Square",4.872,0.268805892,Medium (3-4),850
428: Shibuya Scramble,04-12-2008,4.2,249,249,676,87,1000,588,2008,12,Adventure,Chunsoft,"Adventure, Visual Novel","Chunsoft, Sega",3.352,0.868537666,High (4+),851
Potion Craft,21-09-2021,3.2,77,77,471,83,233,187,2021,9,Indie,tinyBuild,"Indie, Point-and-Click, Puzzle, RPG, Simulator","tinyBuild, niceplay game",1.1945,0.396186441,Medium (3-4),852
Mega Man Legends,18-12-1997,3.7,361,361,1400,51,851,364,1997,12,Adventure,Capcom USA,"Adventure, RPG, Shooter","Capcom USA, Capcom Production Studio 2",3.4045,0.259814418,Medium (3-4),853
Xenoblade Chronicles: Future Connected,29-05-2020,3.5,232,232,1900,55,485,97,2020,5,RPG,Nintendo,RPG,"Nintendo, Monolith Soft",2.8215,0.051025776,Medium (3-4),854
Crab Game,29-10-2021,2.5,96,96,2300,14,117,22,2021,10,Arcade,Dani,"Arcade, Fighting, Indie, Racing, Strategy",Dani,2.5195,0.00956106,Low (<3),855
NEET Girl Date Night,21-10-2022,2.7,21,21,106,1,44,42,2022,10,Visual Novel,Unknown,Visual Novel,Unknown,0.256,0.392523364,Low (<3),856
Dante's Inferno,04-02-2010,3.2,321,321,2600,40,567,334,2010,2,Adventure,Electronic Arts,"Adventure, Brawler","Electronic Arts, Visceral Games",4.1185,0.128412149,Medium (3-4),857
Haunting Ground,21-04-2005,3.8,281,281,597,29,625,572,2005,4,Adventure,Capcom Production Studio 1,Adventure,"Capcom Production Studio 1, Capcom",2.6785,0.956521739,Medium (3-4),858
Assassin's Creed Rogue,11-11-2014,3.2,384,384,3400,27,861,330,2014,11,Adventure,Ubisoft Sofia,"Adventure, RPG",Ubisoft Sofia,5.3515,0.097030285,Medium (3-4),859
Garten of Banban 2,03-03-2023,1.5,16,16,55,0,6,3,2023,3,Adventure,Euphoric Brothers,"Adventure, Indie",Euphoric Brothers,0.07,0.053571429,Low (<3),860
Pokémon Stadium,30-04-1999,3.3,340,340,5400,16,369,157,1999,4,RPG,HAL Laboratory,"RPG, Turn Based Strategy","HAL Laboratory, Nintendo",6.2675,0.029068691,Medium (3-4),861
Outlast II,25-04-2017,2.8,279,279,2700,44,891,253,2017,4,Adventure,Red Barrels,"Adventure, Indie",Red Barrels,4.5425,0.093669011,Low (<3),862
Elden Ring: Shadow of the Erdtree,,4.8,18,18,1,0,39,146,,,Adventure,FromSoftware,"Adventure, RPG","FromSoftware, Bandai Namco Entertainment",0.3515,73,High (4+),863
Ni no Kuni II: Revenant Kingdom,23-03-2018,3.3,269,269,1700,81,1500,537,2018,3,Adventure,Bandai Namco Entertainment,"Adventure, RPG","Bandai Namco Entertainment, Level-5",5.024,0.315696649,Medium (3-4),864
Metal Gear,13-07-1987,2.9,344,344,1900,29,539,213,1987,7,Adventure,Ultra Games,"Adventure, Shooter","Ultra Games, Konami",3.1345,0.112046291,Low (<3),865
Disney's Aladdin,21-11-1993,3.4,203,203,2200,9,192,85,1993,11,Adventure,Capcom,"Adventure, Arcade, Platform",Capcom,2.658,0.03861881,Medium (3-4),866
Fable II,21-10-2008,3.6,310,310,3200,22,580,271,2008,10,Adventure,Lionhead Studios,"Adventure, RPG","Lionhead Studios, Microsoft Game Studios",4.612,0.084661043,Medium (3-4),867
Celeste: Farewell,09-09-2019,4.5,58,58,648,32,224,139,2019,9,Platform,Extremely OK Games,Platform,Extremely OK Games,1.262,0.214175655,High (4+),868
Axiom Verge 2,11-08-2021,3.4,116,116,312,20,404,313,2021,8,Adventure,Nintendo,"Adventure, Indie, Platform","Nintendo, Thomas Happ Games",1.544,1,Medium (3-4),869
Lightning Returns: Final Fantasy XIII,21-11-2013,3.1,362,362,1500,44,1300,426,2013,11,RPG,Square Enix,RPG,Square Enix,4.302,0.283810793,Medium (3-4),870
Yakuza 2,07-12-2006,4,331,331,1000,28,491,255,2006,12,Adventure,Sega,"Adventure, Brawler, RPG, Simulator, Sport",Sega,2.2465,0.254745255,Medium (3-4),871
F-Zero X,14-07-1998,3.9,354,354,1700,15,387,172,1998,7,Arcade,Nintendo EAD,"Arcade, Racing","Nintendo EAD, Nintendo",2.6245,0.10111699,Medium (3-4),872
Chibi-Robo!,23-06-2005,4.1,386,386,1000,33,695,477,2005,6,Adventure,Nintendo,"Adventure, Platform","Nintendo, Skip Ltd.",2.9965,0.476523477,High (4+),873
RimWorld,17-10-2018,4.2,149,149,1600,142,382,366,2018,10,Indie,Ludeon Studios,"Indie, Real Time Strategy, Simulator, Strategy",Ludeon Studios,2.905,0.228607121,High (4+),874
Professor Layton and the Miracle Mask,26-02-2011,3.7,192,192,1300,42,518,253,2011,2,Point-and-Click,Level-5,"Point-and-Click, Puzzle, Visual Novel","Level-5, Nintendo",2.583,0.194465796,Medium (3-4),875
Mega Man X5,30-11-2000,3.2,334,334,2200,11,450,126,2000,11,Adventure,Capcom Production Studio 3,"Adventure, Platform, Shooter","Capcom Production Studio 3, Capcom",3.127,0.057246706,Medium (3-4),876
Tokyo Necro,29-01-2016,4.6,21,21,14,22,50,69,2016,1,Adventure,Nitroplus,"Adventure, Visual Novel","Nitroplus, JAST USA",0.227,4.6,High (4+),877
Disney Dreamlight Valley,06-09-2022,3.5,130,130,329,169,102,136,2022,9,Adventure,Gameloft,"Adventure, RPG, Simulator",Gameloft,0.754,0.412121212,Medium (3-4),878
Mega Man 7,24-03-1995,3.5,405,405,2400,19,461,139,1995,3,Adventure,Capcom,"Adventure, Platform, Shooter",Capcom,3.3695,0.057892545,Medium (3-4),879
Figment,22-09-2017,2.8,124,124,183,20,392,35,2017,9,Adventure,Bedtime Digital Games,"Adventure, Indie, Music, Platform, Puzzle",Bedtime Digital Games,0.841,0.190217391,Low (<3),880
"Flower, Sun, and Rain: Murder and Mystery in Paradise",06-03-2008,4.2,178,178,408,27,321,209,2008,3,Adventure,h.a.n.d. Inc.,"Adventure, Puzzle","h.a.n.d. Inc., Marvelous Entertainment",1.3075,0.511002445,High (4+),881
Professor Layton vs. Phoenix Wright: Ace Attorney,29-11-2012,3.6,275,275,1800,68,882,484,2012,11,Adventure,Level-5,"Adventure, Puzzle, Strategy, Visual Novel","Level-5, Nintendo",4.091,0.268739589,Medium (3-4),882
Metal Gear Solid: The Twin Snakes,09-03-2004,3.6,267,267,1900,31,619,364,2004,3,Adventure,Konami,Adventure,"Konami, Silicon Knights",3.5565,0.191478169,Medium (3-4),883
The Simpsons Game,30-10-2007,3,200,200,3800,20,283,156,2007,10,Platform,Griptonite Games,Platform,"Griptonite Games, Electronic Arts",4.5365,0.041041831,Low (<3),884
Mega Man Zero 2,02-05-2003,3.7,317,317,1900,21,529,180,2003,5,Adventure,Inti Creates,"Adventure, Platform, Shooter","Inti Creates, Capcom",3.0535,0.094687007,Medium (3-4),885
Gears 5,09-09-2019,3.4,382,382,2100,70,589,221,2019,9,Adventure,The Coalition,"Adventure, Shooter","The Coalition, Xbox Game Studios",3.4255,0.105188006,Medium (3-4),886
Crash of the Titans,04-10-2007,3,200,200,3800,18,196,122,2007,10,Adventure,Radical Entertainment,"Adventure, Platform","Radical Entertainment, Sierra Entertainment",4.338,0.032096817,Low (<3),887
Alan Wake Remastered,05-10-2021,3.7,209,209,690,62,481,402,2021,10,Adventure,Remedy Entertainment,"Adventure, Shooter","Remedy Entertainment, Epic Games",2.2155,0.581765557,Medium (3-4),888
Final Fantasy XV: Royal Edition,06-03-2018,3.7,225,225,1700,92,672,160,2018,3,Adventure,Square Enix,"Adventure, Fighting, RPG",Square Enix,3.028,0.094062316,Medium (3-4),889
The Witcher,26-10-2007,3,220,220,1600,57,540,168,2007,10,Adventure,Atari,"Adventure, RPG","Atari, CD Projekt RED",2.746,0.104934416,Low (<3),890
Final Fantasy III,24-08-2006,3.1,342,342,2600,59,891,290,2006,8,Adventure,Square,"Adventure, RPG","Square, Square Enix",4.5165,0.111495579,Medium (3-4),891
Snatcher,23-10-1992,4,242,242,547,25,607,434,1992,10,Adventure,Konami,"Adventure, Point-and-Click, Shooter, Visual Novel",Konami,2.3255,0.791970803,Medium (3-4),892
Hello Charlotte Ep.3: Childhood's End,05-01-2018,4.3,137,137,424,15,191,167,2018,1,Adventure,etherane,"Adventure, Indie, RPG, Visual Novel",etherane,1.0445,0.392941176,High (4+),893
Star Wars: Battlefront,20-09-2004,3.5,255,255,4100,9,261,109,2004,9,Shooter,Pandemic Studios,Shooter,"Pandemic Studios, LucasArts",4.7095,0.026578883,Medium (3-4),894
Ikaruga,20-12-2001,4,364,364,1300,37,664,424,2001,12,Arcade,Treasure,"Arcade, Indie, Puzzle, Shooter",Treasure,3.144,0.325903151,Medium (3-4),895
Diablo IV,06-06-2023,3.7,148,148,19,10,179,677,2023,6,Brawler,Blizzard Entertainment,"Brawler, RPG",Blizzard Entertainment,1.6415,33.85,Medium (3-4),896
Ys: The Oath in Felghana,04-07-2005,4,311,311,1000,32,503,210,2005,7,Adventure,Nihon Falcom,"Adventure, RPG","Nihon Falcom, XSEED Games",2.1745,0.20979021,Medium (3-4),897
American McGee's Alice,06-12-2000,3.4,242,242,1100,42,513,401,2000,12,Adventure,Rogue Entertainment,"Adventure, Platform, Puzzle","Rogue Entertainment, Electronic Arts",2.6715,0.364214351,Medium (3-4),898
Call of Duty,29-10-2003,3.3,274,274,2800,23,202,136,2003,10,Shooter,Infinity Ward,Shooter,"Infinity Ward, Activision",3.375,0.048554088,Medium (3-4),899
Armored Core 2,26-10-2000,3.6,92,92,278,18,232,119,2000,10,,FromSoftware,,"FromSoftware, Agetec",0.864,0.426523297,Medium (3-4),900
Clash of Clans,02-08-2012,2.5,73,73,2600,57,36,8,2012,8,Real Time Strategy,Supercell,"Real Time Strategy, Strategy",Supercell,2.67,0.00307574,Low (<3),901
Fate/stay night,30-01-2004,4,258,258,1900,135,655,471,2004,1,Adventure,TYPE-MOON,"Adventure, Visual Novel","TYPE-MOON, Kadokawa Shoten",3.8245,0.247764335,Medium (3-4),902
Tabletop Simulator,05-06-2015,3.7,147,147,3200,89,179,87,2015,6,Card & Board Game,Berserk Games,"Card & Board Game, Indie, RPG, Simulator, Strategy",Berserk Games,3.6425,0.027179007,Medium (3-4),903
Duskers,18-05-2016,3.6,51,51,61,3,165,45,2016,5,Indie,Misfits Attic,"Indie, Simulator, Strategy",Misfits Attic,0.3985,0.725806452,Medium (3-4),904
Control: Ultimate Edition,27-08-2020,4,233,233,1400,124,884,195,2020,8,Adventure,Remedy Entertainment,"Adventure, Shooter","Remedy Entertainment, 505 Games",3.116,0.139186296,Medium (3-4),905
Advance Wars,10-09-2001,3.7,266,266,1900,52,640,266,2001,9,Simulator,Nintendo,"Simulator, Strategy, Tactical, Turn Based Strategy","Nintendo, Intelligent Systems Co., Ltd.",3.392,0.139926355,Medium (3-4),906
Touhou Koumakyou: The Embodiment of Scarlet Devil,11-08-2002,3.8,217,217,1900,65,255,178,2002,8,Indie,Team Shanghai Alice,"Indie, Shooter",Team Shanghai Alice,2.6385,0.093634929,Medium (3-4),907
Weird West,31-03-2022,3,156,156,405,46,396,337,2022,3,Adventure,WolfEye Studios,"Adventure, Indie, RPG, Simulator","WolfEye Studios, Devolver Digital",1.673,0.830049261,Low (<3),908
Pokémon Mystery Dungeon: Blue Rescue Team,17-11-2005,3.7,273,273,3800,28,441,154,2005,11,Adventure,Chunsoft,"Adventure, RPG, Turn Based Strategy","Chunsoft, Nintendo",4.7695,0.040515654,Medium (3-4),909
WarioWare Gold,27-07-2018,3.9,264,264,1700,35,305,235,2018,7,Arcade,Nintendo of America,Arcade,"Nintendo of America, Nintendo EPD",2.6275,0.138154027,Medium (3-4),910
Dragon Ball: Xenoverse,05-02-2015,2.9,198,198,3700,23,229,71,2015,2,Fighting,Dimps,"Fighting, RPG","Dimps, Bandai Namco Entertainment",4.1855,0.019184004,Low (<3),911
Call of Duty: Black Ops 4,12-10-2018,2.3,248,248,3500,15,279,100,2018,10,Shooter,Treyarch,Shooter,"Treyarch, Activision",4.1185,0.028563268,Low (<3),912
Bloodborne: Game of the Year Edition,27-11-2015,4.6,238,238,1500,57,323,255,2015,11,RPG,Sony Computer Entertainment,RPG,"Sony Computer Entertainment, FromSoftware",2.4945,0.169886742,High (4+),913
Ape Out,28-02-2019,3.5,329,329,1800,46,697,324,2019,2,Adventure,Gabe Cuzzillo,"Adventure, Arcade, Fighting, Indie","Gabe Cuzzillo, Devolver Digital",3.4935,0.179900056,Medium (3-4),914
WarioWare: Smooth Moves,02-12-2006,3.9,319,319,3100,7,256,189,2006,12,Puzzle,"Intelligent Systems Co., Ltd.",Puzzle,"Intelligent Systems Co., Ltd., Nintendo",3.862,0.060948081,Medium (3-4),915
Puyo Puyo Tetris,06-02-2014,3.8,233,233,3100,51,333,198,2014,2,Puzzle,Sega,"Puzzle, Strategy","Sega, Sonic Team",3.9955,0.063850371,Medium (3-4),916
Prince of Persia: Warrior Within,30-11-2004,3.5,237,237,2800,20,551,220,2004,11,Adventure,Ubisoft Montreal,"Adventure, Fighting, Platform","Ubisoft Montreal, Ubisoft Entertainment",4.0665,0.078543377,Medium (3-4),917
Kentucky Route Zero: TV Edition,27-01-2020,4.1,319,319,772,90,636,402,2020,1,Adventure,Cardboard Computer,"Adventure, Indie, Point-and-Click","Cardboard Computer, Annapurna Interactive",2.53,0.520051746,High (4+),918
Factorio,14-08-2020,4.2,189,189,1600,114,393,354,2020,8,Indie,Wube Software LTD.,"Indie, Simulator, Strategy",Wube Software LTD.,2.8975,0.221111805,High (4+),919
Scott Pilgrim vs. the World: The Game - Complete Edition,14-01-2021,3.6,229,229,1200,102,637,363,2021,1,Adventure,Ubisoft,"Adventure, Brawler, Fighting","Ubisoft, Ubisoft Chengdu",2.8815,0.302248127,Medium (3-4),920
Monster Hunter 4 Ultimate,11-10-2014,4.2,260,260,2000,66,418,159,2014,10,Adventure,Capcom,"Adventure, RPG",Capcom,2.945,0.07946027,High (4+),921
Fruit Ninja Classic,20-04-2010,2.7,54,54,3800,1,32,10,2010,4,Arcade,Halfbrick Studios,Arcade,Halfbrick Studios,3.868,0.002630887,Low (<3),922
Tom Clancy's The Division,07-03-2016,2.8,239,239,2900,40,332,78,2016,3,Adventure,Ubisoft Entertainment,"Adventure, RPG, Shooter, Strategy, Tactical","Ubisoft Entertainment, Massive Entertainment",3.554,0.02688728,Low (<3),923
Crysis 2,22-03-2011,3.1,180,180,2900,10,411,155,2011,3,Adventure,Crytek Frankfurt,"Adventure, Shooter","Crytek Frankfurt, Electronic Arts",3.8265,0.053429852,Medium (3-4),924
Resident Evil 4: Wii Edition,31-05-2007,4.4,151,151,1100,16,213,76,2007,5,Adventure,Capcom Production Studio 4,"Adventure, Shooter","Capcom Production Studio 4, Capcom",1.5715,0.069028156,High (4+),925
Nuclear Throne,05-12-2015,3.7,262,262,2200,65,587,146,2015,12,Adventure,Vlambeer,"Adventure, Arcade, Indie, RPG, Shooter",Vlambeer,3.3725,0.066333485,Medium (3-4),926
Super Hexagon,31-08-2012,3.4,204,204,2300,23,236,54,2012,8,Arcade,Terry Cavanagh,"Arcade, Indie, Music","Terry Cavanagh, Distractionware",2.762,0.023468057,Medium (3-4),927
Condemned: Criminal Origins,16-11-2005,3.5,248,248,1300,32,528,270,2005,11,Adventure,WB Games,"Adventure, Shooter","WB Games, Monolith Productions",2.632,0.207532667,Medium (3-4),928
PlayStation All-Stars Battle Royale,20-11-2012,2.4,208,208,2600,3,132,78,2012,11,Fighting,SCE Santa Monica Studio,"Fighting, Platform","SCE Santa Monica Studio, Sony Computer Entertainment",2.954,0.029988466,Low (<3),929
Dragon Quest,01-03-2004,3.1,349,349,1800,43,486,221,2004,3,Adventure,Nintendo,"Adventure, RPG","Nintendo, Armor Project",2.971,0.122709606,Medium (3-4),930
Pac-Man in a Tin,22-03-2023,3.7,0,0,1,0,1,2,2023,3,Arcade,Fizz Creations,Arcade,Fizz Creations,0.0065,1,Medium (3-4),931
Mount & Blade: Warband,31-03-2010,3.9,168,168,2400,39,309,110,2010,3,Adventure,Paradox Interactive,"Adventure, RPG, Shooter, Simulator, Strategy","Paradox Interactive, Taleworlds",3.0835,0.045814244,Medium (3-4),932
Monster Hunter Generations Ultimate,18-03-2017,4.2,179,179,1500,132,442,174,2017,3,Brawler,Capcom,"Brawler, RPG",Capcom,2.511,0.115922718,High (4+),933
The Jackbox Party Pack 3,18-10-2016,3.8,152,152,2700,17,56,35,2016,10,Indie,"Jackbox Games, Inc.","Indie, Puzzle, Quiz/Trivia, Strategy","Jackbox Games, Inc.",2.854,0.012958164,Medium (3-4),934
Digimon World: Next Order,17-03-2016,3.1,66,66,321,40,242,133,2016,3,Adventure,Bandai Namco Entertainment Europe,"Adventure, RPG, Simulator","Bandai Namco Entertainment Europe, B.B. Studio",0.95,0.413043478,Medium (3-4),935
Odin Sphere: Leifthrasir,14-01-2016,4.1,228,228,895,71,740,349,2016,1,RPG,Atlus,RPG,"Atlus, Vanillaware",2.703,0.389508929,High (4+),936
Bulletstorm,22-02-2011,3.2,159,159,2300,6,299,125,2011,2,Shooter,People Can Fly,Shooter,"People Can Fly, Electronic Arts",2.9985,0.054324207,Medium (3-4),937
The Witcher 2: Assassins of Kings,17-05-2011,3.6,181,181,1600,21,605,169,2011,5,Adventure,Atari,"Adventure, RPG","Atari, CD Projekt RED",2.8455,0.105559026,Medium (3-4),938
Pokémon Añil,23-03-2023,3.7,2,2,1,0,1,7,2023,3,RPG,Eric Lost,RPG,Eric Lost,0.0165,3.5,Medium (3-4),939
Animal Crossing: City Folk,16-11-2008,3.4,232,232,3100,17,215,129,2008,11,Simulator,Nintendo,Simulator,"Nintendo, Nintendo EAD Group No. 2",3.6805,0.041599484,Medium (3-4),940
Microsoft Minesweeper,08-10-1990,3.2,83,83,2400,15,28,6,1990,10,Puzzle,Microsoft,Puzzle,Microsoft,2.454,0.002498959,Medium (3-4),941
Sonic 3D Blast,14-11-1996,2.3,315,315,2300,12,259,73,1996,11,Platform,Sega,Platform,Sega,2.8345,0.031725337,Low (<3),942
Mario Party 4,21-10-2002,3.5,231,231,3000,7,156,113,2002,10,Card & Board Game,Hudson Soft,Card & Board Game,"Hudson Soft, Nintendo",3.46,0.037654115,Medium (3-4),943
Mario Party 3,07-12-2000,3.7,219,219,2800,6,168,123,2000,12,Card & Board Game,Nintendo,Card & Board Game,"Nintendo, Hudson Soft",3.298,0.043912888,Medium (3-4),944
Peggle,27-02-2007,3.6,185,185,2500,20,122,35,2007,2,Puzzle,PopCap Games,Puzzle,PopCap Games,2.753,0.013994402,Medium (3-4),945
Plague Inc: Evolved,18-09-2015,3.1,88,88,4000,31,217,62,2015,9,Indie,Ndemic Creations,"Indie, Simulator, Strategy, Tactical",Ndemic Creations,4.4495,0.015496126,Medium (3-4),946
Star Wars: Episode III - Revenge of the Sith,05-05-2005,3.1,141,141,2100,11,167,94,2005,5,Adventure,LucasArts,"Adventure, Brawler","LucasArts, The Collective",2.5385,0.0447406,Medium (3-4),947
Prince of Persia,02-12-2008,3,201,201,2500,23,535,206,2008,12,Adventure,Ubisoft Entertainment,"Adventure, Platform, Puzzle","Ubisoft Entertainment, Ubisoft Montreal",3.7145,0.082367053,Low (<3),948
System Shock,22-09-1994,3.9,276,276,544,29,572,294,1994,9,RPG,Looking Glass Studios,"RPG, Shooter","Looking Glass Studios, Origin Systems",1.99,0.539449541,Medium (3-4),949
Sonic Rush Adventure,14-09-2007,3.5,278,278,1900,22,389,208,2007,9,Platform,Nintendo,Platform,"Nintendo, Sonic Team",2.8995,0.109416097,Medium (3-4),950
Destroy All Humans!,21-06-2005,3.2,160,160,2200,16,414,188,2005,6,Adventure,THQ,Adventure,"THQ, Pandemic Studios",3.197,0.08541572,Medium (3-4),951
Marvel vs. Capcom: Clash of Super Heroes,12-01-1998,3.7,269,269,2000,8,143,100,1998,1,Fighting,Virgin Interactive Entertainment (Europe) Ltd.,Fighting,"Virgin Interactive Entertainment (Europe) Ltd., Capcom",2.4145,0.049975012,Medium (3-4),952
The World Ends with You: Final Remix,27-09-2018,4,253,253,1500,115,737,481,2018,9,Adventure,Square Enix,"Adventure, RPG","Square Enix, Nintendo",3.5675,0.320453031,Medium (3-4),953
Ristar,16-02-1995,3.6,233,233,1200,12,355,175,1995,2,Adventure,Sega,"Adventure, Platform",Sega,2.0825,0.145711907,Medium (3-4),954
Crash Team Racing Nitro-Fueled,21-06-2019,3.9,408,408,2500,50,391,294,2019,6,Arcade,Activision Blizzard,"Arcade, Racing","Activision Blizzard, Beenox",3.6745,0.117552979,Medium (3-4),955
Mega Man X6,29-11-2001,2.3,308,308,1900,18,461,119,2001,11,Adventure,Capcom,"Adventure, Platform",Capcom,2.8295,0.062598632,Low (<3),956
Slender: The Eight Pages,26-06-2012,2,123,123,2700,3,73,50,2012,6,Adventure,Parsec Productions,"Adventure, Indie",Parsec Productions,2.9095,0.018511662,Low (<3),957
Mark of the Ninja,07-09-2012,3.8,193,193,1900,14,507,191,2012,9,Adventure,Klei Entertainment,"Adventure, Indie, Platform","Klei Entertainment, Microsoft Studios",3.0425,0.100473435,Medium (3-4),958
Octodad: Dadliest Catch,30-01-2014,3.2,169,169,2500,12,407,180,2014,1,Adventure,Young Horses,"Adventure, Indie, Platform, Simulator, Strategy",Young Horses,3.4705,0.071971212,Medium (3-4),959
Dragon Ball Z: Budokai Tenkaichi,06-10-2005,2.9,96,96,1700,2,69,29,2005,10,Fighting,Spike,Fighting,"Spike, Bandai",1.8615,0.017048795,Low (<3),960
The King of Fighters XV,16-02-2022,4,226,226,718,81,164,271,2022,2,Fighting,SNK Corporation,Fighting,"SNK Corporation, SNK",1.506,0.376912378,Medium (3-4),961
Killing Floor 2,18-11-2016,3.1,195,195,2800,33,501,66,2016,11,Shooter,Tripwire Interactive,Shooter,"Tripwire Interactive, Deep Silver",3.6835,0.023563013,Medium (3-4),962
Ape Escape 3,14-07-2005,4.3,247,247,874,24,399,231,2005,7,Platform,SCE Japan Studio,Platform,"SCE Japan Studio, Sony Computer Entertainment Europe",1.9345,0.264,High (4+),963
The Simpsons Arcade Game,04-03-1991,3.3,139,139,1500,5,82,76,1991,3,Arcade,Konami,"Arcade, Brawler",Konami,1.775,0.050632911,Medium (3-4),964
Toy Story 2: Buzz Lightyear to the Rescue!,22-11-1999,3.4,245,245,2300,26,262,117,1999,11,Adventure,Activision,"Adventure, Platform","Activision, Traveller's Tales",2.927,0.050847458,Medium (3-4),965
Rayman Raving Rabbids,19-11-2006,2.7,137,137,2700,9,191,63,2006,11,Adventure,Ubisoft Entertainment,"Adventure, Platform, Puzzle","Ubisoft Entertainment, Ubisoft Montpellier",3.1125,0.023324695,Low (<3),966
Prototype 2,24-04-2012,3,140,140,2400,10,408,198,2012,4,Adventure,Activision,"Adventure, Brawler, Platform","Activision, FUN Labs",3.408,0.082465639,Low (<3),967
MadWorld,10-03-2009,3.5,283,283,1100,19,683,441,2009,3,Brawler,Spike,Brawler,"Spike, PlatinumGames",3.0065,0.400544959,Medium (3-4),968
Call of Duty 3,07-11-2006,2.8,231,231,2900,8,239,122,2006,11,Shooter,Activision,Shooter,"Activision, Treyarch",3.5025,0.042054464,Low (<3),969
Shadow Warrior,26-09-2013,3.2,161,161,1700,21,571,114,2013,9,Adventure,Flying Wild Hog,"Adventure, Shooter","Flying Wild Hog, Majesco Entertainment",2.7845,0.0670194,Medium (3-4),970
Warcraft III: The Frozen Throne,01-07-2003,4.3,159,159,2600,14,181,73,2003,7,Real Time Strategy,Blizzard Entertainment,"Real Time Strategy, Strategy","Blizzard Entertainment, Sierra Entertainment",3.0175,0.028066128,High (4+),971
Yakuza 4,08-03-2010,3.8,295,295,1400,38,596,255,2010,3,Adventure,Sega,"Adventure, Brawler, RPG, Simulator, Sport",Sega,2.804,0.182012848,Medium (3-4),972
Megami Ibunroku Persona,20-09-1996,3.7,16,16,16,0,13,15,1996,9,RPG,Atlus,RPG,Atlus,0.0655,0.882352941,Medium (3-4),973
Persona 4 Arena,01-03-2012,3.4,195,195,1900,22,313,171,2012,3,Adventure,Arc System Works,"Adventure, Fighting, RPG","Arc System Works, Atlus",2.7115,0.089952656,Medium (3-4),974
Scribblenauts,15-09-2009,3.2,151,151,3200,3,155,80,2009,9,Puzzle,5th Cell,Puzzle,"5th Cell, Konami",3.5925,0.02499219,Medium (3-4),975
Rock Band 2,14-09-2008,4,180,180,2000,10,56,29,2008,9,Music,MTV Games,Music,"MTV Games, Harmonix Music Systems",2.142,0.014492754,Medium (3-4),976
Armored Core 4,21-12-2006,3.7,92,92,252,15,232,162,2006,12,Fighting,FromSoftware,Fighting,"FromSoftware, Sega",0.924,0.640316206,Medium (3-4),977
Rez Infinite,13-10-2016,4,222,222,713,20,451,154,2016,10,Music,Enhance Games,"Music, Shooter",Enhance Games,1.6975,0.215686275,Medium (3-4),978
Plants vs. Zombies 2: It's About Time,15-08-2013,2.7,80,80,2400,29,88,22,2013,8,Adventure,Electronic Arts,"Adventure, Real Time Strategy, Strategy, Tactical","Electronic Arts, PopCap Games",2.576,0.009162849,Low (<3),979
Cadence of Hyrule: Crypt of the NecroDancer Featuring the Legend of Zelda,13-06-2019,3.6,269,269,1800,39,682,587,2019,6,Adventure,Spike ChunSoft,"Adventure, Music","Spike ChunSoft, Brace Yourself Games",3.997,0.325930039,Medium (3-4),980
100% Orange Juice,15-08-2009,3.4,112,112,1800,51,292,89,2009,8,Card & Board Game,Orange_Juice,"Card & Board Game, Indie, Strategy, Turn Based Strategy","Orange_Juice, Fruitbat Factory",2.416,0.049416991,Medium (3-4),981
Tekken 6,26-11-2007,3.4,235,235,2300,15,173,96,2007,11,Fighting,Bandai Namco Entertainment,Fighting,Bandai Namco Entertainment,2.7515,0.041720991,Medium (3-4),982
Mortal Kombat 3,15-04-1995,3.1,162,162,1700,4,85,41,1995,4,Fighting,Midway Games,Fighting,Midway Games,1.9095,0.024103469,Medium (3-4),983
Pokémon Mystery Dungeon: Explorers of Time,13-09-2007,4,186,186,2300,13,345,136,2007,9,Adventure,Chunsoft,"Adventure, RPG, Turn Based Strategy","Chunsoft, Nintendo",3.0895,0.059104737,Medium (3-4),984
Chulip,03-10-2002,4.1,296,296,308,31,584,420,2002,10,Adventure,Punchline,"Adventure, Puzzle",Punchline,2.024,1.359223301,High (4+),985
Crash Nitro Kart,11-11-2003,3.1,141,141,1700,4,139,52,2003,11,Racing,Vicarious Visions,Racing,"Vicarious Visions, Universal Interactive Studios",2.0125,0.030570253,Medium (3-4),986
Bubble Bobble,16-06-1986,3.3,187,187,1400,3,110,57,1986,6,Arcade,Sega,"Arcade, Platform, Puzzle, Strategy","Sega, Taito Corporation",1.679,0.040685225,Medium (3-4),987
Shantae: Half-Genie Hero,20-12-2016,3.4,196,196,1500,41,562,289,2016,12,Adventure,XSEED Games,"Adventure, Indie, Platform","XSEED Games, WayForward Technologies",2.921,0.192538308,Medium (3-4),988
Snake,18-12-1997,3.1,67,67,2400,6,26,9,1997,12,Arcade,Nokia,Arcade,Nokia,2.457,0.003748438,Medium (3-4),989
Tales of Vesperia,07-08-2008,3.9,196,196,1100,57,490,199,2008,8,RPG,Namco Tales Studio,RPG,"Namco Tales Studio, Bandai Namco Entertainment",2.233,0.180744777,Medium (3-4),990
Mega Man X8,07-12-2004,3.3,239,239,1400,17,438,140,2004,12,Adventure,Capcom Production Studio 1,"Adventure, Platform","Capcom Production Studio 1, Capcom",2.337,0.099928622,Medium (3-4),991
Fire Emblem: New Mystery of the Emblem,15-07-2010,3.7,246,246,848,23,503,212,2010,7,RPG,"Intelligent Systems Co., Ltd.","RPG, Strategy, Turn Based Strategy","Intelligent Systems Co., Ltd., Nintendo",2.0265,0.249705536,Medium (3-4),992
Mario & Luigi: Superstar Saga + Bowser's Minions,05-10-2017,3.9,201,201,1100,48,477,201,2017,10,Adventure,Nintendo,"Adventure, Platform, RPG","Nintendo, AlphaDream",2.2175,0.182561308,Medium (3-4),993
Suikoden,15-12-1995,3.6,270,270,933,32,776,360,1995,12,RPG,Konami Computer Entertainment Tokyo,RPG,"Konami Computer Entertainment Tokyo, Konami",2.817,0.385438972,Medium (3-4),994
Binary Domain,16-02-2012,3.5,234,234,1100,9,598,192,2012,2,Shooter,Sega,Shooter,"Sega, Ryū Ga Gotoku Studios",2.381,0.174386921,Medium (3-4),995
Shin Megami Tensei: Devil Survivor,15-01-2009,3.9,219,219,1000,47,667,343,2009,1,RPG,Atlus,"RPG, Strategy, Tactical, Visual Novel","Atlus, Ghostlight Ltd.",2.6865,0.342657343,Medium (3-4),996
JoJo's Bizarre Adventure: Eyes of Heaven,17-12-2015,2.8,106,106,1700,36,276,196,2015,12,Arcade,CyberConnect2,"Arcade, Fighting","CyberConnect2, Bandai Namco Entertainment",2.506,0.115226337,Low (<3),997
Audiosurf,15-02-2008,3.2,82,82,1600,8,77,27,2008,2,Indie,Valve,"Indie, Music, Puzzle","Valve, Invisible Handlebar",1.7695,0.01686446,Medium (3-4),998
Better Call Saul Kart,30-09-2022,4.2,8,8,26,1,10,12,2022,9,Racing,Big Trash Games,Racing,Big Trash Games,0.065,0.444444444,High (4+),999
The Secret of Monkey Island,01-10-1990,4.1,312,312,1400,13,418,298,1990,10,Adventure,Lucasfilm Games,"Adventure, Point-and-Click, Puzzle","Lucasfilm Games, JVC Musical Industries",2.623,0.212705211,High (4+),1000
Resistance: Fall of Man,11-11-2006,3,194,194,1300,16,280,119,2006,11,Adventure,Insomniac Games,"Adventure, Shooter","Insomniac Games, Sony Computer Entertainment, Inc. (SCEI)",1.958,0.091468101,Low (<3),1001
Sniper Elite 4,13-02-2017,3.1,184,184,1500,40,483,108,2017,2,Adventure,Sold Out Sales & Marketing,"Adventure, Shooter, Tactical","Sold Out Sales & Marketing, Rebellion Developments",2.4405,0.071952032,Medium (3-4),1002
Metal Gear Solid HD Collection,08-11-2011,4.5,118,118,1500,31,464,230,2011,11,Adventure,Kojima Productions,"Adventure, Strategy, Tactical","Kojima Productions, Konami",2.656,0.153231179,High (4+),1003
The Simpsons: Road Rage,19-11-2001,2.9,103,103,1700,6,146,61,2001,11,Racing,Electronic Arts,Racing,"Electronic Arts, Fox Interactive",2.041,0.035861258,Low (<3),1004
Melty Blood Actress Again Current Code,29-07-2010,4.1,242,242,1900,81,211,184,2010,7,Arcade,Arc System Works,"Arcade, Fighting","Arc System Works, French Bread",2.5845,0.096791163,High (4+),1005
Path of Exile,23-10-2013,3.3,130,130,2400,77,319,55,2013,10,Adventure,Grinding Gear Games,"Adventure, Brawler, RPG",Grinding Gear Games,2.9885,0.022907122,Medium (3-4),1006
Machinarium,16-10-2009,3.7,222,222,1600,18,473,242,2009,10,Adventure,Amanita Design,"Adventure, Indie, Point-and-Click, Puzzle",Amanita Design,2.7935,0.151155528,Medium (3-4),1007
Guacamelee!,09-04-2013,3.5,191,191,1800,8,371,133,2013,4,Adventure,Drinkbox Studios,"Adventure, Brawler, Indie, Platform","Drinkbox Studios, Spike ChunSoft",2.6225,0.073847862,Medium (3-4),1008
Tales of Zestiria,22-01-2015,2.7,273,273,1700,76,1000,264,2015,1,RPG,Bandai Namco Entertainment,RPG,"Bandai Namco Entertainment, tri-Crescendo",3.728,0.155202822,Low (<3),1009
Black,24-02-2006,3.4,233,233,2100,19,359,196,2006,2,Shooter,Electronic Arts,Shooter,"Electronic Arts, Criterion Games",3.0305,0.09328891,Medium (3-4),1010
Mario Super Sluggers,19-06-2008,3.7,153,153,1800,4,133,81,2008,6,Sport,Namco Bandai Games,Sport,"Namco Bandai Games, Nintendo",2.1615,0.044975014,Medium (3-4),1011
Worms Armageddon,29-01-1999,3.8,180,180,2100,15,150,57,1999,1,Platform,Team17,"Platform, Shooter, Strategy","Team17, Infogrames Europe",2.439,0.027129938,Medium (3-4),1012
Street Fighter II Turbo,11-07-1993,3.7,174,174,1600,5,89,50,1993,7,Fighting,Capcom,Fighting,Capcom,1.8335,0.031230481,Medium (3-4),1013
Tekken 4,01-07-2001,3.4,243,243,1900,9,144,109,2001,7,Fighting,Namco,Fighting,"Namco, Namco Hometek",2.334,0.057338243,Medium (3-4),1014
Legacy of Kain: Soul Reaver,16-08-1999,3.7,260,260,1300,22,833,328,1999,8,Adventure,Eidos Interactive,Adventure,"Eidos Interactive, Crystal Dynamics",3.2055,0.252113759,Medium (3-4),1015
Mega Man X7,17-07-2003,1.4,231,231,1300,6,385,113,2003,7,Adventure,Capcom Production Studio 3,"Adventure, Platform","Capcom Production Studio 3, Capcom",2.1035,0.086856264,Low (<3),1016
Final Fantasy I & II: Dawn of Souls,29-07-2004,3.4,93,93,1100,26,207,63,2004,7,RPG,Square Enix,RPG,"Square Enix, Nintendo",1.5365,0.057220708,Medium (3-4),1017
Mega Man ZX,06-07-2006,3.7,239,239,1300,29,540,159,2006,7,Platform,Inti Creates,"Platform, Shooter","Inti Creates, Capcom",2.428,0.122213682,Medium (3-4),1018
Metal Gear 2: Solid Snake,20-07-1990,3.5,306,306,1200,19,501,183,1990,7,Adventure,Konami,Adventure,Konami,2.3175,0.152373022,Medium (3-4),1019
The Missing: J.J. Macfield and the Island of Memories,11-10-2018,3.8,241,241,779,30,491,366,2018,10,Adventure,Arc System Works,"Adventure, Indie, Platform, Puzzle","Arc System Works, White Owls Inc.",2.2475,0.469230769,Medium (3-4),1020
Silent Hill 2: Restless Dreams,19-12-2001,4.5,90,90,514,14,130,81,2001,12,Adventure,Team Silent,Adventure,"Team Silent, Konami",0.871,0.157281553,High (4+),1021
Friday the 13th: The Game,25-05-2017,2.6,170,170,2200,12,198,67,2017,5,Indie,Illfonic,Indie,"Illfonic, Gun Interactive",2.631,0.030440709,Low (<3),1022
Quake II,09-12-1997,3.4,242,242,1500,18,469,162,1997,12,Shooter,id Software,Shooter,"id Software, Activision",2.5275,0.107928048,Medium (3-4),1023
NBA Jam,02-06-1993,3.6,106,106,847,0,64,23,1993,6,Sport,Midway,Sport,Midway,0.989,0.027122642,Medium (3-4),1024
Final Fantasy X HD Remaster,26-12-2013,4.3,139,139,867,48,300,76,2013,12,Adventure,Square Enix,"Adventure, RPG",Square Enix,1.469,0.087557604,High (4+),1025
Mario vs. Donkey Kong,24-05-2004,3.3,171,171,1500,16,252,92,2004,5,Platform,Nintendo,"Platform, Puzzle","Nintendo, Nintendo Software Technology",2.062,0.061292472,Medium (3-4),1026
Kenshi,06-12-2018,4,90,90,527,49,279,257,2018,12,Indie,Lo-Fi Games,"Indie, RPG, Simulator, Strategy",Lo-Fi Games,1.4595,0.486742424,Medium (3-4),1027
Remember Me,03-06-2013,2.9,179,179,1600,22,526,239,2013,6,Adventure,Capcom,"Adventure, Platform","Capcom, DON'T NOD",2.867,0.149281699,Low (<3),1028
Alpha Protocol,28-05-2010,3.3,170,170,987,9,511,182,2010,5,RPG,Obsidian Entertainment,"RPG, Shooter","Obsidian Entertainment, Sega",2.1175,0.184210526,Medium (3-4),1029
Indivisible,08-10-2019,3.1,211,211,969,56,839,349,2019,10,Adventure,Lab Zero Games,"Adventure, Indie, Platform, RPG","Lab Zero Games, 505 Games",2.9255,0.359793814,Medium (3-4),1030
Jazzpunk,07-02-2014,3.6,122,122,935,5,213,165,2014,2,Adventure,Necrophone Games,"Adventure, Indie","Necrophone Games, Adult Swim Games",1.5845,0.176282051,Medium (3-4),1031
Need for Speed: Hot Pursuit,16-11-2010,3.3,148,148,2000,23,182,54,2010,11,Racing,Criterion Games,Racing,"Criterion Games, Electronic Arts",2.381,0.026986507,Medium (3-4),1032
The House in Fata Morgana: A Requiem for Innocence,16-08-2015,4.3,123,123,625,34,275,180,2015,8,Adventure,NOVECT,"Adventure, Visual Novel","NOVECT, MangaGamer",1.3975,0.287539936,High (4+),1033
Phantom Brigade,28-02-2023,2.8,16,16,16,10,30,51,2023,2,Indie,Brace Yourself Games,"Indie, RPG, Strategy, Tactical, Turn Based Strategy",Brace Yourself Games,0.163,3,Low (<3),1034
Altered Beast,01-08-1988,2.5,211,211,1500,2,154,55,1988,8,Brawler,Sega,"Brawler, Platform","Sega, Team Shinobi",1.841,0.036642239,Low (<3),1035
Broken Age,28-01-2014,3.1,180,180,1300,21,663,139,2014,1,Adventure,Nordic Games Publishing,"Adventure, Indie, Point-and-Click, Puzzle","Nordic Games Publishing, Double Fine",2.5725,0.106840892,Medium (3-4),1036
Telling Lies,23-08-2019,2.8,186,186,646,15,244,163,2019,8,Indie,Furious Bee Limited,"Indie, Point-and-Click, Simulator","Furious Bee Limited, Annapurna Interactive",1.338,0.251931994,Low (<3),1037
Saints Row: Gat Out of Hell,20-01-2015,2.4,159,159,2000,13,412,75,2015,1,Adventure,Volition,"Adventure, Shooter","Volition, Deep Silver",2.768,0.037481259,Low (<3),1038
Ratchet & Clank: Size Matters,13-02-2007,2.8,172,172,1500,10,287,115,2007,2,Adventure,"Sony Computer Entertainment, Inc. (SCEI)","Adventure, Platform, Shooter","Sony Computer Entertainment, Inc. (SCEI), High Impact Games",2.1605,0.07661559,Low (<3),1039
Mario Hoops 3-on-3,27-07-2006,3.5,132,132,1800,2,134,69,2006,7,Sport,Nintendo,Sport,"Nintendo, Square Enix",2.139,0.038312049,Medium (3-4),1040
Mario Power Tennis,28-10-2004,3.5,150,150,1900,6,146,91,2004,10,Sport,Nintendo,Sport,"Nintendo, Camelot Software Planning",2.301,0.047869542,Medium (3-4),1041
Keep Talking and Nobody Explodes,16-07-2015,3.7,144,144,2000,26,198,106,2015,7,Card & Board Game,Steel Crate Games,"Card & Board Game, Indie, Puzzle, Simulator",Steel Crate Games,2.509,0.052973513,Medium (3-4),1042
The Swapper,30-05-2013,3.4,130,130,1100,10,341,93,2013,5,Adventure,Facepalm Games,"Adventure, Indie, Platform, Puzzle, Strategy","Facepalm Games, Curve Digital",1.7975,0.084468665,Medium (3-4),1043
Ms. Pac-Man,03-02-1982,3.6,198,198,1600,1,45,38,1982,2,Arcade,"Atari, Inc.",Arcade,"Atari, Inc., General Computer Corporation (GCC)",1.7435,0.023735166,Medium (3-4),1044
Gun,05-11-2005,3.3,131,131,1400,5,276,152,2005,11,Adventure,Activision,Adventure,"Activision, Rebellion Developments",2.118,0.108493933,Medium (3-4),1045
Naruto: Ultimate Ninja 3,22-12-2005,3.5,120,120,1900,2,67,32,2005,12,Fighting,Bandai,Fighting,"Bandai, CyberConnect2",2.0645,0.016833246,Medium (3-4),1046
The Ultimate Doom,30-04-1995,4.1,148,148,1200,36,205,71,1995,4,Shooter,id Software,Shooter,"id Software, Activision",1.6495,0.059117402,High (4+),1047
Superman: The New Superman Adventures,31-05-1999,0.7,69,69,859,2,76,55,1999,5,Adventure,Titus Software,"Adventure, Shooter","Titus Software, WB Games",1.083,0.063953488,Low (<3),1048
Ruiner,26-09-2017,3.2,177,177,1100,38,701,177,2017,9,Adventure,Reikon Games,"Adventure, Indie, Shooter, Strategy","Reikon Games, Devolver Digital",2.5055,0.160762943,Medium (3-4),1049
The Lord of the Rings: The Two Towers,21-10-2002,3.3,100,100,1600,8,172,72,2002,10,Adventure,Electronic Arts,"Adventure, Brawler","Electronic Arts, Hypnos Entertainment",2.002,0.044971893,Medium (3-4),1050
Dragon Quest II: Luminaries of the Legendary Line,31-12-2005,3,215,215,891,40,399,167,2005,12,RPG,Chunsoft,RPG,"Chunsoft, Enix America Corporation",1.8235,0.187219731,Low (<3),1051
Chivalry: Medieval Warfare,16-10-2012,2.9,73,73,1600,2,143,23,2012,10,Brawler,Torn Banner Studios,"Brawler, Fighting, Indie","Torn Banner Studios, Activision",1.8605,0.014366021,Low (<3),1052
FIFA 14,24-09-2013,3.2,92,92,2200,8,52,13,2013,9,Sport,EA Sports,Sport,"EA Sports, EA Canada",2.304,0.005906406,Medium (3-4),1053
Bit.Trip Runner,14-05-2010,3.1,58,58,1200,7,195,57,2010,5,Arcade,Gaijin Games,"Arcade, Indie, Music, Platform","Gaijin Games, Aksys Games",1.6065,0.04746045,Medium (3-4),1054
Pokémon Pinball: Ruby & Sapphire,01-08-2003,3.5,135,135,1600,23,136,69,2003,8,Adventure,Nintendo,"Adventure, Arcade, Pinball","Nintendo, Jupiter Corporation",1.942,0.043098064,Medium (3-4),1055
FIFA 13,25-09-2012,3.2,62,62,1600,2,34,12,2012,9,Simulator,Electronic Arts,"Simulator, Sport","Electronic Arts, EA Canada",1.675,0.007495315,Medium (3-4),1056
La-Mulana,13-07-2012,3.9,170,170,492,30,474,219,2012,7,Adventure,GR3 Project,"Adventure, Indie, Platform, Puzzle","GR3 Project, Rising Star Games",1.641,0.444219067,Medium (3-4),1057
The Warriors,17-10-2005,3.9,182,182,927,10,274,191,2005,10,Brawler,Rockstar Toronto,"Brawler, Fighting","Rockstar Toronto, Rockstar Games",1.72,0.205818966,Medium (3-4),1058
Mortal Kombat XL,01-03-2016,3.6,95,95,1100,10,128,32,2016,3,Fighting,NetherRealm Studios,Fighting,"NetherRealm Studios, WB Games",1.356,0.029064487,Medium (3-4),1059
Anonymous;Code,28-07-2022,4.2,40,40,8,1,57,156,2022,7,Adventure,5pb.,"Adventure, Visual Novel","5pb., Spike ChunSoft",0.4055,17.33333333,High (4+),1060
Higurashi no Naku Koro ni: Chapter 2 - Watanagashi,29-12-2002,3.7,118,118,1200,49,242,92,2002,12,Adventure,MangaGamer,"Adventure, Visual Novel","MangaGamer, 07th Expansion",1.747,0.076602831,Medium (3-4),1061
Aokana: Four Rhythms Across the Blue,08-01-2016,3.9,32,32,164,20,127,101,2016,1,Adventure,sprite,"Adventure, Visual Novel","sprite, Piacci",0.5565,0.612121212,Medium (3-4),1062
Shantae and the Seven Sirens,27-03-2020,3.5,118,118,512,31,384,331,2020,3,Adventure,WayForward Technologies,"Adventure, Platform","WayForward Technologies, WayForward",1.75,0.645224172,Medium (3-4),1063
Mega Man ZX Advent,12-07-2007,3.6,173,173,976,19,462,110,2007,7,Adventure,Inti Creates,"Adventure, Platform, Shooter","Inti Creates, Capcom",1.889,0.11258956,Medium (3-4),1064
Peggle Deluxe,06-03-2007,3.7,69,69,939,18,70,13,2007,3,,PopCap Games,,PopCap Games,1.07,0.013829787,Medium (3-4),1065
Slither.io,25-03-2016,2.2,46,46,2100,1,21,4,2016,3,Arcade,Lowtech Studios,"Arcade, Simulator","Lowtech Studios, Steve Howse",2.1395,0.001903855,Low (<3),1066
Twisted Metal,05-11-1995,3.1,117,117,986,1,148,81,1995,11,Fighting,Eat Sleep Play Inc.,"Fighting, Racing, Shooter","Eat Sleep Play Inc., Sony Computer Entertainment",1.37,0.082066869,Medium (3-4),1067
Dragon Age: Origins - Awakening,16-03-2010,3.9,50,50,1000,14,200,54,2010,3,RPG,BioWare Edmonton,"RPG, Strategy","BioWare Edmonton, Electronic Arts",1.408,0.053946054,Medium (3-4),1068
Parasite Eve II,16-12-1999,3.4,229,229,763,16,657,344,1999,12,RPG,Square,RPG,"Square, Square Soft",2.4365,0.45026178,Medium (3-4),1069
The Jackbox Party Pack,18-11-2014,2.9,102,102,1400,6,93,27,2014,11,Indie,"Jackbox Games, Inc.","Indie, Puzzle, Quiz/Trivia, Strategy","Jackbox Games, Inc.",1.5935,0.019271949,Low (<3),1070
Tom Clancy's Splinter Cell: Pandora Tomorrow,23-03-2004,3.4,137,137,1000,7,317,123,2004,3,Shooter,Ubisoft Shanghai,"Shooter, Tactical","Ubisoft Shanghai, Ubisoft Entertainment",1.7215,0.122877123,Medium (3-4),1071
Payday: The Heist,18-10-2011,2.9,55,55,1300,4,135,23,2011,10,Shooter,Overkill Software,Shooter,"Overkill Software, Daybreak Game Company",1.5485,0.017678709,Low (<3),1072
Pokémon Rumble Blast,11-08-2011,2.9,96,96,1200,8,95,39,2011,8,Adventure,Nintendo,"Adventure, Brawler, Fighting, RPG","Nintendo, Ambrella",1.4205,0.032472939,Low (<3),1073
Nicktoons Unite!,26-10-2005,2.5,52,52,785,2,50,28,2005,10,Adventure,THQ,Adventure,"THQ, Blue Tongue Entertainment",0.916,0.03562341,Low (<3),1074
Ruined King: A League of Legends Story,16-11-2021,3.6,68,68,413,63,243,246,2021,11,Adventure,Riot Forge,"Adventure, Indie, RPG, Turn Based Strategy","Riot Forge, Airship Syndicate",1.2695,0.594202899,Medium (3-4),1075
Picross S3,25-04-2019,3.9,26,26,187,16,34,26,2019,4,Puzzle,Jupiter Corp.,"Puzzle, Strategy","Jupiter Corp., Jupiter Corporation",0.29,0.138297872,Medium (3-4),1076
Lisa the Joyful,24-08-2015,3.7,126,126,1000,7,358,233,2015,8,Adventure,Dingaling,"Adventure, Indie, RPG, Turn Based Strategy",Dingaling,2.003,0.232767233,Medium (3-4),1077
The King of Fighters '98,23-07-1998,3.9,231,231,1500,15,137,88,1998,7,Fighting,SNK,Fighting,"SNK, HAMSTER Corporation",1.8815,0.058627582,Medium (3-4),1078
Kingdoms of Amalur: Reckoning,07-02-2012,3.2,99,99,1200,22,365,106,2012,2,Brawler,38 Studios,"Brawler, RPG","38 Studios, Electronic Arts",1.9595,0.088259784,Medium (3-4),1079
Grand Theft Auto,21-10-1997,2.5,181,181,1600,4,225,109,1997,10,Adventure,DMA Design,"Adventure, Racing, Shooter","DMA Design, Take-Two Interactive",2.1555,0.068082448,Low (<3),1080
Europa Universalis IV,13-08-2013,3.8,135,135,1300,76,426,72,2013,8,Real Time Strategy,Paradox Interactive,"Real Time Strategy, Simulator, Strategy","Paradox Interactive, Paradox Development Studio",2.083,0.055342045,Medium (3-4),1081
Guitar Hero 5,01-09-2009,3.2,63,63,1100,0,65,22,2009,9,Music,Activision,Music,"Activision, Neversoft Entertainment",1.2415,0.019981835,Medium (3-4),1082
Silent Hill: Homecoming,30-09-2008,2.1,206,206,1300,18,382,227,2008,9,Adventure,Double Helix Games,"Adventure, Fighting","Double Helix Games, Konami",2.327,0.174481168,Low (<3),1083
Mighty No. 9,21-06-2016,1.6,137,137,907,5,263,71,2016,6,Adventure,Inti Creates,"Adventure, Arcade, Platform, Shooter","Inti Creates, Deep Silver",1.4435,0.078193833,Low (<3),1084
Dragon Ball GT: Final Bout,21-08-1997,1.8,83,83,1200,2,39,23,1997,8,Fighting,Tose,Fighting,"Tose, Bandai",1.3045,0.019150708,Low (<3),1085
Killzone 3,22-02-2011,3.1,155,155,1300,6,249,91,2011,2,Shooter,Guerrilla Games,Shooter,"Guerrilla Games, Sony Computer Entertainment, Inc. (SCEI)",1.8555,0.069946195,Medium (3-4),1086
WWE SmackDown vs. Raw 2008,09-11-2007,3.1,62,62,1400,1,34,16,2007,11,Fighting,THQ,"Fighting, Sport","THQ, YUKE'S Co., Ltd.",1.483,0.011420414,Medium (3-4),1087
Children of Morta,03-09-2019,3.4,153,153,727,54,385,136,2019,9,Adventure,Dead Mage,"Adventure, Indie, RPG","Dead Mage, 11 bit studios",1.5765,0.186813187,Medium (3-4),1088
The Godfather,21-03-2006,3.6,121,121,1100,2,196,136,2006,3,Adventure,Electronic Arts,"Adventure, Racing, Shooter","Electronic Arts, EA Redwood Shores",1.666,0.123524069,Medium (3-4),1089
Billy Hatcher and the Giant Egg,23-09-2003,3.1,133,133,797,12,322,212,2003,9,Platform,Sonic Team,Platform,"Sonic Team, Sega",1.704,0.26566416,Medium (3-4),1090
Tekken Tag Tournament 2,14-09-2011,3.8,211,211,1700,7,140,95,2011,9,Fighting,Bandai Namco Entertainment,Fighting,Bandai Namco Entertainment,2.1,0.0558495,Medium (3-4),1091
Bloons TD 5,14-12-2011,3.6,62,62,1600,15,46,13,2011,12,Simulator,Ninja Kiwi,"Simulator, Strategy, Tactical",Ninja Kiwi,1.695,0.008119925,Medium (3-4),1092
JoJo's Bizarre Adventure,31-10-1999,3.7,65,65,634,10,93,82,1999,10,Fighting,Capcom,Fighting,"Capcom, Virgin Interactive Entertainment, Inc.",0.9375,0.129133858,Medium (3-4),1093
Another World,31-12-1991,3.3,232,232,939,8,332,201,1991,12,Adventure,Virgin Interactive Entertainment (Europe) Ltd.,"Adventure, Platform, Puzzle","Virgin Interactive Entertainment (Europe) Ltd., Delphine Software",1.839,0.213829787,Medium (3-4),1094
Back to the Future: The Game,22-12-2010,3.2,94,94,763,5,223,67,2010,12,Adventure,Telltale Games,"Adventure, Point-and-Click",Telltale Games,1.2315,0.087696335,Medium (3-4),1095
Team Sonic Racing,21-05-2019,2.9,264,264,1500,49,413,107,2019,5,Arcade,Sumo Digital,"Arcade, Racing","Sumo Digital, Sega",2.3335,0.071285809,Low (<3),1096
Dragon's Dogma,22-05-2012,3.7,210,210,1100,45,487,206,2012,5,Brawler,Capcom,"Brawler, RPG",Capcom,2.2425,0.187102634,Medium (3-4),1097
Baldur's Gate 3,06-10-2020,4.1,165,165,269,79,388,602,2020,10,Adventure,Larian Studios,"Adventure, RPG, Strategy, Tactical, Turn Based Strategy",Larian Studios,2.055,2.22962963,High (4+),1098
The LEGO Movie Videogame,04-02-2014,2.8,184,184,1700,11,239,73,2014,2,Adventure,WB Games,"Adventure, Puzzle","WB Games, TT Fusion",2.2045,0.042915932,Low (<3),1099
