Game_Title,Release Date,Rating,Times Listed,Number of Reviews,Plays,Playing,Backlogs,Wishlist,Release_Year,Release_Month,Primary_Genre,Primary_Developer,Genres_Clean,Team_Clean,Engagement_Score,Demand_Index,Rating_Tier,game_id,NA_Sales,EU_Sales,JP_Sales,Other_Sales,Global_Sales,Publisher,Genre_Sales,Platforms
Elden Ring,2022-02-25,4.5,3900.0,3900.0,17000.0,3800.0,4600.0,4800.0,2022,2,Adventure,Bandai Namco Entertainment,"Adventure, RPG","Bandai Namco Entertainment, FromSoftware",33.5,0.2823363331568731,High (4+),1,0.0,0.0,0.0,0.0,0.0,,,
Hades,2019-12-10,4.3,2900.0,2900.0,21000.0,3200.0,6300.0,3600.0,2019,12,Adventure,Supergiant Games,"Adventure, Brawler, Indie, RPG",Supergiant Games,37.65,0.1714204085519737,High (4+),2,0.0,0.0,0.0,0.0,0.0,,,
The Legend of Zelda: Breath of the Wild,2017-03-03,4.4,4300.0,4300.0,30000.0,2500.0,5000.0,2600.0,2017,3,Adventure,Nintendo,"Adventure, RPG","Nintendo, Nintendo EPD Production Group No. 3",42.7,0.08666377787407087,High (4+),3,0.0,0.0,0.0,0.0,0.0,,,
Undertale,2015-09-15,4.2,3500.0,3500.0,28000.0,679.0,4900.0,1800.0,2015,9,Adventure,tobyfox,"Adventure, Indie, RPG, Turn Based Strategy","tobyfox, 8-4",38.95,0.0642834184493411,High (4+),4,0.0,0.0,0.0,0.0,0.0,,,
Hollow Knight,2017-02-24,4.4,3000.0,3000.0,21000.0,2400.0,8300.0,2300.0,2017,2,Adventure,Team Cherry,"Adventure, Indie, Platform",Team Cherry,38.05,0.10951859435264988,High (4+),5,0.0,0.0,0.0,0.0,0.0,,,
Minecraft,2011-11-18,4.3,2300.0,2300.0,33000.0,1800.0,1100.0,230.0,2011,11,Adventure,Mojang Studios,"Adventure, Simulator",Mojang Studios,35.11,0.006969485773158389,High (4+),6,10.82,8.85,1.15,2.93,23.73,Microsoft Game Studios,Misc,"PS Vita, PS3, PS4, Wii U, Xbox 360, Xbox One"
Omori,2020-12-25,4.2,1600.0,1600.0,7200.0,1100.0,4500.0,3800.0,2020,12,Adventure,OMOCAT,"Adventure, Indie, RPG, Turn Based Strategy","OMOCAT, PLAYISM",21.55,0.5277044854881267,High (4+),7,0.0,0.0,0.0,0.0,0.0,,,
Metroid Dread,2021-10-07,4.3,2100.0,2100.0,9200.0,759.0,3400.0,3300.0,2021,10,Adventure,Nintendo,"Adventure, Platform","Nintendo, MercurySteam",20.9,0.3586566677535051,High (4+),8,0.0,0.0,0.0,0.0,0.0,,,
Among Us,2018-06-15,3.0,867.0,867.0,25000.0,470.0,776.0,126.0,2018,6,Indie,InnerSloth,"Indie, Strategy",InnerSloth,26.416,0.005039798408063677,Low (<3),9,0.0,0.0,0.0,0.0,0.0,,,
NieR: Automata,2017-02-23,4.3,2900.0,2900.0,18000.0,1100.0,6200.0,3600.0,2017,2,Brawler,PlatinumGames,"Brawler, RPG","PlatinumGames, Square Enix",34.5,0.19998888950613855,High (4+),10,0.0,0.0,0.0,0.0,0.0,,,
Persona 5 Royal,2019-10-31,4.4,2700.0,2700.0,12000.0,2300.0,5100.0,3000.0,2019,10,Adventure,Atlus USA,"Adventure, RPG, Turn Based Strategy","Atlus USA, Atlus",25.65,0.24997916840263312,High (4+),11,0.0,0.0,0.0,0.0,0.0,,,
Stray,2022-07-19,3.7,1500.0,1500.0,7700.0,801.0,2500.0,3400.0,2022,7,Adventure,BlueTwelve Studio,"Adventure, Indie","BlueTwelve Studio, Annapurna Interactive",18.25,0.44150110375275936,Medium (3-4),12,0.0,0.0,0.0,0.0,0.0,,,
God of War,2018-04-20,4.2,2900.0,2900.0,21000.0,1100.0,4800.0,2600.0,2018,4,Adventure,Sony Interactive Entertainment,"Adventure, Brawler, RPG","Sony Interactive Entertainment, SIE Santa Monica Studio",33.4,0.12380362839864768,High (4+),13,2.71,1.29,0.02,0.43,4.45,Sony Computer Entertainment,Action,PS2
Portal 2,2011-04-18,4.4,2900.0,2900.0,29000.0,471.0,3900.0,1200.0,2011,4,Adventure,Valve,"Adventure, Platform, Puzzle, Shooter","Valve, Electronic Arts",37.25,0.04137788352125789,High (4+),14,2.57,1.46,0.030000000000000002,0.53,4.6,Valve Software,Shooter,"PC, PS3, Xbox 360"
Bloodborne,2015-03-24,4.5,3400.0,3400.0,17000.0,1100.0,5600.0,3300.0,2015,3,Adventure,FromSoftware,"Adventure, RPG","FromSoftware, Sony Computer Entertainment",32.0,0.19410622904535027,High (4+),15,1.0,0.76,0.26,0.36,2.38,Sony Computer Entertainment,Action,PS4
Celeste,2018-01-25,4.2,2800.0,2800.0,20000.0,1200.0,5900.0,2000.0,2018,1,Adventure,Extremely OK Games,"Adventure, Indie, Platform","Extremely OK Games, Maddy Makes Games",32.85,0.0999950002499875,High (4+),16,0.0,0.0,0.0,0.0,0.0,,,
Yakuza 0,2015-03-12,4.4,2700.0,2700.0,15000.0,1800.0,6400.0,2000.0,2015,3,Adventure,Ryū Ga Gotoku Studios,"Adventure, Brawler, RPG, Simulator","Ryū Ga Gotoku Studios, Sega",28.6,0.13332444503699753,High (4+),17,0.0,0.0,0.0,0.0,0.0,,,
Red Dead Redemption 2,2018-10-26,4.4,2900.0,2900.0,19000.0,1700.0,5500.0,2900.0,2018,10,Adventure,Take-Two Interactive,"Adventure, RPG, Shooter","Take-Two Interactive, Rockstar Games",33.05,0.1526235461291511,High (4+),18,0.0,0.0,0.0,0.0,0.0,,,
Portal,2007-10-10,4.1,2000.0,2000.0,28000.0,244.0,2700.0,1100.0,2007,10,Platform,Valve,"Platform, Puzzle, Shooter","Valve, Electronic Arts",34.25,0.03928431127459733,High (4+),19,0.0,0.0,0.0,0.0,0.0,,,
Super Mario Odyssey,2017-10-27,4.2,2900.0,2900.0,25000.0,710.0,2900.0,2000.0,2017,10,Adventure,Nintendo,"Adventure, Platform",Nintendo,33.35,0.07999680012799489,High (4+),20,0.0,0.0,0.0,0.0,0.0,,,
Pokémon Legends: Arceus,2022-01-28,3.7,1600.0,1600.0,9100.0,1600.0,2500.0,2100.0,2022,1,Adventure,Nintendo,"Adventure, RPG, Turn Based Strategy","Nintendo, Game Freak",17.05,0.23074387429952753,Medium (3-4),21,0.0,0.0,0.0,0.0,0.0,,,
Hi-Fi Rush,2023-01-25,4.3,926.0,926.0,3000.0,866.0,1500.0,2000.0,2023,1,Adventure,Tango Gameworks,"Adventure, Brawler, Music, Platform","Tango Gameworks, Bethesda Softworks",9.25,0.6664445184938353,High (4+),22,0.0,0.0,0.0,0.0,0.0,,,
Metal Gear Rising: Revengeance,2013-02-19,4.1,2100.0,2100.0,14000.0,492.0,4200.0,2000.0,2013,2,Adventure,Konami,"Adventure, Brawler, Shooter, Strategy","Konami, PlatinumGames",24.3,0.14284693950432112,High (4+),23,0.74,0.56,0.44,0.22,1.97,Konami Digital Entertainment,Action,"PS3, Xbox 360"
Grand Theft Auto V,2013-09-17,3.8,2100.0,2100.0,30000.0,829.0,3200.0,664.0,2013,9,Adventure,Rockstar North,"Adventure, Shooter","Rockstar North, Rockstar Games",36.128,0.022132595580147327,Medium (3-4),24,23.46,23.04,1.39,8.03,55.92,Take-Two Interactive,Action,"PC, PS3, PS4, Xbox 360, Xbox One"
Cyberpunk 2077,2020-12-09,3.3,1500.0,1500.0,13000.0,1500.0,4700.0,2900.0,2020,12,Adventure,CD Projekt RED,"Adventure, RPG, Shooter",CD Projekt RED,25.85,0.22305976463348973,Medium (3-4),25,0.0,0.0,0.0,0.0,0.0,,,
God of War Ragnarök,2022-11-09,4.4,1700.0,1700.0,5300.0,801.0,2000.0,3300.0,2022,11,Adventure,Sony Interactive Entertainment,"Adventure, Brawler","Sony Interactive Entertainment, SIE Santa Monica Studio",14.9,0.622524052065648,High (4+),26,0.0,0.0,0.0,0.0,0.0,,,
Xenoblade Chronicles 3,2022-07-29,4.4,1400.0,1400.0,3900.0,795.0,2100.0,2200.0,2022,7,Adventure,Monolith Soft,"Adventure, RPG","Monolith Soft, Nintendo",11.45,0.5639579594975648,High (4+),27,0.0,0.0,0.0,0.0,0.0,,,
Kirby and the Forgotten Land,2022-03-25,4.2,1600.0,1600.0,5900.0,955.0,2500.0,3100.0,2022,3,Adventure,HAL Laboratory,"Adventure, Platform","HAL Laboratory, Nintendo",15.85,0.5253346890357566,High (4+),28,0.0,0.0,0.0,0.0,0.0,,,
Disco Elysium: The Final Cut,2020-05-01,4.6,1100.0,1100.0,6000.0,1200.0,5000.0,2700.0,2020,5,Adventure,ZA/UM,"Adventure, Indie, RPG",ZA/UM,18.9,0.449925012497917,High (4+),29,0.0,0.0,0.0,0.0,0.0,,,
Marvel's Spider-Man,2018-09-07,4.1,2500.0,2500.0,21000.0,577.0,2900.0,2200.0,2018,9,Adventure,Insomniac Games,"Adventure, Brawler","Insomniac Games, Sony Interactive Entertainment",29.75,0.10475691633731728,High (4+),30,0.0,0.0,0.0,0.0,0.0,,,
Dark Souls III,2016-03-24,4.2,2400.0,2400.0,19000.0,851.0,4300.0,2200.0,2016,3,Adventure,Bandai Namco Entertainment,"Adventure, RPG","Bandai Namco Entertainment, FromSoftware",29.85,0.11578337982211463,High (4+),31,0.8099999999999999,0.58,0.33,0.24,1.96,Namco Bandai Games,Role-Playing,"PC, PS4, Xbox One"
NieR Replicant ver.1.22474487139...,2021-04-22,4.2,1500.0,1500.0,6700.0,880.0,4100.0,3700.0,2021,4,Adventure,Toylogic,"Adventure, RPG","Toylogic, Square Enix",20.25,0.5521563945679749,High (4+),32,0.0,0.0,0.0,0.0,0.0,,,
Super Mario 64,1996-06-23,4.1,2600.0,2600.0,21000.0,463.0,2500.0,775.0,1996,6,Adventure,Nintendo,"Adventure, Platform","Nintendo, Nintendo EAD",26.3,0.03690300461882767,High (4+),33,11.99,5.96,3.16,1.21,22.310000000000002,Nintendo,Platform,"Nintendo 64, Nintendo DS"
Super Smash Bros. Ultimate,2018-12-07,4.1,2500.0,2500.0,25000.0,1200.0,1100.0,801.0,2018,12,Fighting,Sora,"Fighting, Platform","Sora, Nintendo",28.252,0.03203871845126195,High (4+),34,0.0,0.0,0.0,0.0,0.0,,,
Cuphead,2017-09-29,4.1,1900.0,1900.0,18000.0,1200.0,4500.0,2600.0,2017,9,Arcade,Studio MDHR,"Arcade, Indie, Platform, Shooter",Studio MDHR,29.95,0.14443642019887784,High (4+),35,0.0,0.0,0.0,0.0,0.0,,,
Sekiro: Shadows Die Twice,2019-03-22,4.4,2300.0,2300.0,14000.0,919.0,4800.0,3400.0,2019,3,Adventure,FromSoftware,"Adventure, Brawler","FromSoftware, Activision",28.0,0.2428397971573459,High (4+),36,0.0,0.0,0.0,0.0,0.0,,,
Final Fantasy VII,1997-01-31,4.2,2900.0,2900.0,15000.0,1100.0,5000.0,1500.0,1997,1,Adventure,Square,"Adventure, RPG, Turn Based Strategy","Square, Eidos Interactive",25.5,0.09999333377774815,High (4+),37,3.01,2.47,3.28,0.96,9.72,Sony Computer Entertainment,Role-Playing,PS1
Persona 4 Golden,2012-06-15,4.2,1900.0,1900.0,13000.0,1500.0,5200.0,2200.0,2012,6,Adventure,NIS America,"Adventure, RPG, Simulator, Visual Novel","NIS America, Atlus",25.2,0.1692177524805784,High (4+),38,0.0,0.0,0.0,0.0,0.0,,,
Genshin Impact,2020-09-28,2.6,653.0,653.0,14000.0,2700.0,1300.0,280.0,2020,9,Adventure,miHoYo,"Adventure, RPG","miHoYo, HoYoverse",16.51,0.019998571530604956,Low (<3),39,0.0,0.0,0.0,0.0,0.0,,,
Signalis,2022-10-27,4.2,820.0,820.0,2200.0,419.0,1900.0,2200.0,2022,10,Adventure,rose-engine,"Adventure, Indie","rose-engine, Humble Games",9.45,0.9995456610631531,High (4+),40,0.0,0.0,0.0,0.0,0.0,,,
Resident Evil Village,2021-05-06,3.9,1800.0,1800.0,9900.0,333.0,2800.0,2800.0,2021,5,Adventure,Capcom,"Adventure, Shooter",Capcom,19.7,0.2827997172002828,Medium (3-4),41,0.0,0.0,0.0,0.0,0.0,,,
Super Mario Galaxy,2007-11-01,4.3,2700.0,2700.0,21000.0,468.0,3100.0,1200.0,2007,11,Adventure,Nintendo EAD,"Adventure, Platform","Nintendo EAD, Nintendo",28.05,0.05714013618399124,High (4+),42,6.16,3.4,1.2,0.76,11.52,Nintendo,Platform,Wii
Fallout: New Vegas,2010-10-19,4.3,2000.0,2000.0,16000.0,756.0,5000.0,1400.0,2010,10,RPG,Obsidian Entertainment,"RPG, Shooter","Obsidian Entertainment, Bandai Namco Entertainment",26.3,0.08749453159177552,High (4+),43,4.75,2.5900000000000003,0.14,0.94,8.41,Bethesda Softworks,Role-Playing,"PC, PS3, Xbox 360"
Outer Wilds,2019-05-28,4.6,1800.0,1800.0,7700.0,661.0,4800.0,3100.0,2019,5,Adventure,Mobius Digital,"Adventure, Indie, Puzzle, Simulator","Mobius Digital, Annapurna Interactive",21.1,0.40254512400986886,High (4+),44,0.0,0.0,0.0,0.0,0.0,,,
Resident Evil 2,2019-01-25,4.3,2500.0,2500.0,15000.0,585.0,3600.0,1900.0,2019,1,Adventure,Capcom,"Adventure, Shooter","Capcom, Capcom Development Division 1",24.2,0.12665822278514766,High (4+),45,2.31,1.57,2.09,0.46,6.44,Virgin Interactive,Action,"GameCube, Nintendo 64, PS1"
Doom,2016-05-12,4.0,1800.0,1800.0,18000.0,541.0,4000.0,1400.0,2016,5,Shooter,id Software,Shooter,"id Software, Bethesda Softworks",26.8,0.07777345703016499,Medium (3-4),46,0.55,0.33999999999999997,0.0,0.05,0.9500000000000001,Infogrames,Shooter,"Game Boy Advance, PC, PS1"
Shin Megami Tensei V,2021-11-12,3.8,1100.0,1100.0,4100.0,1000.0,3400.0,2600.0,2021,11,Adventure,Atlus,"Adventure, RPG, Turn Based Strategy","Atlus, Sega",14.4,0.6339917093391856,Medium (3-4),47,0.0,0.0,0.0,0.0,0.0,,,
Bayonetta,2009-10-29,3.9,1700.0,1700.0,13000.0,614.0,5000.0,2300.0,2009,10,Brawler,Nex Entertainment,"Brawler, Shooter","Nex Entertainment, Sega",25.1,0.1769094685024229,Medium (3-4),48,0.95,0.6699999999999999,0.3,0.25,2.17,Sega,Action,"PS3, Xbox 360"
Stardew Valley,2016-02-26,4.1,1700.0,1700.0,20000.0,2000.0,3600.0,1100.0,2016,2,Indie,ConcernedApe,"Indie, RPG, Simulator, Strategy","ConcernedApe, Chucklefish Games",27.6,0.054997250137493126,High (4+),49,0.0,0.0,0.0,0.0,0.0,,,
The Last of Us Part II,2020-06-19,4.1,2500.0,2500.0,13000.0,472.0,2800.0,2500.0,2020,6,Adventure,Naughty Dog,"Adventure, Shooter","Naughty Dog, Sony Interactive Entertainment",22.2,0.19229290054611184,High (4+),50,0.0,0.0,0.0,0.0,0.0,,,
Silent Hill 2,2001-09-24,4.5,2200.0,2200.0,8600.0,282.0,2900.0,2100.0,2001,9,Adventure,Team Silent,"Adventure, Puzzle","Team Silent, Konami",17.15,0.24415765608650156,High (4+),51,0.62,0.49,0.0,0.16,1.28,Konami Digital Entertainment,Action,PS2
The Witcher 3: Wild Hunt,2015-05-19,4.3,2000.0,2000.0,17000.0,1200.0,6100.0,1600.0,2015,5,Adventure,WB Games,"Adventure, RPG","WB Games, CD Projekt RED",29.35,0.09411211105229104,High (4+),52,1.82,2.89,0.21,0.7200000000000001,5.64,Namco Bandai Games,Role-Playing,"PC, PS4, Xbox One"
Persona 5,2016-09-15,4.1,1800.0,1800.0,16000.0,630.0,2800.0,1700.0,2016,9,Adventure,Atlus,"Adventure, RPG, Turn Based Strategy","Atlus, Atlus USA",23.6,0.10624335979001312,High (4+),53,0.0,0.0,0.44000000000000006,0.0,0.44000000000000006,Atlus,Role-Playing,"PS3, PS4"
Doom Eternal,2020-03-19,4.2,1900.0,1900.0,12000.0,738.0,4600.0,2400.0,2020,3,Shooter,Bethesda Softworks,Shooter,"Bethesda Softworks, id Software",23.7,0.1999833347221065,High (4+),54,0.0,0.0,0.0,0.0,0.0,,,
The Elder Scrolls V: Skyrim,2011-11-10,3.7,1700.0,1700.0,22000.0,589.0,3000.0,1000.0,2011,11,Adventure,Bethesda Game Studios,"Adventure, RPG","Bethesda Game Studios, Bethesda Softworks",28.5,0.04545247943275306,Medium (3-4),55,8.73,7.66,0.35,2.54,19.28,Bethesda Softworks,Role-Playing,"PC, PS3, Xbox 360"
Neon White,2022-06-16,4.1,868.0,868.0,2900.0,519.0,1800.0,2300.0,2022,6,Indie,Ben Esposito,"Indie, Platform, Shooter, Visual Novel","Ben Esposito, Annapurna Interactive",10.2,0.7928300586004826,High (4+),56,0.0,0.0,0.0,0.0,0.0,,,
Devil May Cry 5,2019-03-08,4.3,1900.0,1900.0,12000.0,524.0,4100.0,2400.0,2019,3,Adventure,Capcom,"Adventure, Brawler","Capcom, Capcom Development Division 1",22.95,0.1999833347221065,High (4+),57,0.0,0.0,0.0,0.0,0.0,,,
Overwatch 2,2022-10-04,2.7,491.0,491.0,6600.0,1100.0,292.0,171.0,2022,10,Shooter,Blizzard Entertainment,Shooter,Blizzard Entertainment,7.38,0.025905165883956978,Low (<3),58,0.0,0.0,0.0,0.0,0.0,,,
Resident Evil 4,2005-01-11,4.3,2300.0,2300.0,14000.0,360.0,3000.0,1200.0,2005,1,Shooter,Capcom,Shooter,"Capcom, Capcom Production Studio 4",20.9,0.08570816370259267,High (4+),59,4.4,1.8399999999999999,0.8200000000000001,0.53,7.6,Capcom,Action,"GameCube, PC, PS2, Wii"
Final Fantasy VII Remake,2020-04-10,4.1,2000.0,2000.0,12000.0,898.0,4200.0,2200.0,2020,4,Adventure,Square Enix,"Adventure, RPG",Square Enix,22.7,0.18331805682859761,High (4+),60,0.0,0.0,0.0,0.0,0.0,,,
Sonic Frontiers,2022-11-08,3.6,974.0,974.0,2900.0,491.0,1300.0,1800.0,2022,11,Adventure,Sega,"Adventure, Platform","Sega, Sonic Team",8.45,0.6204756980351603,Medium (3-4),61,0.0,0.0,0.0,0.0,0.0,,,
Inscryption,2021-10-19,4.1,1000.0,1000.0,5400.0,557.0,2300.0,2300.0,2021,10,Adventure,Devolver Digital,"Adventure, Card & Board Game, Indie, Puzzle, Strategy","Devolver Digital, Daniel Mullins Games",13.45,0.425847065358267,High (4+),62,0.0,0.0,0.0,0.0,0.0,,,
Tunic,2022-03-16,3.9,891.0,891.0,3400.0,489.0,2400.0,2600.0,2022,3,Adventure,Andrew Shouldice,"Adventure, Indie, Puzzle, RPG","Andrew Shouldice, Finji",12.2,0.7644810349897089,Medium (3-4),63,0.0,0.0,0.0,0.0,0.0,,,
Dark Souls,2011-09-22,4.3,2100.0,2100.0,14000.0,447.0,2500.0,1400.0,2011,9,Adventure,FromSoftware,"Adventure, RPG","FromSoftware, Bandai Namco Entertainment",20.55,0.09999285765302478,High (4+),64,1.3900000000000001,0.8800000000000001,0.54,0.32,3.1399999999999997,Namco Bandai Games,Role-Playing,"PC, PS3, Xbox 360"
The Legend of Zelda: Ocarina of Time,1998-11-21,4.3,2200.0,2200.0,17000.0,433.0,3000.0,1400.0,1998,11,Adventure,Nintendo,"Adventure, RPG","Nintendo, Nintendo EAD",24.3,0.08234809717075466,High (4+),65,6.129999999999999,3.16,2.07,0.45999999999999996,11.809999999999999,Nintendo,Action,"Nintendo 3DS, Nintendo 64"
Deltarune: Chapter 2,2021-09-17,4.3,737.0,737.0,7500.0,222.0,2100.0,753.0,2021,9,Adventure,8-4,"Adventure, Indie, RPG, Turn Based Strategy","8-4, tobyfox",12.156,0.10038661511798427,High (4+),66,0.0,0.0,0.0,0.0,0.0,,,
Chrono Trigger,1995-03-11,4.5,1900.0,1900.0,9100.0,518.0,4900.0,2200.0,1995,3,Adventure,Square,"Adventure, RPG",Square,20.85,0.24173167783760027,High (4+),67,0.97,0.2,2.51,0.09999999999999999,3.7800000000000002,SquareSoft,Role-Playing,"Nintendo DS, SNES"
Metal Gear Solid 2: Sons of Liberty,2001-11-13,4.4,1800.0,1800.0,10000.0,161.0,2600.0,1400.0,2001,11,Adventure,Konami Computer Entertainment Japan,Adventure,"Konami Computer Entertainment Japan, Konami",16.7,0.13998600139986,High (4+),68,2.45,2.01,0.87,0.72,6.05,Konami Digital Entertainment,Action,PS2
Super Mario World,1990-11-21,4.2,2100.0,2100.0,18000.0,218.0,1700.0,460.0,1990,11,Adventure,Nintendo,"Adventure, Platform","Nintendo, Nintendo EAD",21.47,0.025554135881339927,High (4+),69,15.989999999999998,4.86,4.49,0.75,26.07,Nintendo,Platform,"Game Boy Advance, SNES"
Death Stranding,2019-11-08,3.9,1600.0,1600.0,9400.0,934.0,4800.0,2400.0,2019,11,Adventure,Sony Interactive Entertainment,"Adventure, RPG, Shooter","Sony Interactive Entertainment, Kojima Productions",21.4,0.25529199021380705,Medium (3-4),70,0.0,0.0,0.0,0.0,0.0,,,
Marvel's Spider-Man: Miles Morales,2020-11-12,3.9,1600.0,1600.0,9900.0,372.0,2800.0,2800.0,2020,11,Adventure,Insomniac Games,"Adventure, Brawler","Insomniac Games, Sony Interactive Entertainment",19.7,0.2827997172002828,Medium (3-4),71,0.0,0.0,0.0,0.0,0.0,,,
Dark Souls: Remastered,2018-05-23,4.3,1400.0,1400.0,11000.0,786.0,2600.0,1600.0,2018,5,Adventure,Bandai Namco Entertainment,"Adventure, RPG","Bandai Namco Entertainment, QLOC",18.1,0.145441323516044,High (4+),72,0.0,0.0,0.0,0.0,0.0,,,
EarthBound,1994-08-27,4.2,1900.0,1900.0,9000.0,600.0,4800.0,1800.0,1994,8,Adventure,Nintendo,"Adventure, RPG, Turn Based Strategy","Nintendo, Creatures Inc.",19.8,0.19997778024663926,High (4+),73,0.0,0.0,0.81,0.0,0.81,Nintendo,Role-Playing,SNES
Castlevania: Symphony of the Night,1997-03-20,4.4,1900.0,1900.0,9100.0,316.0,3400.0,1700.0,1997,3,Adventure,Konami,"Adventure, Platform, RPG","Konami, Konami Computer Entertainment Tokyo",17.6,0.18679266014723656,High (4+),74,0.58,0.4,0.21,0.08,1.27,Konami Digital Entertainment,Platform,PS1
Super Metroid,1994-03-19,4.3,2200.0,2200.0,11000.0,309.0,3000.0,907.0,1994,3,Adventure,Nintendo R&D1,"Adventure, Platform, Shooter","Nintendo R&D1, Nintendo",17.314,0.08244705026815743,High (4+),75,0.57,0.12,0.71,0.02,1.42,Nintendo,Action,SNES
Super Mario Bros.,1985-09-13,3.5,1500.0,1500.0,18000.0,59.0,733.0,237.0,1985,9,Adventure,Nintendo,"Adventure, Platform","Nintendo, Nintendo R&D4",19.5735,0.013165935225820788,Medium (3-4),76,32.48,4.88,6.96,0.99,45.31,Nintendo,Platform,"Game Boy, NES"
The Legend of Zelda: Majora's Mask,2000-04-27,4.4,2200.0,2200.0,13000.0,347.0,3900.0,1800.0,2000,4,Adventure,Nintendo,Adventure,"Nintendo, Nintendo EAD",22.45,0.13845088839320052,High (4+),77,1.9,0.67,0.73,0.06,3.36,Nintendo,Action,Nintendo 64
Star Wars Jedi: Fallen Order,2019-11-15,3.7,1400.0,1400.0,13000.0,740.0,3700.0,1300.0,2019,11,Adventure,Respawn Entertainment,Adventure,"Respawn Entertainment, Electronic Arts",21.15,0.09999230828397816,Medium (3-4),78,0.0,0.0,0.0,0.0,0.0,,,
The Last of Us,2013-06-14,4.2,2000.0,2000.0,17000.0,205.0,2000.0,1400.0,2013,6,Adventure,Naughty Dog,"Adventure, Shooter","Naughty Dog, Sony Computer Entertainment",22.8,0.08234809717075466,High (4+),79,4.19,4.15,0.35000000000000003,1.83,10.54,Sony Computer Entertainment Europe,Action,"PS3, PS4"
Terraria,2011-05-16,4.0,1300.0,1300.0,18000.0,673.0,2200.0,593.0,2011,5,Adventure,Re-Logic,"Adventure, Indie, Platform, RPG, Strategy","Re-Logic, Headup Games",22.486,0.0329426142992056,Medium (3-4),80,0.42,0.85,0.22999999999999998,0.16,1.68,505 Games,Action,"Nintendo 3DS, PC, PS Vita, PS3, PS4, Wii U, Xbox 360, Xbox One"
Resident Evil 7: Biohazard,2017-01-24,3.9,1800.0,1800.0,13000.0,326.0,3100.0,1300.0,2017,1,Adventure,Capcom,"Adventure, Shooter",Capcom,20.25,0.09999230828397816,Medium (3-4),81,0.0,0.0,0.0,0.0,0.0,,,
Metal Gear Solid V: The Phantom Pain,2015-09-01,3.8,1500.0,1500.0,14000.0,503.0,4500.0,1200.0,2015,9,Adventure,Konami,"Adventure, Shooter, Tactical","Konami, Kojima Productions",23.15,0.08570816370259267,Medium (3-4),82,1.78,1.9400000000000002,0.71,0.63,5.08,Konami Digital Entertainment,Action,"PC, PS3, PS4, Xbox 360, Xbox One"
Overwatch,2016-05-24,3.2,957.0,957.0,19000.0,436.0,411.0,214.0,2016,5,Shooter,Blizzard Entertainment,"Shooter, Strategy","Blizzard Entertainment, Square Enix",20.0445,0.01126256512815115,Medium (3-4),83,1.3800000000000001,1.11,0.14,0.38,3.01,Activision,Shooter,"PC, PS4, Xbox One"
Half-Life 2,2004-11-16,4.2,1700.0,1700.0,15000.0,257.0,3500.0,1000.0,2004,11,Shooter,Sierra Entertainment,Shooter,"Sierra Entertainment, Valve",22.25,0.06666222251849876,High (4+),84,2.65,0.22999999999999998,0.08,0.03,2.98,Vivendi Games,Shooter,"PC, Xbox"
Fire Emblem: Three Houses,2019-07-25,4.0,1700.0,1700.0,12000.0,1100.0,3500.0,1500.0,2019,7,Adventure,"Intelligent Systems Co., Ltd.","Adventure, RPG, Strategy, Tactical, Turn Based Strategy","Intelligent Systems Co., Ltd., Nintendo",20.25,0.12498958420131656,Medium (3-4),85,0.0,0.0,0.0,0.0,0.0,,,
Grand Theft Auto: San Andreas,2004-10-26,4.1,1500.0,1500.0,19000.0,270.0,2400.0,742.0,2004,10,Adventure,Rockstar Games,"Adventure, Racing, Shooter","Rockstar Games, Rockstar North",24.084,0.03905057628545866,High (4+),86,10.77,1.96,0.41,10.72,23.86,Take-Two Interactive,Action,"PC, PS2, Xbox, Xbox 360"
13 Sentinels: Aegis Rim,2019-11-28,4.4,1200.0,1200.0,3700.0,466.0,3300.0,2500.0,2019,11,Adventure,Vanillaware,"Adventure, Simulator, Strategy, Tactical","Vanillaware, Atlus USA",13.65,0.6754931099702783,High (4+),87,0.0,0.0,0.0,0.0,0.0,,,
Persona 3 FES,2007-04-19,4.1,1400.0,1400.0,8400.0,584.0,2900.0,1500.0,2007,4,RPG,Atlus,"RPG, Simulator, Visual Novel","Atlus, Atlus USA",15.75,0.17855017259850017,High (4+),88,0.0,0.0,0.0,0.0,0.0,,,
Devil May Cry,2001-08-23,3.5,1200.0,1200.0,10000.0,286.0,2500.0,1100.0,2001,8,Brawler,Capcom Production Studio 4,Brawler,"Capcom Production Studio 4, Capcom",15.95,0.10998900109989002,Medium (3-4),89,1.36,0.86,0.64,0.13,2.99,Capcom,Action,PS2
Mario Kart 8 Deluxe,2017-04-28,4.0,1500.0,1500.0,19000.0,705.0,781.0,635.0,2017,4,Arcade,Nintendo of America,"Arcade, Racing","Nintendo of America, Nintendo EPD",21.4415,0.03341929372138309,Medium (3-4),90,0.0,0.0,0.0,0.0,0.0,,,
Fire Emblem Engage,2023-01-20,3.9,593.0,593.0,1600.0,874.0,929.0,1100.0,2023,1,Adventure,Nintendo,"Adventure, RPG, Strategy, Tactical, Turn Based Strategy","Nintendo, Intelligent Systems",5.1935,0.6870705808869456,Medium (3-4),91,0.0,0.0,0.0,0.0,0.0,,,
Pokémon Violet,2022-11-18,3.5,753.0,753.0,3400.0,868.0,747.0,750.0,2022,11,Adventure,Game Freak,"Adventure, RPG, Turn Based Strategy","Game Freak, Nintendo",6.0205,0.22052337547780065,Medium (3-4),92,0.0,0.0,0.0,0.0,0.0,,,
Hotline Miami,2012-10-23,4.0,1400.0,1400.0,14000.0,217.0,2400.0,928.0,2012,10,Arcade,Dennaton Games,"Arcade, Indie, Shooter","Dennaton Games, Devolver Digital",19.456,0.066280979930005,Medium (3-4),93,0.0,0.0,0.0,0.0,0.0,,,
Pizza Tower,2023-01-26,4.5,363.0,363.0,1200.0,325.0,777.0,1300.0,2023,1,Indie,Tour De Pizza,"Indie, Platform",Tour De Pizza,4.9655,1.0824313072439633,High (4+),94,0.0,0.0,0.0,0.0,0.0,,,
Psychonauts 2,2021-08-24,4.2,1200.0,1200.0,4300.0,315.0,2800.0,2300.0,2021,8,Adventure,Xbox Game Studios,"Adventure, Platform","Xbox Game Studios, Double Fine Productions",13.1,0.5347593582887701,High (4+),95,0.0,0.0,0.0,0.0,0.0,,,
Metroid Prime Remastered,2023-02-08,4.5,372.0,372.0,1100.0,593.0,1100.0,1400.0,2023,2,Adventure,Nintendo,"Adventure, Platform, Shooter","Nintendo, Retro Studios",5.55,1.2715712988192551,High (4+),96,0.0,0.0,0.0,0.0,0.0,,,
Halo Infinite,2021-11-15,3.3,972.0,972.0,6400.0,632.0,1600.0,959.0,2021,11,Adventure,Xbox Game Studios,"Adventure, Shooter","Xbox Game Studios, 343 Industries",10.718,0.14982034057178567,Medium (3-4),97,0.0,0.0,0.0,0.0,0.0,,,
Batman: Arkham Asylum,2009-08-25,3.9,1400.0,1400.0,17000.0,232.0,2300.0,672.0,2009,8,Adventure,Eidos Interactive,"Adventure, Brawler","Eidos Interactive, Rocksteady Studios",21.794,0.039527086641962236,Medium (3-4),98,4.43,2.58,0.09000000000000001,0.97,8.07,Eidos Interactive,Action,"PC, PS3, Xbox 360"
Super Mario Sunshine,2002-07-19,3.7,1700.0,1700.0,14000.0,403.0,3300.0,1000.0,2002,7,Adventure,Nintendo EAD,"Adventure, Platform","Nintendo EAD, Nintendo",20.95,0.07142346975216056,Medium (3-4),99,4.01,1.26,0.87,0.17,6.31,Nintendo,Platform,GameCube
Mother 3,2006-04-20,4.5,1600.0,1600.0,5700.0,287.0,3600.0,1900.0,2006,4,RPG,HAL Laboratory,"RPG, Turn Based Strategy","HAL Laboratory, Nintendo",14.9,0.333274864058937,High (4+),100,0.0,0.0,0.39,0.01,0.4,Nintendo,Role-Playing,Game Boy Advance
MultiVersus,2022-07-19,2.8,480.0,480.0,5600.0,341.0,361.0,216.0,2022,7,Fighting,Player First Games,Fighting,"Player First Games, WB Games",6.5735,0.0385645420460632,Low (<3),101,0.0,0.0,0.0,0.0,0.0,,,
Xenoblade Chronicles: Definitive Edition,2020-05-29,4.3,1400.0,1400.0,7400.0,849.0,3600.0,1900.0,2020,5,RPG,Monolith Soft,RPG,"Monolith Soft, Nintendo",16.6,0.25672206458586677,High (4+),102,0.0,0.0,0.0,0.0,0.0,,,
Half-Life,1998-11-19,4.0,1300.0,1300.0,13000.0,322.0,2900.0,892.0,1998,11,Adventure,Sierra Entertainment,"Adventure, Puzzle, Shooter","Sierra Entertainment, Valve",19.134,0.0686101069148527,Medium (3-4),103,4.32,0.23,0.09,0.08,4.72,Vivendi Games,Shooter,"PC, PS2"
Marvel's Guardians of the Galaxy,2021-10-26,3.8,1100.0,1100.0,5100.0,432.0,2100.0,1300.0,2021,10,Adventure,Square Enix,"Adventure, RPG, Shooter","Square Enix, Eidos Montréal",10.85,0.2548519898059204,Medium (3-4),104,0.0,0.0,0.0,0.0,0.0,,,
Danganronpa: Trigger Happy Havoc,2010-11-25,3.5,1000.0,1000.0,12000.0,311.0,1900.0,716.0,2010,11,Adventure,NIS America,"Adventure, Point-and-Click, Visual Novel","NIS America, Spike ChunSoft",16.282,0.05966169485876177,Medium (3-4),105,0.14,0.07,0.39,0.06,0.6499999999999999,Nippon Ichi Software,Misc,"PS Vita, PSP"
Cult of the Lamb,2022-08-11,3.6,589.0,589.0,2800.0,546.0,1600.0,2100.0,2022,8,Adventure,Devolver Digital,"Adventure, Brawler, Indie, RPG, Simulator, Strategy","Devolver Digital, Massive Monster",9.4,0.7497322384862549,Medium (3-4),106,0.0,0.0,0.0,0.0,0.0,,,
Sonic Mania,2017-08-15,4.0,1300.0,1300.0,12000.0,399.0,3500.0,786.0,2017,8,Adventure,PagodaWest Games,"Adventure, Platform","PagodaWest Games, Sega",18.822,0.06549454212148988,Medium (3-4),107,0.0,0.0,0.0,0.0,0.0,,,
Horizon Zero Dawn,2017-02-28,3.6,1200.0,1200.0,13000.0,689.0,4000.0,1400.0,2017,2,Adventure,Guerrilla Games,"Adventure, RPG, Shooter","Guerrilla Games, Sony Interactive Entertainment",21.8,0.10768402430582263,Medium (3-4),108,0.0,0.0,0.0,0.0,0.0,,,
Left 4 Dead 2,2009-11-17,3.9,1100.0,1100.0,19000.0,279.0,1500.0,358.0,2009,11,Shooter,Turtle Rock Studios,Shooter,"Turtle Rock Studios, Valve",21.966,0.018841113625598652,Medium (3-4),109,2.67,1.21,0.05,0.41,4.36,Electronic Arts,Shooter,"PC, Xbox 360"
League of Legends,2009-10-27,2.1,484.0,484.0,13000.0,1200.0,324.0,52.0,2009,10,MOBA,GOA Games Services Ltd.,"MOBA, RPG, Strategy","GOA Games Services Ltd., Riot Games",13.59,0.003999692331359126,Low (<3),110,0.0,0.0,0.0,0.0,0.0,,,
Control,2019-08-27,3.6,1300.0,1300.0,9600.0,591.0,5200.0,1300.0,2019,8,Adventure,505 Games,"Adventure, Shooter","505 Games, Remedy Entertainment",20.0,0.1354025622331007,Medium (3-4),111,0.0,0.0,0.0,0.0,0.0,,,
Doki Doki Literature Club!,2017-09-22,3.3,783.0,783.0,14000.0,131.0,1500.0,460.0,2017,9,Adventure,Team Salvato,"Adventure, Indie, Visual Novel",Team Salvato,17.17,0.032854796085993856,Medium (3-4),112,0.0,0.0,0.0,0.0,0.0,,,
Batman: Arkham City,2011-10-18,4.1,1600.0,1600.0,16000.0,192.0,2700.0,651.0,2011,10,Adventure,DC Entertainment,"Adventure, Brawler","DC Entertainment, Rocksteady Studios",21.352,0.04068495719017561,High (4+),113,6.0200000000000005,3.68,0.15,1.33,11.2,Warner Bros. Interactive Entertainment,Action,"PC, PS3, Wii U, Xbox 360"
Yakuza Kiwami,2016-01-21,3.7,1200.0,1200.0,9700.0,439.0,3400.0,1000.0,2016,1,Adventure,Sega,"Adventure, Brawler, RPG","Sega, Ryū Ga Gotoku Studios",16.8,0.10308215647871354,Medium (3-4),114,0.0,0.0,0.28,0.0,0.28,Sega,Adventure,"PS3, PS4"
Phoenix Wright: Ace Attorney,2005-09-15,4.1,1300.0,1300.0,12000.0,418.0,1900.0,1000.0,2005,9,Adventure,Nintendo Australia,"Adventure, Point-and-Click, Puzzle, Visual Novel","Nintendo Australia, Capcom",16.85,0.08332638946754437,High (4+),115,0.49,0.07,0.39,0.05,0.99,Capcom,Adventure,Nintendo DS
Team Fortress 2,2007-10-09,3.9,955.0,955.0,16000.0,505.0,532.0,158.0,2007,10,Shooter,Electronic Arts,Shooter,"Electronic Arts, Valve",17.114,0.009874382851071808,Medium (3-4),116,0.0,0.0,0.0,0.0,0.0,,,
Xenoblade Chronicles 2,2017-12-01,3.9,1400.0,1400.0,7400.0,453.0,2700.0,1500.0,2017,12,Adventure,Monolith Soft,"Adventure, RPG","Monolith Soft, Nintendo",14.45,0.20267531414673692,Medium (3-4),117,0.0,0.0,0.0,0.0,0.0,,,
Splatoon 3,2022-09-09,4.1,840.0,840.0,3500.0,1000.0,632.0,1100.0,2022,9,Platform,Nintendo,"Platform, Shooter",Nintendo,6.648,0.31419594401599543,High (4+),118,0.0,0.0,0.0,0.0,0.0,,,
Chrome Dino,2014-09-01,3.5,124.0,124.0,14000.0,122.0,197.0,35.0,2014,9,Arcade,Google,Arcade,Google,14.3655,0.0024998214413256194,Medium (3-4),119,0.0,0.0,0.0,0.0,0.0,,,
Katana Zero,2019-04-18,4.1,1100.0,1100.0,9300.0,189.0,2100.0,1500.0,2019,4,Adventure,Askiisoft,"Adventure, Arcade, Indie, Platform, Strategy","Askiisoft, Devolver Digital",15.45,0.16127298139984947,High (4+),120,0.0,0.0,0.0,0.0,0.0,,,
Life is Strange,2015-01-29,3.4,1400.0,1400.0,15000.0,209.0,2100.0,817.0,2015,1,Adventure,DON'T NOD,"Adventure, RPG","DON'T NOD, Square Enix",19.784,0.05446303579761349,Medium (3-4),121,0.23,0.19999999999999998,0.03,0.06999999999999999,0.52,Square Enix,Adventure,"PC, PS4, Xbox One"
Dark Souls II: Scholar of the First Sin,2015-04-02,3.5,988.0,988.0,11000.0,443.0,2700.0,994.0,2015,4,Adventure,Bandai Namco Entertainment,"Adventure, RPG","Bandai Namco Entertainment, FromSoftware",17.038,0.09035542223434233,Medium (3-4),122,0.0,0.0,0.0,0.0,0.0,,,
Deathloop,2021-09-14,3.5,897.0,897.0,4200.0,389.0,2400.0,1900.0,2021,9,Adventure,Bethesda Softworks,"Adventure, Shooter","Bethesda Softworks, Arkane Studios",11.6,0.4522732682694596,Medium (3-4),123,0.0,0.0,0.0,0.0,0.0,,,
Shadow of the Colossus,2005-10-18,4.4,1500.0,1500.0,10000.0,134.0,2900.0,1700.0,2005,10,Adventure,"Sony Computer Entertainment, Inc. (SCEI)","Adventure, Platform, Puzzle","Sony Computer Entertainment, Inc. (SCEI), Team Ico",17.75,0.16998300169983002,High (4+),124,0.78,0.03,0.24000000000000002,0.13,1.18,Sony Computer Entertainment,Action,"PS2, PS3"
Teenage Mutant Ninja Turtles: Shredder's Revenge,2022-06-16,3.8,880.0,880.0,3500.0,226.0,875.0,829.0,2022,6,Arcade,DotEmu,"Arcade, Brawler, Indie","DotEmu, Tribute Games",6.4705,0.2367894887175093,Medium (3-4),125,0.0,0.0,0.0,0.0,0.0,,,
Sifu,2022-02-08,3.8,633.0,633.0,2700.0,283.0,1700.0,2300.0,2022,2,Brawler,Sloclap,"Brawler, Indie","Sloclap, Kepler Interactive",9.85,0.8515364679748242,Medium (3-4),126,0.0,0.0,0.0,0.0,0.0,,,
Super Mario Bros. 3,1988-10-23,4.0,1600.0,1600.0,14000.0,109.0,1400.0,362.0,1988,10,Platform,Nintendo R&D4,Platform,"Nintendo R&D4, Nintendo",16.824,0.025855296050282122,Medium (3-4),127,12.469999999999999,4.6899999999999995,4.67,0.66,22.48,Nintendo,Platform,"Game Boy Advance, NES"
Dishonored,2012-10-09,3.9,1100.0,1100.0,14000.0,268.0,3100.0,866.0,2012,10,Adventure,Arkane Studios,"Adventure, RPG","Arkane Studios, Bethesda Softworks",20.382,0.061852724805371045,Medium (3-4),128,2.23,1.48,0.07,0.52,4.3,Bethesda Softworks,Action,"PC, PS3, PS4, Xbox 360, Xbox One"
Metal Gear Solid 3: Snake Eater,2004-11-17,4.5,1500.0,1500.0,9200.0,118.0,2400.0,1300.0,2004,11,Adventure,Konami Computer Entertainment Japan,"Adventure, Shooter, Tactical","Konami Computer Entertainment Japan, Konami",15.4,0.14128899032713835,High (4+),129,1.46,0.0,0.83,1.93,4.23,Konami Digital Entertainment,Action,PS2
Journey,2012-03-13,3.9,1500.0,1500.0,12000.0,94.0,2700.0,1700.0,2012,3,Adventure,Sony Computer Entertainment,"Adventure, Platform","Sony Computer Entertainment, ThatGameCompany",19.45,0.14165486209482542,Medium (3-4),130,0.04,0.15,0.0,0.06,0.25,Sony Computer Entertainment Europe,Adventure,PS3
Kingdom Hearts,2002-03-28,3.6,1300.0,1300.0,12000.0,266.0,2100.0,1000.0,2002,3,Adventure,Square,"Adventure, RPG","Square, Disney Interactive Studios",17.15,0.08332638946754437,Medium (3-4),131,4.54,1.5699999999999998,1.74,0.31,8.15,Sony Computer Entertainment,Role-Playing,"PS2, PS3"
Titanfall 2,2016-10-28,4.1,1300.0,1300.0,12000.0,163.0,2100.0,656.0,2016,10,Adventure,Respawn Entertainment,"Adventure, Shooter","Respawn Entertainment, Electronic Arts",16.462,0.054662111490709105,High (4+),132,0.0,0.0,0.0,0.0,0.0,,,
Live A Live,2022-07-22,4.1,555.0,555.0,1100.0,235.0,1700.0,1900.0,2022,7,RPG,Square Enix,RPG,Square Enix,7.45,1.7257039055404177,High (4+),133,0.0,0.0,0.32,0.0,0.32,SquareSoft,Role-Playing,SNES
The Last of Us Remastered,2014-07-26,4.3,1100.0,1100.0,12000.0,258.0,1800.0,682.0,2014,7,Adventure,Naughty Dog,"Adventure, Shooter","Naughty Dog, Sony Computer Entertainment",16.064,0.05682859761686526,High (4+),134,0.0,0.0,0.0,0.0,0.0,,,
Sonic the Hedgehog,1991-06-23,3.1,1100.0,1100.0,12000.0,60.0,804.0,243.0,1991,6,Platform,Sonic Team,Platform,"Sonic Team, Sega",13.692,0.020248312640613282,Medium (3-4),135,3.88,1.47,0.3,0.9,6.57,Sega,Platform,"PS3, Sega Genesis, Xbox 360"
Rocket League,2015-07-06,3.4,917.0,917.0,17000.0,564.0,698.0,113.0,2015,7,Indie,Psyonix,"Indie, Racing, Sport",Psyonix,18.273,0.006646667843068055,Medium (3-4),136,0.06,0.24000000000000002,0.0,0.08,0.37,505 Games,Sports,"PC, PS4, Xbox One"
Batman: Arkham Knight,2015-06-23,3.7,1200.0,1200.0,13000.0,279.0,3400.0,757.0,2015,6,Adventure,Rocksteady Studios,"Adventure, Brawler","Rocksteady Studios, Warner Bros. Interactive Entertainment",19.614,0.058226290285362664,Medium (3-4),137,2.43,2.0700000000000003,0.1,0.75,5.37,Warner Bros. Interactive Entertainment,Action,"PC, PS4, Xbox One"
Bayonetta 3,2022-10-28,3.7,690.0,690.0,1600.0,235.0,1600.0,2200.0,2022,10,Brawler,PlatinumGames,Brawler,"PlatinumGames, Nintendo",8.4,1.3741411617738912,Medium (3-4),138,0.0,0.0,0.0,0.0,0.0,,,
Disco Elysium,2019-10-15,4.6,1100.0,1100.0,4000.0,478.0,2800.0,1900.0,2019,10,Adventure,ZA/UM,"Adventure, RPG, Turn Based Strategy",ZA/UM,12.0,0.47488127968008,High (4+),139,0.0,0.0,0.0,0.0,0.0,,,
Guilty Gear: Strive,2021-06-11,3.9,810.0,810.0,5500.0,713.0,805.0,1200.0,2021,6,Fighting,Bandai Namco Studios,Fighting,"Bandai Namco Studios, Arc System Works",9.1075,0.21814215597164152,Medium (3-4),140,0.0,0.0,0.0,0.0,0.0,,,
Wii Sports,2006-11-19,3.7,775.0,775.0,18000.0,39.0,320.0,93.0,2006,11,Simulator,Nintendo,"Simulator, Sport","Nintendo, Nintendo EAD Group No. 2",18.666,0.005166379645575246,Medium (3-4),141,41.49,29.02,3.77,8.46,82.74,Nintendo,Sports,Wii
Hogwarts Legacy,2023-02-10,3.5,474.0,474.0,1400.0,766.0,686.0,1600.0,2023,2,Adventure,Portkey Games,"Adventure, RPG","Portkey Games, Avalanche Software",5.629,1.1420413990007139,Medium (3-4),142,0.0,0.0,0.0,0.0,0.0,,,
Mario Kart Wii,2008-04-10,3.9,1000.0,1000.0,19000.0,88.0,461.0,168.0,2008,4,Racing,Nintendo,Racing,"Nintendo, Nintendo EAD",20.0275,0.008841639913688753,Medium (3-4),143,15.85,12.88,3.79,3.31,35.82,Nintendo,Racing,Wii
Resident Evil 3,2020-04-03,3.2,1300.0,1300.0,8400.0,157.0,2400.0,1600.0,2020,4,Adventure,K2,"Adventure, Shooter","K2, Capcom",15.2,0.1904535174384002,Medium (3-4),144,0.0,0.0,0.0,0.0,0.0,,,
Unpacking,2021-11-02,3.6,751.0,751.0,4900.0,216.0,996.0,1300.0,2021,11,Indie,Witch Beam,"Indie, Point-and-Click, Puzzle, Simulator","Witch Beam, Humble Games",8.994,0.26525198938992045,Medium (3-4),145,0.0,0.0,0.0,0.0,0.0,,,
Red Dead Redemption,2010-05-18,4.2,1500.0,1500.0,13000.0,218.0,2400.0,1600.0,2010,5,Adventure,Rockstar Games,"Adventure, RPG, Shooter","Rockstar Games, Rockstar North",19.8,0.12306745634951158,High (4+),146,6.49,4.58,0.26,1.6,12.94,Take-Two Interactive,Action,"PS3, Xbox 360"
Tales of Arise,2021-09-10,3.6,650.0,650.0,3100.0,571.0,2300.0,1900.0,2021,9,Adventure,Bandai Namco Entertainment,"Adventure, RPG","Bandai Namco Entertainment, Bandai Namco Studios",10.35,0.6127055788455337,Medium (3-4),147,0.0,0.0,0.0,0.0,0.0,,,
Deltarune: Chapter 1,2018-10-31,3.9,591.0,591.0,11000.0,107.0,1800.0,729.0,2018,10,Adventure,8-4,"Adventure, Indie, RPG, Turn Based Strategy","8-4, tobyfox",15.158,0.06626670302699754,Medium (3-4),148,0.0,0.0,0.0,0.0,0.0,,,
Dead Space,2023-01-27,4.3,501.0,501.0,1300.0,248.0,985.0,1900.0,2023,1,Adventure,Motive Studios,"Adventure, RPG, Shooter","Motive Studios, Electronic Arts",6.5775,1.4604150653343582,High (4+),149,1.94,1.6,0.0,0.49,4.03,Electronic Arts,Action,"PC, PS3, Xbox 360"
Tomb Raider,2013-03-04,3.5,896.0,896.0,15000.0,175.0,2700.0,508.0,2013,3,Adventure,Square Enix,"Adventure, Platform, Puzzle, Shooter","Square Enix, Crystal Dynamics",20.066,0.03386440903939737,Medium (3-4),150,3.25,2.04,0.13,0.24,5.66,Eidos Interactive,Action,"PC, PS1"
Super Mario Galaxy 2,2010-05-23,4.3,1800.0,1800.0,13000.0,123.0,2500.0,1300.0,2010,5,Adventure,Nintendo EAD,"Adventure, Platform","Nintendo EAD, Nintendo",19.35,0.09999230828397816,High (4+),151,3.66,2.42,0.98,0.64,7.69,Nintendo,Platform,Wii
Donkey Kong Country,1994-11-18,3.9,1300.0,1300.0,11000.0,186.0,1900.0,514.0,1994,11,Adventure,Rare,"Adventure, Platform",Rare,14.878,0.046723025179529136,Medium (3-4),152,6.6000000000000005,2.91,3.59,0.43000000000000005,13.530000000000001,Nintendo,Platform,"Game Boy, Game Boy Advance, SNES"
What Remains of Edith Finch,2017-04-24,4.0,1400.0,1400.0,8600.0,61.0,2200.0,1300.0,2017,4,Adventure,Annapurna Interactive,"Adventure, Indie, Puzzle","Annapurna Interactive, Giant Sparrow",14.5,0.1511452156725962,Medium (3-4),153,0.0,0.0,0.0,0.0,0.0,,,
Monster Hunter Rise,2021-03-26,4.0,789.0,789.0,5700.0,1100.0,1800.0,1300.0,2021,3,Adventure,Capcom,"Adventure, Brawler, RPG","Capcom, Capcom Development Division 2",11.0,0.2280301701455885,Medium (3-4),154,0.0,0.0,0.0,0.0,0.0,,,
Pokémon Emerald,2004-09-16,4.0,1200.0,1200.0,16000.0,219.0,1000.0,376.0,2004,9,Adventure,Nintendo,"Adventure, RPG, Turn Based Strategy","Nintendo, Game Freak",18.252,0.023498531341791137,Medium (3-4),155,0.0,0.0,0.0,0.0,0.0,,,
NEO: The World Ends with You,2021-07-26,4.2,725.0,725.0,2500.0,357.0,2400.0,2000.0,2021,7,Brawler,Square Enix,"Brawler, RPG",Square Enix,10.1,0.7996801279488205,High (4+),156,0.0,0.0,0.0,0.0,0.0,,,
Assassin's Creed II,2009-11-17,3.8,1300.0,1300.0,16000.0,140.0,1500.0,521.0,2009,11,Adventure,Ubisoft Montreal,"Adventure, Platform","Ubisoft Montreal, Ubisoft Entertainment",19.292,0.03256046497093932,Medium (3-4),157,5.65,3.96,0.29,1.49,11.41,Ubisoft,Action,"PC, PS3, Xbox 360"
Pokémon Scarlet,2022-11-18,3.5,596.0,596.0,2600.0,580.0,489.0,496.0,2022,11,Adventure,Nintendo,"Adventure, RPG, Turn Based Strategy","Nintendo, Game Freak",4.3255,0.1906958861976163,Medium (3-4),158,0.0,0.0,0.0,0.0,0.0,,,
New Super Mario Bros.,2006-05-15,3.5,991.0,991.0,16000.0,108.0,824.0,287.0,2006,5,Adventure,Nintendo,"Adventure, Platform",Nintendo,17.81,0.01793637897631398,Medium (3-4),159,11.38,9.23,6.5,2.9,30.01,Nintendo,Platform,Nintendo DS
Horizon Forbidden West,2022-02-18,3.8,830.0,830.0,2700.0,561.0,2100.0,2300.0,2022,2,Adventure,Guerrilla Games,"Adventure, RPG","Guerrilla Games, Sony Interactive Entertainment",10.45,0.8515364679748242,Medium (3-4),160,0.0,0.0,0.0,0.0,0.0,,,
Detroit: Become Human,2018-05-25,3.5,1000.0,1000.0,11000.0,216.0,2200.0,1300.0,2018,5,Adventure,Quantic Dream,"Adventure, Puzzle","Quantic Dream, Sony Interactive Entertainment",16.9,0.11817107535678574,Medium (3-4),161,0.0,0.0,0.0,0.0,0.0,,,
Final Fantasy XV,2016-11-29,3.3,1100.0,1100.0,11000.0,374.0,3200.0,1100.0,2016,11,Adventure,Square Enix,"Adventure, RPG",Square Enix,18.0,0.09999090991728024,Medium (3-4),162,0.0,0.0,0.0,0.0,0.0,,,
Persona 5 Strikers,2020-02-20,3.7,993.0,993.0,5100.0,779.0,3600.0,1600.0,2020,2,Adventure,Omega Force,"Adventure, Brawler, RPG","Omega Force, Sega",13.7,0.3136639874534405,Medium (3-4),163,0.0,0.0,0.0,0.0,0.0,,,
Limbo,2010-07-21,3.5,965.0,965.0,13000.0,129.0,2200.0,852.0,2010,7,Adventure,Microsoft Game Studios,"Adventure, Indie, Platform, Puzzle","Microsoft Game Studios, Playdead",18.004,0.06553342050611491,Medium (3-4),164,0.0,0.0,0.0,0.0,0.0,,,
Pokémon Platinum,2008-09-13,4.1,1400.0,1400.0,14000.0,254.0,1300.0,461.0,2008,9,Adventure,Nintendo,"Adventure, RPG, Turn Based Strategy","Nintendo, Game Freak",16.872,0.03292621955574602,High (4+),165,0.0,0.0,0.0,0.0,0.0,,,
Stranger of Paradise: Final Fantasy Origin,2022-03-18,3.6,607.0,607.0,1600.0,180.0,1300.0,1400.0,2022,3,Adventure,Team NINJA,"Adventure, RPG","Team NINJA, Square Enix",6.35,0.8744534665833854,Medium (3-4),166,0.0,0.0,0.0,0.0,0.0,,,
Killer7,2005-06-09,4.3,1200.0,1200.0,2800.0,237.0,2500.0,1300.0,2005,6,Adventure,Capcom,"Adventure, Shooter","Capcom, Grasshopper Manufacture",9.15,0.4641199571581578,High (4+),167,0.16,0.06,0.0,0.01,0.24,Capcom,Action,"GameCube, PS2"
Grand Theft Auto IV,2008-04-29,3.8,1100.0,1100.0,14000.0,258.0,1900.0,721.0,2008,4,Adventure,Rockstar North,"Adventure, Racing, Shooter","Rockstar North, Rockstar Games",18.292,0.051496321691307766,Medium (3-4),168,11.53,7.65,0.5800000000000001,2.73,22.47,Take-Two Interactive,Action,"PC, PS3, Xbox 360"
Metroid: Zero Mission,2004-02-09,4.0,1200.0,1200.0,7500.0,148.0,1500.0,700.0,2004,2,Adventure,Nintendo R&D1,"Adventure, Platform, Shooter","Nintendo R&D1, Nintendo",11.15,0.09332089054792694,Medium (3-4),169,0.6,0.22,0.0,0.01,0.84,Nintendo,Adventure,Game Boy Advance
Final Fantasy X,2001-07-19,4.1,1500.0,1500.0,8500.0,330.0,2900.0,990.0,2001,7,Adventure,Square Electronic Arts,"Adventure, RPG","Square Electronic Arts, Square",14.83,0.11645688742500883,High (4+),170,2.91,2.07,2.73,0.33,8.05,Sony Computer Entertainment,Role-Playing,PS2
Danganronpa 2: Goodbye Despair,2012-07-26,3.9,972.0,972.0,9900.0,288.0,1800.0,605.0,2012,7,Adventure,NIS America,"Adventure, Point-and-Click, Visual Novel","NIS America, Spike ChunSoft",13.81,0.061104938895061106,Medium (3-4),171,0.13,0.07,0.19,0.06,0.45,Nippon Ichi Software,Misc,"PS Vita, PSP"
Final Fantasy IX,2000-07-07,4.3,1600.0,1600.0,6800.0,350.0,3600.0,1200.0,2000,7,RPG,Square,"RPG, Turn Based Strategy","Square, Square Electronic Arts",14.6,0.17644464049404499,High (4+),172,1.62,0.77,2.78,0.14,5.3,SquareSoft,Role-Playing,PS1
Halo 3,2007-09-25,4.2,1600.0,1600.0,12000.0,101.0,1500.0,528.0,2007,9,Shooter,Bungie,Shooter,"Bungie, Microsoft Game Studios",15.306,0.043996333638863426,High (4+),173,7.97,2.83,0.13,1.21,12.14,Microsoft Game Studios,Shooter,Xbox 360
Metroid Fusion,2002-11-17,4.0,1300.0,1300.0,7900.0,146.0,2000.0,799.0,2002,11,Adventure,Nintendo,"Adventure, Platform, Shooter","Nintendo, Nintendo R&D1",12.498,0.10112643969117834,Medium (3-4),174,1.18,0.27,0.17,0.06,1.68,Nintendo,Action,Game Boy Advance
Final Fantasy VI,1994-04-02,4.4,1600.0,1600.0,6100.0,312.0,3300.0,1300.0,1994,4,Adventure,Square Enix,"Adventure, RPG","Square Enix, Square",13.65,0.21307982297983938,High (4+),175,0.0,0.0,0.08,0.01,0.08,Sony Computer Entertainment,Role-Playing,PS1
VA-11 Hall-A: Cyberpunk Bartender Action,2016-06-21,4.1,940.0,940.0,5400.0,469.0,2800.0,1500.0,2016,6,Adventure,Ysbryd Games,"Adventure, Indie, Simulator, Visual Novel","Ysbryd Games, SUKEBAN",12.6,0.2777263469727828,High (4+),176,0.0,0.0,0.0,0.0,0.0,,,
Dead Cells,2018-08-06,3.8,802.0,802.0,9200.0,737.0,2800.0,1400.0,2018,8,Adventure,Motion Twin,"Adventure, Indie, Platform",Motion Twin,16.2,0.15215737419845668,Medium (3-4),177,0.0,0.0,0.0,0.0,0.0,,,
Far Cry 3,2012-11-28,3.7,983.0,983.0,14000.0,188.0,1900.0,660.0,2012,11,Adventure,Ubisoft Entertainment,"Adventure, Shooter","Ubisoft Entertainment, Ubisoft Montreal",18.17,0.04713949003642597,Medium (3-4),178,2.4699999999999998,3.72,0.12000000000000001,1.1400000000000001,7.470000000000001,Ubisoft,Shooter,"PC, PS3, Xbox 360"
The Stanley Parable: Ultra Deluxe,2022-04-27,4.1,592.0,592.0,3200.0,141.0,1100.0,1300.0,2022,4,Adventure,Crows Crows Crows,"Adventure, Simulator",Crows Crows Crows,7.45,0.40612308653545764,High (4+),179,0.0,0.0,0.0,0.0,0.0,,,
SuperHot,2016-02-25,3.7,835.0,835.0,12000.0,95.0,1700.0,842.0,2016,2,Fighting,IMGN.PRO,"Fighting, Indie, Puzzle, Shooter, Tactical","IMGN.PRO, SUPERHOT Team",16.234,0.07016081993167236,Medium (3-4),180,0.0,0.0,0.0,0.0,0.0,,,
Plants vs. Zombies,2009-05-05,3.7,719.0,719.0,14000.0,117.0,493.0,82.0,2009,5,Puzzle,PopCap Games,"Puzzle, Real Time Strategy, Simulator, Strategy, Tactical",PopCap Games,14.9035,0.005856724519677166,Medium (3-4),181,1.3699999999999999,0.19,0.0,0.12,1.68,Mastertronic,Strategy,"Nintendo DS, PC, PS3, Xbox 360"
Ori and the Blind Forest,2015-03-11,3.9,780.0,780.0,7900.0,260.0,2900.0,1400.0,2015,3,Adventure,Moon Studios,"Adventure, Platform, Puzzle","Moon Studios, Microsoft Studios",15.05,0.17719276041007467,Medium (3-4),182,0.0,0.0,0.0,0.0,0.0,,,
Demon's Souls,2020-11-12,3.9,880.0,880.0,4100.0,403.0,2400.0,2100.0,2020,11,Adventure,Bluepoint Games,"Adventure, RPG","Bluepoint Games, Sony Interactive Entertainment",11.9,0.5120702267739575,Medium (3-4),183,0.97,0.34,0.35,0.18,1.84,Namco Bandai Games,Role-Playing,PS3
A Plague Tale: Innocence,2019-05-14,3.7,852.0,852.0,5400.0,202.0,2600.0,1000.0,2019,5,Adventure,Focus Entertainment,"Adventure, RPG","Focus Entertainment, Asobo Studio",11.3,0.18515089798185522,Medium (3-4),184,0.0,0.0,0.0,0.0,0.0,,,
The Legend of Zelda: Link's Awakening,2019-09-20,3.9,1100.0,1100.0,7600.0,387.0,2800.0,2000.0,2019,9,Adventure,Nintendo,Adventure,"Nintendo, Grezzo",15.8,0.26312327325351925,Medium (3-4),185,2.21,0.96,0.54,0.13,3.83,Nintendo,Action,Game Boy
Assassin's Creed,2007-11-13,2.9,801.0,801.0,13000.0,118.0,1200.0,496.0,2007,11,Adventure,Ubisoft Montreal,"Adventure, Platform","Ubisoft Montreal, Ubisoft Entertainment",15.792,0.03815091146834859,Low (<3),186,5.199999999999999,4.4799999999999995,0.16,1.46,11.3,Ubisoft,Adventure,"PC, PS3, Xbox 360"
Judgment,2018-12-13,4.1,890.0,890.0,3100.0,358.0,2300.0,1600.0,2018,12,Adventure,Sega Games,"Adventure, RPG","Sega Games, Ryu ga Gotoku Studios",9.75,0.5159625927120284,High (4+),187,0.0,0.0,0.0,0.0,0.0,,,
Call of Duty: Black Ops,2010-11-09,3.7,920.0,920.0,14000.0,44.0,611.0,318.0,2010,11,Shooter,Activision,Shooter,"Activision, Treyarch",15.5525,0.02271266338118706,Medium (3-4),188,17.59,9.5,0.59,3.36,31.03,Activision,Shooter,"Nintendo DS, PC, PS3, Wii, Xbox 360"
Ratchet & Clank: Rift Apart,2021-06-11,4.0,906.0,906.0,3700.0,218.0,1500.0,1700.0,2021,6,Adventure,Sony Interactive Entertainment,"Adventure, Platform, Shooter","Sony Interactive Entertainment, Insomniac Games",9.35,0.4593353147797892,Medium (3-4),189,0.0,0.0,0.0,0.0,0.0,,,
Pokémon Black,2010-09-18,4.0,1000.0,1000.0,12000.0,186.0,1100.0,461.0,2010,9,Adventure,Nintendo,"Adventure, RPG, Turn Based Strategy","Nintendo, Game Freak",14.572,0.03841346554453796,Medium (3-4),190,0.0,0.0,0.0,0.0,0.0,,,
The Stanley Parable,2013-10-17,3.8,767.0,767.0,10000.0,46.0,1300.0,833.0,2013,10,Adventure,Galactic Cafe,"Adventure, Indie",Galactic Cafe,13.616,0.0832916708329167,Medium (3-4),191,0.0,0.0,0.0,0.0,0.0,,,
The Legend of Zelda,1986-02-21,3.2,1200.0,1200.0,9300.0,132.0,1500.0,463.0,1986,2,Adventure,Nintendo EAD,Adventure,"Nintendo EAD, Nintendo",12.476,0.04977959359208687,Medium (3-4),192,3.74,0.93,1.69,0.14,6.51,Nintendo,Action,NES
AI: The Somnium Files - Nirvana Initiative,2022-06-23,3.9,455.0,455.0,1500.0,139.0,835.0,811.0,2022,6,Adventure,Spike ChunSoft,"Adventure, Puzzle, Visual Novel",Spike ChunSoft,4.3745,0.5403064623584277,Medium (3-4),193,0.0,0.0,0.0,0.0,0.0,,,
Ghost Trick: Phantom Detective,2010-06-19,4.4,830.0,830.0,3600.0,149.0,1800.0,1200.0,2010,6,Adventure,Capcom,"Adventure, Puzzle",Capcom,8.7,0.3332407664537628,High (4+),194,0.2,0.08,0.12,0.03,0.42,Capcom,Adventure,Nintendo DS
Dragon Quest XI S: Echoes of an Elusive Age - Definitive Edition,2019-09-27,4.2,880.0,880.0,4700.0,748.0,3100.0,1200.0,2019,9,Adventure,Square Enix,"Adventure, RPG",Square Enix,11.75,0.2552648372686662,High (4+),195,0.0,0.0,0.0,0.0,0.0,,,
Paper Mario: The Thousand-Year Door,2004-07-22,4.4,1300.0,1300.0,6700.0,187.0,2900.0,1500.0,2004,7,Adventure,Nintendo,"Adventure, RPG, Turn Based Strategy","Nintendo, Intelligent Systems Co., Ltd.",14.05,0.22384718698701686,High (4+),196,1.48,0.25,0.46,0.06,2.25,Nintendo,Role-Playing,GameCube
God of War II,2007-03-13,4.0,936.0,936.0,9300.0,89.0,1300.0,687.0,2007,3,Adventure,"Sony Computer Entertainment, Inc. (SCEI)","Adventure, Brawler, Platform","Sony Computer Entertainment, Inc. (SCEI), SIE Santa Monica Studio",12.624,0.07386302548113106,Medium (3-4),197,2.32,0.04,0.04,1.67,4.07,Sony Computer Entertainment,Action,PS2
Mass Effect 2,2010-01-26,4.3,1300.0,1300.0,9600.0,107.0,1900.0,645.0,2010,1,Adventure,BioWare,"Adventure, RPG, Shooter","BioWare, Electronic Arts",13.74,0.06718050203103844,High (4+),198,2.78,1.6099999999999999,0.06,0.54,4.99,Electronic Arts,Role-Playing,"PC, PS3, Xbox 360"
Forza Horizon 5,2021-11-09,3.8,589.0,589.0,4600.0,589.0,712.0,594.0,2021,11,Racing,Playground Games,Racing,"Playground Games, Xbox Game Studios",6.856,0.12910236905020647,Medium (3-4),199,0.0,0.0,0.0,0.0,0.0,,,
Metal Gear Solid V: Ground Zeroes,2014-03-18,3.3,650.0,650.0,9500.0,53.0,1700.0,549.0,2014,3,Adventure,Konami,"Adventure, RPG, Shooter, Strategy","Konami, Kojima Productions",13.148,0.057783391221976635,Medium (3-4),200,0.81,0.77,0.45000000000000007,0.29000000000000004,2.33,Konami Digital Entertainment,Action,"PS3, PS4, Xbox 360, Xbox One"
No More Heroes III,2021-08-27,3.9,604.0,604.0,1600.0,109.0,1500.0,1400.0,2021,8,Brawler,Grasshopper Manufacture,Brawler,Grasshopper Manufacture,6.65,0.8744534665833854,Medium (3-4),201,0.0,0.0,0.0,0.0,0.0,,,
Banjo-Kazooie,1998-06-29,4.0,1200.0,1200.0,7400.0,205.0,2100.0,765.0,1998,6,Adventure,Microsoft Game Studios,"Adventure, Platform","Microsoft Game Studios, Rare",12.08,0.10336441021483583,Medium (3-4),202,1.87,1.14,0.55,0.1,3.6599999999999997,Nintendo,Platform,"Nintendo 64, Xbox 360"
Astro's Playroom,2020-11-12,4.0,914.0,914.0,5700.0,82.0,358.0,249.0,2020,11,Adventure,SIE Japan Studio,"Adventure, Platform","SIE Japan Studio, Sony Interactive Entertainment",6.735,0.043676547974039644,Medium (3-4),203,0.0,0.0,0.0,0.0,0.0,,,
Call of Duty: Black Ops II,2012-11-12,3.8,903.0,903.0,13000.0,57.0,626.0,286.0,2012,11,Shooter,Treyarch,Shooter,"Treyarch, Activision",14.511,0.021998307822475194,Medium (3-4),204,14.08,11.049999999999999,0.72,3.88,29.72,Activision,Shooter,"PC, PS3, Wii U, Xbox 360"
The Legend of Zelda: Skyward Sword HD,2021-07-16,3.8,639.0,639.0,3700.0,444.0,2300.0,1300.0,2021,7,Adventure,Nintendo,"Adventure, RPG","Nintendo, Nintendo EAD Software Development Group No.3",9.75,0.3512564171845447,Medium (3-4),205,0.0,0.0,0.0,0.0,0.0,,,
Mega Man X,1993-12-17,4.1,1200.0,1200.0,6900.0,76.0,1100.0,385.0,1993,12,Adventure,Rozner Labs Software Group,"Adventure, Platform, Shooter","Rozner Labs Software Group, Nintendo",9.32,0.055789016084625415,High (4+),206,0.57,0.08,0.5,0.01,1.16,Capcom,Platform,SNES
Subnautica,2018-01-23,3.8,712.0,712.0,7200.0,335.0,2900.0,944.0,2018,1,Adventure,Gearbox Publishing,"Adventure, Indie","Gearbox Publishing, Unknown Worlds Entertainment",13.438,0.1310929037633662,Medium (3-4),207,0.0,0.0,0.0,0.0,0.0,,,
Returnal,2021-04-30,4.0,725.0,725.0,2400.0,430.0,1800.0,1600.0,2021,4,Shooter,Housemarque,Shooter,"Housemarque, Sony Interactive Entertainment",8.3,0.6663890045814244,Medium (3-4),208,0.0,0.0,0.0,0.0,0.0,,,
New Super Mario Bros. Wii,2009-11-12,3.5,859.0,859.0,13000.0,85.0,696.0,241.0,2009,11,Adventure,Nintendo,"Adventure, Platform","Nintendo, Nintendo EAD",14.526,0.01853703561264518,Medium (3-4),209,14.59,7.06,4.7,2.26,28.62,Nintendo,Platform,Wii
Citizen Sleeper,2022-05-05,4.1,492.0,492.0,1200.0,131.0,916.0,804.0,2022,5,Adventure,Fellow Traveller,"Adventure, Indie, RPG","Fellow Traveller, Jump Over The Age",4.182,0.6694421315570358,High (4+),210,0.0,0.0,0.0,0.0,0.0,,,
Yakuza 3 Remastered,2018-08-09,3.3,755.0,755.0,4300.0,235.0,2300.0,904.0,2018,8,Adventure,Ryū Ga Gotoku Studios,"Adventure, RPG, Simulator",Ryū Ga Gotoku Studios,9.558,0.21018367821436876,Medium (3-4),211,0.0,0.0,0.0,0.0,0.0,,,
Garry's Mod,2004-12-24,3.8,478.0,478.0,12000.0,198.0,543.0,242.0,2004,12,Indie,Facepunch Studios,"Indie, Simulator","Facepunch Studios, Valve",13.2985,0.02016498625114574,Medium (3-4),212,0.0,0.0,0.0,0.0,0.0,,,
Wolfenstein: The New Order,2014-05-20,3.6,794.0,794.0,8400.0,149.0,2200.0,722.0,2014,5,Adventure,MachineGames,"Adventure, Shooter","MachineGames, Bethesda Softworks",13.144,0.08594214974407809,Medium (3-4),213,1.24,1.81,0.05,0.53,3.63,Bethesda Softworks,Shooter,"PC, PS3, PS4, Xbox 360, Xbox One"
Deus Ex,2000-06-26,4.4,899.0,899.0,3800.0,189.0,2700.0,958.0,2000,6,RPG,Aspyr Media,"RPG, Shooter","Aspyr Media, Ion Storm",9.766,0.25203893712181,High (4+),214,0.0,0.01,0.0,0.0,0.01,Eidos Interactive,Role-Playing,PC
BioShock 2,2010-02-09,3.6,687.0,687.0,9100.0,103.0,3300.0,691.0,2010,2,Adventure,2K Marin,"Adventure, RPG, Shooter","2K Marin, 2K Games",15.432,0.07592572244808263,Medium (3-4),215,2.32,1.21,0.04,0.45,4.0,Take-Two Interactive,Shooter,"PC, PS3, Xbox 360"
Soul Hackers 2,2022-08-25,3.1,337.0,337.0,750.0,228.0,932.0,1100.0,2022,8,RPG,Sega,RPG,"Sega, Atlus",4.348,1.4647137150466045,Medium (3-4),216,0.0,0.0,0.0,0.0,0.0,,,
Enter the Gungeon,2016-04-05,3.6,632.0,632.0,8900.0,403.0,2400.0,441.0,2016,4,Adventure,Dodge Roll,"Adventure, Arcade, Indie, Shooter","Dodge Roll, Devolver Digital",13.382,0.04954499494438827,Medium (3-4),217,0.0,0.0,0.0,0.0,0.0,,,
The House in Fata Morgana,2012-12-27,4.4,544.0,544.0,1700.0,250.0,1500.0,1300.0,2012,12,Adventure,Dramatic Create,"Adventure, Indie, Visual Novel","Dramatic Create, NOVECT",6.55,0.7642563198118754,High (4+),218,0.0,0.0,0.0,0.0,0.0,,,
Shovel Knight,2014-06-26,4.0,761.0,761.0,8500.0,135.0,1900.0,1200.0,2014,6,Adventure,Yacht Club Games,"Adventure, Indie, Platform",Yacht Club Games,13.75,0.14115986354546525,Medium (3-4),219,0.16,0.11,0.01,0.03,0.32,Yacht Club Games,Platform,"Nintendo 3DS, PS4, Wii U"
Firewatch,2016-02-09,3.7,926.0,926.0,7800.0,99.0,1600.0,1200.0,2016,2,Adventure,Panic,"Adventure, Indie","Panic, Campo Santo",12.6,0.15382643250865274,Medium (3-4),220,0.0,0.0,0.0,0.0,0.0,,,
Dark Souls II,2014-03-11,3.3,815.0,815.0,6700.0,128.0,1400.0,834.0,2014,3,Adventure,FromSoftware,"Adventure, RPG","FromSoftware, Bandai Namco Entertainment",10.468,0.12445903596478138,Medium (3-4),221,1.29,0.93,0.49,0.35000000000000003,3.07,Namco Bandai Games,Role-Playing,"PC, PS3, PS4, Xbox 360, Xbox One"
Blasphemous,2019-09-10,3.7,647.0,647.0,4200.0,399.0,2600.0,1000.0,2019,9,Adventure,The Game Kitchen,"Adventure, Brawler, Indie, Platform, RPG","The Game Kitchen, Team17",10.1,0.23803856224708403,Medium (3-4),222,0.0,0.0,0.0,0.0,0.0,,,
Final Fantasy XIV Online,2013-08-27,3.7,643.0,643.0,5900.0,1100.0,818.0,363.0,2013,8,Adventure,Square Enix,"Adventure, RPG, Strategy",Square Enix,7.853,0.061514997458057954,Medium (3-4),223,0.0,0.0,0.0,0.0,0.0,,,
Immortality,2022-08-30,3.9,461.0,461.0,1200.0,95.0,587.0,564.0,2022,8,Indie,Half Mermaid,"Indie, Point-and-Click, Simulator",Half Mermaid,3.2085,0.46960865945045793,Medium (3-4),224,0.0,0.0,0.0,0.0,0.0,,,
Resident Evil 6,2012-10-02,2.5,888.0,888.0,7800.0,189.0,1800.0,552.0,2012,10,Adventure,Capcom,"Adventure, Shooter",Capcom,11.604,0.07076015895398026,Low (<3),225,2.07,1.64,0.95,0.6,5.28,Capcom,Shooter,"PC, PS3, PS4, Xbox 360, Xbox One"
Devil May Cry 3: Dante's Awakening,2005-02-17,4.2,909.0,909.0,6100.0,116.0,1600.0,648.0,2005,2,Adventure,Capcom,"Adventure, Brawler, Shooter","Capcom, Capcom Production Studio 1",9.796,0.106212096377643,High (4+),226,0.99,0.63,0.29,0.19,2.09,Capcom,Action,PS2
The Last of Us Part I,2022-09-01,4.4,395.0,395.0,1400.0,131.0,678.0,1100.0,2022,9,Adventure,Sony Interactive Entertainment,"Adventure, Shooter","Sony Interactive Entertainment, Naughty Dog",4.617,0.7851534618129907,High (4+),227,0.0,0.0,0.0,0.0,0.0,,,
Super Meat Boy,2010-10-20,3.5,605.0,605.0,10000.0,153.0,1800.0,501.0,2010,10,Adventure,BlitWorks,"Adventure, Indie, Platform","BlitWorks, Team Meat",13.702,0.050094990500949906,Medium (3-4),228,0.0,0.0,0.0,0.0,0.0,,,
Mass Effect Legendary Edition,2021-05-14,4.5,581.0,581.0,2800.0,596.0,2400.0,930.0,2021,5,Adventure,BioWare,"Adventure, RPG, Shooter, Strategy","BioWare, EA",8.26,0.3320242770439129,High (4+),229,0.0,0.0,0.0,0.0,0.0,,,
Helltaker,2020-05-11,3.3,419.0,419.0,7500.0,59.0,1100.0,445.0,2020,5,Adventure,Vanripper,"Adventure, Indie, Puzzle",Vanripper,10.04,0.05932542327689641,Medium (3-4),230,0.0,0.0,0.0,0.0,0.0,,,
Pokémon Sword,2019-11-15,2.9,837.0,837.0,9700.0,301.0,924.0,500.0,2019,11,Adventure,Game Freak,"Adventure, RPG","Game Freak, Nintendo",12.086,0.05154107823935677,Low (<3),231,0.0,0.0,0.0,0.0,0.0,,,
Crash Bandicoot N. Sane Trilogy,2017-06-30,3.8,654.0,654.0,7700.0,364.0,2600.0,986.0,2017,6,Adventure,Activision,"Adventure, Platform","Activision, Vicarious Visions",13.572,0.1280353200883002,Medium (3-4),232,0.0,0.0,0.0,0.0,0.0,,,
Tetris,1989-11-01,4.1,688.0,688.0,9600.0,54.0,175.0,66.0,1989,11,Arcade,Nintendo,"Arcade, Puzzle",Nintendo,9.9945,0.006874283928757421,High (4+),233,26.169999999999998,2.9499999999999997,6.029999999999999,0.69,35.84,Nintendo,Puzzle,"Game Boy, NES"
Valorant,2020-06-02,2.5,291.0,291.0,8200.0,650.0,291.0,110.0,2020,6,Shooter,Riot Games,"Shooter, Tactical",Riot Games,8.8565,0.01341299841482746,Low (<3),234,0.0,0.0,0.0,0.0,0.0,,,
Super Mario 3D World,2013-11-21,3.9,1100.0,1100.0,9600.0,93.0,787.0,432.0,2013,11,Adventure,Nintendo,"Adventure, Platform",Nintendo,11.6445,0.044995312988230396,Medium (3-4),235,2.11,1.11,0.72,0.3,4.25,Nintendo,Platform,Wii U
Uncharted 3: Drake's Deception,2011-11-01,3.6,941.0,941.0,11000.0,60.0,1500.0,477.0,2011,11,Adventure,Naughty Dog,"Adventure, Platform, Shooter","Naughty Dog, Sony Computer Entertainment, Inc. (SCEI)",14.204,0.043359694573220614,Medium (3-4),236,2.77,2.8,0.19,1.06,6.83,Sony Computer Entertainment,Action,PS3
Phoenix Wright: Ace Attorney - Trials and Tribulations,2006-03-31,4.4,995.0,995.0,6600.0,172.0,1600.0,623.0,2006,3,Adventure,Capcom,"Adventure, Visual Novel",Capcom,10.246,0.09437963944856839,High (4+),237,0.33,0.05,0.25,0.04,0.67,Capcom,Adventure,Nintendo DS
Yume Nikki,2004-06-26,4.0,770.0,770.0,4000.0,155.0,1600.0,771.0,2004,6,Adventure,Kikiyama,"Adventure, Indie","Kikiyama, DeNA Co., Ltd.",7.942,0.19270182454386403,Medium (3-4),238,0.0,0.0,0.0,0.0,0.0,,,
Max Payne,2001-07-23,3.9,786.0,786.0,6300.0,102.0,1500.0,742.0,2001,7,Shooter,Gathering of Developers,Shooter,"Gathering of Developers, Remedy Entertainment",10.034,0.1177590858593874,Medium (3-4),239,2.9899999999999998,1.27,0.05,0.27,4.58,Take-Two Interactive,Shooter,"Game Boy Advance, PC, PS2, Xbox"
Five Nights at Freddy's,2014-08-08,2.9,460.0,460.0,8400.0,46.0,393.0,166.0,2014,8,Adventure,Clickteam,"Adventure, Indie, Point-and-Click, Simulator, Strategy","Clickteam, Scottgames",9.3215,0.01975955243423402,Low (<3),240,0.0,0.0,0.0,0.0,0.0,,,
Donkey Kong Country 2: Diddy's Kong Quest,1995-11-21,4.2,1200.0,1200.0,6600.0,115.0,1600.0,455.0,1995,11,Adventure,Nintendo,"Adventure, Platform","Nintendo, Rare",9.91,0.0689289501590668,High (4+),241,2.1,0.74,2.2,0.11,5.15,Nintendo,Platform,SNES
Pokémon White,2010-09-18,4.1,814.0,814.0,9000.0,115.0,705.0,270.0,2010,9,Adventure,Nintendo,"Adventure, RPG, Turn Based Strategy","Nintendo, Game Freak",10.5975,0.02999666703699589,High (4+),242,0.0,0.0,0.0,0.0,0.0,,,
Outlast,2013-09-04,3.3,547.0,547.0,7500.0,90.0,1400.0,401.0,2013,9,Adventure,Red Barrels,"Adventure, Indie",Red Barrels,10.402,0.053459538728169574,Medium (3-4),243,0.0,0.0,0.0,0.0,0.0,,,
Hitman 3,2021-01-20,4.1,702.0,702.0,3300.0,242.0,1500.0,1200.0,2021,1,Adventure,IO Interactive,"Adventure, Shooter, Tactical",IO Interactive,7.95,0.36352620418055137,High (4+),244,0.0,0.0,0.0,0.0,0.0,,,
Sable,2021-09-23,3.5,433.0,433.0,1300.0,165.0,1400.0,1100.0,2021,9,Adventure,Raw Fury,"Adventure, Indie, Platform, Puzzle, RPG","Raw Fury, Shedworks",5.6,0.8455034588777863,Medium (3-4),245,0.0,0.0,0.0,0.0,0.0,,,
Super Smash Bros. for Wii U,2014-11-21,3.5,684.0,684.0,11000.0,17.0,240.0,110.0,2014,11,Fighting,Sora,"Fighting, Platform","Sora, Nintendo",11.58,0.009999090991728025,Medium (3-4),246,0.0,0.0,0.0,0.0,0.0,,,
Kirby's Adventure,1993-03-23,3.6,718.0,718.0,6000.0,61.0,690.0,217.0,1993,3,Platform,HAL Laboratory,Platform,"HAL Laboratory, Nintendo",7.469,0.03616063989335111,Medium (3-4),247,0.79,0.14,0.8,0.02,1.75,Nintendo,Platform,NES
Tekken 7,2015-02-18,3.8,663.0,663.0,6600.0,247.0,670.0,354.0,2015,2,Fighting,Bandai Namco Entertainment,Fighting,"Bandai Namco Entertainment, Bandai Namco Studios",8.313,0.053628238145735495,Medium (3-4),248,0.0,0.0,0.0,0.0,0.0,,,
Umineko: When They Cry Chiru,2009-09-15,4.6,324.0,324.0,1700.0,108.0,582.0,493.0,2009,9,Adventure,07th Expansion,"Adventure, Visual Novel",07th Expansion,3.559,0.2898295120517343,High (4+),249,0.0,0.0,0.0,0.0,0.0,,,
Kingdom Hearts II Final Mix,2007-03-29,4.5,704.0,704.0,4400.0,92.0,732.0,274.0,2007,3,Adventure,Buena Vista Games,"Adventure, Brawler, Platform, RPG, Shooter","Buena Vista Games, Square Enix",6.046,0.06225857759600091,High (4+),250,0.0,0.0,0.0,0.0,0.0,,,
Superliminal,2019-11-12,3.6,487.0,487.0,3800.0,76.0,1000.0,917.0,2019,11,Adventure,Pillow Castle Games,"Adventure, Indie, Puzzle, Shooter",Pillow Castle Games,7.134,0.24125230202578268,Medium (3-4),251,0.0,0.0,0.0,0.0,0.0,,,
Death Stranding: Director's Cut,2021-09-24,4.2,334.0,334.0,1300.0,382.0,1500.0,704.0,2021,9,Adventure,Kojima Productions,Adventure,"Kojima Productions, 505 Games",4.958,0.5411222136817833,High (4+),252,0.0,0.0,0.0,0.0,0.0,,,
Persona 4,2008-07-10,4.0,815.0,815.0,5700.0,158.0,1000.0,599.0,2008,7,RPG,Atlus,"RPG, Simulator, Visual Novel","Atlus, NIS America",8.398,0.10506928609015963,Medium (3-4),253,0.0,0.0,0.0,0.0,0.0,,,
Wordle,2021-06-21,3.2,118.0,118.0,3000.0,125.0,26.0,5.0,2021,6,Puzzle,Josh Wardle,"Puzzle, Quiz/Trivia","Josh Wardle, The New York Times",3.049,0.0016661112962345886,Medium (3-4),254,0.0,0.0,0.0,0.0,0.0,,,
The Sims 4,2014-09-02,3.0,458.0,458.0,8300.0,434.0,667.0,110.0,2014,9,RPG,Electronic Arts,"RPG, Simulator","Electronic Arts, The Sims Studio",9.5205,0.013251415492109385,Low (<3),255,0.96,1.72,0.0,0.29,2.97,Electronic Arts,Simulation,PC
Far Cry 4,2014-11-18,3.2,558.0,558.0,8500.0,90.0,1300.0,442.0,2014,11,Adventure,Ubisoft Montreal,"Adventure, Shooter, Tactical",Ubisoft Montreal,11.334,0.0519938830725797,Medium (3-4),256,2.8400000000000003,4.45,0.19,1.18,8.68,Ubisoft,Shooter,"PC, PS3, PS4, Xbox 360, Xbox One"
Sonic Forces,2017-11-07,1.9,650.0,650.0,5000.0,42.0,723.0,212.0,2017,11,Adventure,Sega,"Adventure, Platform, Strategy","Sega, Sonic Team",6.5085,0.04239152169566087,Low (<3),257,0.0,0.0,0.0,0.0,0.0,,,
To the Moon,2011-11-01,3.9,671.0,671.0,4700.0,66.0,1600.0,925.0,2011,11,Adventure,Freebird Games,"Adventure, Indie, Point-and-Click, Puzzle, RPG","Freebird Games, X.D. Network Inc.",8.95,0.1967666453945969,Medium (3-4),258,0.0,0.0,0.0,0.0,0.0,,,
Baba is You,2019-03-13,4.0,545.0,545.0,4600.0,537.0,2000.0,1200.0,2019,3,Indie,hempuli,"Indie, Puzzle, Strategy",hempuli,10.0,0.2608128667680939,Medium (3-4),259,0.0,0.0,0.0,0.0,0.0,,,
The Witcher 3: Wild Hunt - Game of the Year Edition,2016-08-29,4.5,475.0,475.0,6000.0,410.0,2100.0,467.0,2016,8,Adventure,CD Projekt RED,"Adventure, RPG","CD Projekt RED, CD Projekt",10.084,0.07782036327278787,High (4+),260,0.0,0.0,0.0,0.0,0.0,,,
Super Smash Bros.,1999-01-21,3.4,688.0,688.0,9800.0,20.0,279.0,207.0,1999,1,Fighting,Nintendo,"Fighting, Platform","Nintendo, HAL Laboratory",10.6325,0.021120293847566574,Medium (3-4),261,2.95,0.6,1.97,0.04,5.55,Nintendo,Fighting,Nintendo 64
Super Mario 64 DS,2004-11-21,3.6,614.0,614.0,9100.0,65.0,549.0,176.0,2004,11,Adventure,Nintendo EAD,"Adventure, Platform","Nintendo EAD, Nintendo",10.2755,0.01933853422700802,Medium (3-4),262,0.0,0.0,0.0,0.0,0.0,,,
Halo 4,2012-11-06,3.0,674.0,674.0,7600.0,57.0,1200.0,277.0,2012,11,Shooter,343 Industries,Shooter,"343 Industries, Microsoft Studios",9.954,0.03644257334561242,Low (<3),263,6.63,2.36,0.04,0.73,9.76,Microsoft Game Studios,Shooter,Xbox 360
Middle-earth: Shadow of Mordor,2014-09-30,3.4,524.0,524.0,8400.0,106.0,1700.0,478.0,2014,9,Adventure,Monolith Productions,"Adventure, Brawler, RPG","Monolith Productions, WB Games",11.906,0.05689798833472206,Medium (3-4),264,2.33,2.65,0.07,0.8200000000000001,5.8500000000000005,Warner Bros. Interactive Entertainment,Action,"PC, PS3, PS4, Xbox 360, Xbox One"
Mega Man 2,1989-06-02,3.6,857.0,857.0,6100.0,34.0,542.0,163.0,1989,6,Adventure,Capcom,"Adventure, Platform",Capcom,7.239,0.02671693165054909,Medium (3-4),265,0.93,0.15,0.42,0.01,1.51,Capcom,Action,NES
Phoenix Wright: Ace Attorney Trilogy,2014-04-17,4.3,516.0,516.0,4000.0,644.0,1900.0,779.0,2014,4,Adventure,Capcom,"Adventure, Puzzle, Simulator, Visual Novel",Capcom,8.408,0.1947013246688328,High (4+),266,0.0,0.0,0.02,0.0,0.02,Capcom,Adventure,Nintendo 3DS
Infamous: Second Son,2014-03-21,3.4,668.0,668.0,7600.0,71.0,1300.0,574.0,2014,3,Adventure,Sony Computer Entertainment,"Adventure, Platform, Shooter","Sony Computer Entertainment, Sucker Punch Productions",10.698,0.07551637942376004,Medium (3-4),267,1.27,0.97,0.07,0.47,2.78,Sony Computer Entertainment,Action,PS4
Star Wars: Knights of the Old Republic,2003-07-15,4.2,839.0,839.0,5300.0,180.0,2300.0,705.0,2003,7,Adventure,BioWare,"Adventure, RPG","BioWare, LucasArts",10.16,0.13299377475947935,High (4+),268,1.69,0.54,0.0,0.1,2.33,Activision,Role-Playing,"PC, Xbox"
No More Heroes 2: Desperate Struggle,2010-01-26,3.5,608.0,608.0,3200.0,68.0,1500.0,855.0,2010,1,Adventure,Ubisoft Entertainment,"Adventure, Brawler","Ubisoft Entertainment, Grasshopper Manufacture",7.16,0.26710402999062793,Medium (3-4),269,0.21,0.12,0.04,0.03,0.41,Rising Star Games,Action,Wii
Kirby Super Star Ultra,2008-09-22,4.3,743.0,743.0,5800.0,47.0,773.0,427.0,2008,9,Adventure,Nintendo of Europe,"Adventure, Platform","Nintendo of Europe, HAL Laboratory",7.8135,0.07360799862092743,High (4+),270,1.57,0.04,1.19,0.15,2.96,Nintendo,Platform,Nintendo DS
"Flower, Sun, and Rain",2001-05-02,4.3,466.0,466.0,632.0,32.0,1000.0,1100.0,2001,5,Adventure,Grasshopper Manufacture,"Adventure, Puzzle","Grasshopper Manufacture, Victor Interactive Software",4.332,1.7377567140600316,High (4+),271,0.07,0.0,0.0,0.01,0.07,Rising Star Games,Adventure,Nintendo DS
Katamari Damacy,2004-03-18,4.2,939.0,939.0,4100.0,60.0,1000.0,761.0,2004,3,Adventure,Namco,"Adventure, Puzzle","Namco, NOW Production",7.122,0.185564496464277,High (4+),272,0.47,0.02,0.17,0.08,0.73,Namco Bandai Games,Puzzle,PS2
Shadow the Hedgehog,2005-11-15,2.4,584.0,584.0,5600.0,45.0,731.0,423.0,2005,11,Adventure,Sega,"Adventure, Platform, Shooter","Sega, Sonic Team",7.5425,0.07552222817354044,Low (<3),273,1.3900000000000001,0.26,0.0,0.12,1.77,Sega,Platform,"GameCube, PS2, Xbox"
Ōkami HD,2012-10-30,4.2,527.0,527.0,3300.0,321.0,3100.0,1200.0,2012,10,Adventure,Clover Studio,"Adventure, RPG","Clover Studio, Capcom",10.35,0.36352620418055137,High (4+),274,0.0,0.0,0.0,0.0,0.0,,,
Metroid: Samus Returns,2017-09-15,3.6,674.0,674.0,3900.0,149.0,1400.0,686.0,2017,9,Adventure,MercurySteam,"Adventure, Platform","MercurySteam, Nintendo",7.372,0.17585234555242246,Medium (3-4),275,0.0,0.0,0.0,0.0,0.0,,,
Life is Strange: True Colors,2021-09-10,3.6,566.0,566.0,2300.0,126.0,852.0,1100.0,2021,9,Adventure,Deck Nine,Adventure,"Deck Nine, Square Enix",5.778,0.4780530204259018,Medium (3-4),276,0.0,0.0,0.0,0.0,0.0,,,
Pokémon Black Version 2,2012-06-23,4.2,776.0,776.0,7600.0,130.0,1100.0,449.0,2012,6,Adventure,Game Freak,"Adventure, RPG, Turn Based Strategy","Game Freak, Nintendo",10.148,0.059071174845415075,High (4+),277,0.0,0.0,0.0,0.0,0.0,,,
Needy Streamer Overload,2022-01-21,3.5,216.0,216.0,1200.0,105.0,529.0,567.0,2022,1,Adventure,Nintendo,"Adventure, Indie, Point-and-Click, RPG, Simulator, Visual Novel","Nintendo, WSS playground",3.1275,0.47210657785179017,Medium (3-4),278,0.0,0.0,0.0,0.0,0.0,,,
Borderlands,2009-10-20,3.1,484.0,484.0,9100.0,98.0,1200.0,450.0,2009,10,RPG,2K Games,"RPG, Shooter","2K Games, Gearbox Software",11.8,0.049445115921327325,Medium (3-4),279,3.6,1.49,0.03,0.62,5.7299999999999995,Take-Two Interactive,Shooter,"PC, PS3, Xbox 360"
Hollow Knight: Voidheart Edition,2018-09-25,4.5,462.0,462.0,3900.0,295.0,1300.0,363.0,2018,9,Adventure,Team Cherry,"Adventure, Indie, Platform",Team Cherry,6.576,0.09305306331709819,High (4+),280,0.0,0.0,0.0,0.0,0.0,,,
Klonoa: Door to Phantomile,1997-12-11,4.1,648.0,648.0,2200.0,63.0,877.0,590.0,1997,12,Platform,Namco,Platform,Namco,4.6955,0.2680599727396638,High (4+),281,0.0,0.0,0.17,0.01,0.18,Sony Computer Entertainment,Platform,PS1
Shadow of the Tomb Raider,2018-09-14,3.3,522.0,522.0,4800.0,161.0,2800.0,701.0,2018,9,Adventure,Eidos Montréal,"Adventure, Shooter","Eidos Montréal, Square Enix",10.402,0.14601124765673817,Medium (3-4),282,0.0,0.0,0.0,0.0,0.0,,,
Mario & Luigi: Bowser's Inside Story,2009-09-14,4.2,837.0,837.0,6600.0,95.0,1500.0,629.0,2009,9,Platform,Nintendo,"Platform, RPG","Nintendo, AlphaDream",10.108,0.09528859263747917,High (4+),283,2.26,0.48,0.81,0.27,3.83,Nintendo,Role-Playing,Nintendo DS
Ghostrunner,2020-10-27,3.5,486.0,486.0,3300.0,170.0,1700.0,783.0,2020,10,Adventure,One More Level,"Adventure, Platform, Shooter","One More Level, All In! Games",7.416,0.23720084822780976,Medium (3-4),284,0.0,0.0,0.0,0.0,0.0,,,
Watch Dogs 2,2016-11-15,3.3,554.0,554.0,6600.0,125.0,1900.0,453.0,2016,11,Adventure,Ubisoft Montreal,"Adventure, Shooter","Ubisoft Montreal, Ubisoft Entertainment",10.356,0.06862596576276321,Medium (3-4),285,0.0,0.0,0.0,0.0,0.0,,,
Mass Effect 3,2012-03-06,3.7,777.0,777.0,7300.0,79.0,1500.0,482.0,2012,3,Adventure,BioWare Edmonton,"Adventure, RPG, Shooter","BioWare Edmonton, Electronic Arts",10.514,0.06601835365018491,Medium (3-4),286,3.11,2.0,0.06,0.6,5.779999999999999,Electronic Arts,Role-Playing,"PC, PS3, Wii U, Xbox 360"
Goat Simulator,2014-04-01,2.4,337.0,337.0,8400.0,22.0,492.0,125.0,2014,4,Adventure,Coffee Stain Studios,"Adventure, Indie, Simulator",Coffee Stain Studios,9.388,0.014879181049875016,Low (<3),287,0.0,0.01,0.0,0.0,0.01,Koch Media,Simulation,Xbox One
The Elder Scrolls V: Skyrim - Special Edition,2016-10-27,4.0,439.0,439.0,6500.0,374.0,1300.0,319.0,2016,10,Adventure,Bethesda Game Studios,"Adventure, RPG","Bethesda Game Studios, Bethesda Softworks",9.088,0.049069373942470386,Medium (3-4),288,0.0,0.0,0.0,0.0,0.0,,,
Far Cry 5,2018-03-26,3.0,558.0,558.0,6600.0,169.0,1200.0,470.0,2018,3,Adventure,Ubisoft Entertainment,"Adventure, Shooter","Ubisoft Entertainment, Ubisoft Montreal",9.34,0.07120133313134373,Low (<3),289,0.0,0.0,0.0,0.0,0.0,,,
Call of Duty: Modern Warfare 3,2011-11-08,3.2,587.0,587.0,10000.0,27.0,492.0,195.0,2011,11,Adventure,Sledgehammer Games,"Adventure, Shooter, Tactical","Sledgehammer Games, Activision",11.128,0.019498050194980503,Medium (3-4),290,15.58,11.290000000000001,0.62,3.35,30.830000000000002,Activision,Shooter,"PC, PS3, Wii, Xbox 360"
Friday Night Funkin',2020-11-01,2.8,203.0,203.0,4500.0,67.0,230.0,171.0,2020,11,Music,ninja_muffin99,Music,ninja_muffin99,5.187,0.037991557431681845,Low (<3),291,0.0,0.0,0.0,0.0,0.0,,,
Osu!,2007-09-16,3.1,187.0,187.0,7300.0,426.0,234.0,90.0,2007,9,Indie,"Dean ""ppy"" Herbert","Indie, Music","Dean ""ppy"" Herbert",7.831,0.01232707848239967,Medium (3-4),292,0.0,0.0,0.0,0.0,0.0,,,
The Legend of Zelda: Twilight Princess,2006-11-19,4.1,642.0,642.0,6000.0,82.0,1100.0,466.0,2006,11,Adventure,Nintendo,"Adventure, RPG","Nintendo, Nintendo EAD Software Development Group No.3",8.582,0.07765372437927012,High (4+),293,4.98,2.55,0.64,0.74,8.9,Nintendo,Action,"GameCube, Wii"
Bloodborne: The Old Hunters,2015-11-24,4.6,266.0,266.0,4400.0,68.0,930.0,616.0,2015,11,Adventure,FromSoftware,"Adventure, RPG","FromSoftware, Sony Computer Entertainment",7.027,0.13996818904794364,High (4+),294,0.0,0.0,0.0,0.0,0.0,,,
Fire Emblem Warriors: Three Hopes,2022-06-24,3.6,360.0,360.0,1100.0,305.0,761.0,576.0,2022,6,Brawler,Nintendo,"Brawler, RPG, Simulator, Strategy, Tactical","Nintendo, Omega Force",3.3935,0.5231607629427792,Medium (3-4),295,0.0,0.0,0.0,0.0,0.0,,,
Super Smash Bros. for Nintendo 3DS,2014-09-13,3.3,545.0,545.0,10000.0,23.0,273.0,96.0,2014,9,Fighting,Nintendo,Fighting,"Nintendo, Sora",10.6015,0.009599040095990401,Medium (3-4),296,0.0,0.0,0.0,0.0,0.0,,,
The Legend of Heroes: Trails to Azure,2011-09-29,4.5,519.0,519.0,1400.0,72.0,714.0,701.0,2011,9,Adventure,Nihon Falcom,"Adventure, RPG, Strategy, Turn Based Strategy",Nihon Falcom,3.873,0.5003568879371877,High (4+),297,0.0,0.0,0.0,0.0,0.0,,,
Super Mario RPG: Legend of the Seven Stars,1996-03-09,4.0,832.0,832.0,4400.0,133.0,2300.0,858.0,1996,3,Adventure,Square,"Adventure, Platform, RPG","Square, Nintendo",9.566,0.19495569188820722,Medium (3-4),298,0.66,0.0,1.45,0.03,2.14,Nintendo,Role-Playing,SNES
Astral Chain,2019-08-30,3.6,568.0,568.0,3600.0,210.0,2300.0,1400.0,2019,8,Adventure,PlatinumGames,"Adventure, Brawler","PlatinumGames, Nintendo",9.85,0.38878089419605666,Medium (3-4),299,0.0,0.0,0.0,0.0,0.0,,,
DmC: Devil May Cry,2013-01-15,3.0,432.0,432.0,6300.0,62.0,1200.0,448.0,2013,1,Adventure,Ninja Theory,"Adventure, Brawler","Ninja Theory, Capcom",8.996,0.07109982542453579,Low (<3),300,0.7,0.5800000000000001,0.2,0.22,1.69,Capcom,Action,"PS3, PS4, Xbox 360, Xbox One"
Dragon Age: Origins,2009-11-03,4.0,712.0,712.0,6100.0,148.0,1700.0,534.0,2009,11,RPG,Electronic Arts,RPG,"Electronic Arts, BioWare",9.718,0.08752663497787248,Medium (3-4),301,2.7199999999999998,1.46,0.11,0.5,4.77,Electronic Arts,Role-Playing,"PC, PS3, Xbox 360"
Vagrant Story,2000-02-10,4.0,503.0,503.0,1000.0,59.0,1600.0,889.0,2000,2,Adventure,Square,"Adventure, RPG","Square, (Archive) Square Product Development Division 4",5.178,0.8881118881118881,Medium (3-4),302,0.3,0.2,0.3,0.06,0.87,Crave Entertainment,Role-Playing,PS1
Amnesia: The Dark Descent,2010-09-08,3.5,525.0,525.0,4700.0,86.0,1800.0,407.0,2010,9,Adventure,Frictional Games,"Adventure, Indie, Puzzle",Frictional Games,8.214,0.08657732397362264,Medium (3-4),303,0.0,0.0,0.0,0.0,0.0,,,
Monster Hunter Rise: Sunbreak,2022-06-29,4.3,217.0,217.0,1100.0,267.0,327.0,242.0,2022,6,Brawler,Capcom,"Brawler, RPG",Capcom,2.0745,0.2198001816530427,High (4+),304,0.0,0.0,0.0,0.0,0.0,,,
Super Mario Maker 2,2019-06-28,3.7,689.0,689.0,6600.0,114.0,623.0,459.0,2019,6,Platform,Nintendo EPD,Platform,"Nintendo EPD, Nintendo",8.4525,0.06953491895167399,Medium (3-4),305,0.0,0.0,0.0,0.0,0.0,,,
Fire Emblem: The Blazing Blade,2003-04-25,3.7,609.0,609.0,3900.0,158.0,1200.0,401.0,2003,4,RPG,"Intelligent Systems Co., Ltd.","RPG, Strategy, Tactical","Intelligent Systems Co., Ltd., Nintendo",6.502,0.1027941553447834,Medium (3-4),306,0.0,0.0,0.0,0.0,0.0,,,
LEGO Marvel Super Heroes,2013-09-30,3.6,522.0,522.0,6000.0,65.0,592.0,126.0,2013,9,Adventure,WB Games,"Adventure, Brawler, Puzzle","WB Games, Traveller's Tales",7.14,0.020996500583236127,Medium (3-4),307,4.41,4.14,0.08,1.23,9.86,Warner Bros. Interactive Entertainment,Action,"Nintendo 3DS, Nintendo DS, PC, PS Vita, PS3, PS4, Wii U, Xbox 360, Xbox One"
Sonic Colors,2010-11-11,3.4,609.0,609.0,5100.0,44.0,690.0,342.0,2010,11,Adventure,SEGA of America,"Adventure, Platform","SEGA of America, Sonic Team",6.819,0.0670456773181729,Medium (3-4),308,1.7,1.1099999999999999,0.02,0.29000000000000004,3.1100000000000003,Sega,Platform,"Nintendo DS, Wii"
Pokémon Moon,2016-11-18,3.3,648.0,648.0,7900.0,75.0,653.0,234.0,2016,11,Adventure,The Pokémon Company,"Adventure, RPG, Strategy, Turn Based Strategy","The Pokémon Company, Game Freak",9.3475,0.029616504239969622,Medium (3-4),309,0.0,0.0,0.0,0.0,0.0,,,
Zelda II: The Adventure of Link,1987-01-14,2.6,756.0,756.0,4500.0,55.0,1100.0,290.0,1987,1,Adventure,Nintendo,"Adventure, RPG","Nintendo, Nintendo EAD",6.73,0.06443012663852478,Low (<3),310,2.19,0.5,1.61,0.08,4.38,Nintendo,Adventure,NES
Battlefield 4,2013-10-29,3.5,431.0,431.0,7100.0,72.0,506.0,124.0,2013,10,Shooter,EA Digital Illusions CE,Shooter,"EA Digital Illusions CE, Electronic Arts",8.107,0.01746232924940149,Medium (3-4),311,6.41,5.57,0.46,1.6,14.03,Electronic Arts,Shooter,"PC, PS3, PS4, Xbox 360, Xbox One"
Dragon Ball Z: Budokai Tenkaichi 3,2007-10-04,3.9,435.0,435.0,6600.0,32.0,278.0,135.0,2007,10,Fighting,Namco Bandai Games,Fighting,"Namco Bandai Games, Spike",7.287,0.02045144675049235,Medium (3-4),312,1.48,0.37,1.02,1.1800000000000002,4.04,Atari,Fighting,"PS2, Wii"
WarioWare: Get It Together!,2021-09-09,3.5,399.0,399.0,2200.0,59.0,460.0,636.0,2021,9,Arcade,Intelligent Systems,Arcade,"Intelligent Systems, Nintendo",4.162,0.2889595638346206,Medium (3-4),313,0.0,0.0,0.0,0.0,0.0,,,
Beyond: Two Souls,2013-10-08,2.7,433.0,433.0,5400.0,52.0,1100.0,524.0,2013,10,Adventure,Quantic Dream,Adventure,"Quantic Dream, Sony Computer Entertainment",8.098,0.09701907054249213,Low (<3),314,0.52,0.88,0.06,0.34,1.79,Sony Computer Entertainment,Adventure,PS3
Digimon Survive,2022-07-28,3.4,167.0,167.0,454.0,148.0,525.0,602.0,2022,7,Adventure,Bandai Namco Entertainment,"Adventure, RPG, Simulator, Strategy, Turn Based Strategy","Bandai Namco Entertainment, Witchcraft Inc.",2.4455,1.323076923076923,Medium (3-4),315,0.0,0.0,0.0,0.0,0.0,,,
Spiritfarer,2020-08-18,3.9,513.0,513.0,2300.0,352.0,1500.0,918.0,2020,8,Adventure,Thunder Lotus Games,"Adventure, Indie, Platform, Simulator",Thunder Lotus Games,6.386,0.39895697522816165,Medium (3-4),316,0.0,0.0,0.0,0.0,0.0,,,
Little Nightmares II,2021-02-10,4.0,569.0,569.0,2500.0,78.0,1200.0,1500.0,2021,2,Adventure,Tarsier Studios,"Adventure, Platform, Puzzle","Tarsier Studios, Bandai Namco Entertainment",7.3,0.5997600959616154,Medium (3-4),317,0.0,0.0,0.0,0.0,0.0,,,
The Evil Within 2,2017-10-12,3.7,541.0,541.0,2700.0,76.0,1400.0,634.0,2017,10,Adventure,Tango Gameworks,"Adventure, RPG, Shooter","Tango Gameworks, Bethesda Softworks",6.068,0.234727878563495,Medium (3-4),318,0.0,0.0,0.0,0.0,0.0,,,
Bloons TD 6,2018-06-14,3.8,241.0,241.0,4100.0,331.0,343.0,73.0,2018,6,Strategy,Ninja Kiwi,"Strategy, Tactical",Ninja Kiwi,4.7605,0.017800536454523286,Medium (3-4),319,0.0,0.0,0.0,0.0,0.0,,,
Sayonara Wild Hearts,2019-09-19,3.9,725.0,725.0,3100.0,37.0,721.0,789.0,2019,9,Adventure,Simogo,"Adventure, Arcade, Indie, Music","Simogo, Annapurna Interactive",5.7595,0.254434053531119,Medium (3-4),320,0.0,0.0,0.0,0.0,0.0,,,
Metro 2033 Redux,2014-08-26,3.6,363.0,363.0,3900.0,108.0,1600.0,260.0,2014,8,Adventure,Koch Media,"Adventure, RPG, Shooter","Koch Media, 4A Games",6.82,0.06664957703153038,Medium (3-4),321,0.0,0.0,0.0,0.0,0.0,,,
Melty Blood: Type Lumina,2021-09-29,3.6,194.0,194.0,1800.0,159.0,301.0,473.0,2021,9,Fighting,Delightworks,"Fighting, Visual Novel","Delightworks, French Bread",3.1975,0.2626318711826763,Medium (3-4),322,0.0,0.0,0.0,0.0,0.0,,,
Vampire Survivors,2021-12-17,3.7,836.0,836.0,6100.0,944.0,687.0,409.0,2021,12,Arcade,Poncle,"Arcade, Indie, RPG",Poncle,7.9485,0.06703819046058024,Medium (3-4),323,0.0,0.0,0.0,0.0,0.0,,,
Psychonauts,2005-04-19,4.0,1200.0,1200.0,7100.0,388.0,4200.0,1200.0,2005,4,Adventure,Double Fine Productions,"Adventure, Platform","Double Fine Productions, Majesco Entertainment",15.8,0.16899028305872413,Medium (3-4),324,0.14,0.07,0.0,0.01,0.21,THQ,Platform,"PS2, Xbox"
Fallout 4,2015-11-09,3.1,1000.0,1000.0,16000.0,407.0,2900.0,752.0,2015,11,RPG,Bethesda Game Studios,"RPG, Shooter","Bethesda Game Studios, Bethesda Softworks",21.854,0.04699706268358227,Medium (3-4),325,5.42,5.04,0.25,1.57,12.28,Bethesda Softworks,Role-Playing,"PC, PS4, Xbox One"
Uncharted 4: A Thief's End,2016-05-10,4.1,1800.0,1800.0,14000.0,177.0,2700.0,1200.0,2016,5,Adventure,Naughty Dog,"Adventure, Shooter","Naughty Dog, Sony Interactive Entertainment",20.45,0.08570816370259267,High (4+),326,1.3,2.07,0.18,0.65,4.2,Sony Computer Entertainment,Shooter,PS4
The Legend of Zelda: A Link to the Past,1991-11-21,4.1,1700.0,1700.0,13000.0,360.0,3200.0,911.0,1991,11,Adventure,Nintendo EAD,"Adventure, Puzzle, RPG","Nintendo EAD, St. GIGA",19.622,0.07007153295900316,High (4+),327,4.17,1.4300000000000002,1.48,0.23,7.3100000000000005,Nintendo,Action,"Game Boy Advance, SNES"
Silent Hill,1999-02-23,4.1,1300.0,1300.0,6800.0,272.0,2300.0,1600.0,1999,2,Adventure,Konami,"Adventure, Puzzle","Konami, Team Silent",13.45,0.23525952065872666,High (4+),328,0.71,0.48,0.3,0.1,1.6,Konami Digital Entertainment,Action,PS1
Super Smash Bros. Brawl,2008-01-31,3.8,1300.0,1300.0,19000.0,51.0,511.0,250.0,2008,1,Fighting,Nintendo,"Fighting, Platform","Nintendo, Sora",20.2665,0.013157202252513026,Medium (3-4),329,6.75,2.61,2.66,1.02,13.04,Nintendo,Fighting,Wii
Borderlands 2,2012-09-18,3.5,1100.0,1100.0,16000.0,344.0,2700.0,494.0,2012,9,RPG,Gearbox Software,"RPG, Shooter","Gearbox Software, 2K Games",21.038,0.03087307043309793,Medium (3-4),330,3.79,2.3,0.15000000000000002,0.8999999999999999,7.109999999999999,Take-Two Interactive,Shooter,"PC, PS Vita, PS3, Xbox 360"
No More Heroes,2007-12-06,4.0,1200.0,1200.0,5600.0,280.0,2600.0,1800.0,2007,12,Adventure,Grasshopper Manufacture,"Adventure, Brawler",Grasshopper Manufacture,13.1,0.32137118371719336,Medium (3-4),331,0.3,0.17,0.04,0.05,0.57,Rising Star Games,Action,Wii
Ghost of Tsushima,2020-07-17,4.1,1400.0,1400.0,8500.0,688.0,3500.0,3100.0,2020,7,Adventure,Sucker Punch Productions,"Adventure, Brawler, RPG","Sucker Punch Productions, Sony Interactive Entertainment",19.95,0.3646629808257852,High (4+),332,0.0,0.0,0.0,0.0,0.0,,,
Sonic the Hedgehog 3 & Knuckles,1994-10-18,4.2,839.0,839.0,6000.0,40.0,656.0,269.0,1994,10,Platform,Sega Technical Institute,Platform,"Sega Technical Institute, Sega",7.522,0.044825862356273956,High (4+),333,0.0,0.0,0.0,0.0,0.0,,,
Full Metal Daemon Muramasa,2009-10-30,4.3,229.0,229.0,496.0,96.0,567.0,592.0,2009,10,Adventure,Nitroplus,"Adventure, Visual Novel","Nitroplus, JAST USA",2.5305,1.1911468812877264,High (4+),334,0.0,0.0,0.0,0.0,0.0,,,
Soma,2015-09-21,4.0,764.0,764.0,3900.0,122.0,2200.0,837.0,2015,9,Adventure,Frictional Games,"Adventure, Indie",Frictional Games,8.874,0.21456036913611895,Medium (3-4),335,0.0,0.0,0.0,0.0,0.0,,,
The Binding of Isaac: Rebirth,2014-11-04,4.0,492.0,492.0,8200.0,334.0,1100.0,636.0,2014,11,Adventure,"Nicalis, Inc.","Adventure, Arcade, Indie, RPG, Shooter","Nicalis, Inc.",11.122,0.07755151810754786,Medium (3-4),336,0.0,0.0,0.0,0.0,0.0,,,
Luigi's Mansion 3,2019-10-31,3.8,800.0,800.0,5600.0,313.0,2200.0,1300.0,2019,10,Adventure,Nintendo,Adventure,"Nintendo, Next Level Games",11.5,0.23210141046241742,Medium (3-4),337,0.0,0.0,0.0,0.0,0.0,,,
Katamari Damacy Reroll,2018-12-06,4.1,576.0,576.0,4300.0,199.0,1300.0,513.0,2018,12,Adventure,MONKEYCRAFT Co. Ltd,"Adventure, Puzzle","MONKEYCRAFT Co. Ltd, Bandai Namco Entertainment",7.276,0.11927458730527785,High (4+),338,0.0,0.0,0.0,0.0,0.0,,,
Mario Kart 7,2011-12-02,3.5,593.0,593.0,10000.0,59.0,336.0,141.0,2011,12,Racing,Nintendo,Racing,Nintendo,10.786,0.014098590140985901,Medium (3-4),339,4.74,3.91,2.67,0.89,12.21,Nintendo,Racing,Nintendo 3DS
Castle Crashers,2008-08-27,3.6,487.0,487.0,9400.0,94.0,936.0,227.0,2008,8,Adventure,The Behemoth,"Adventure, Brawler, Indie, RPG",The Behemoth,11.258,0.024146367407722583,Medium (3-4),340,0.0,0.0,0.0,0.0,0.0,,,
Rain World,2017-03-28,4.1,411.0,411.0,1100.0,170.0,1400.0,987.0,2017,3,Adventure,Videocult,"Adventure, Indie, Platform, RPG","Videocult, Adult Swim Games",5.174,0.896457765667575,High (4+),341,0.0,0.0,0.0,0.0,0.0,,,
Mario Party Superstars,2021-10-28,3.7,517.0,517.0,3800.0,128.0,329.0,453.0,2021,10,Card & Board Game,Nintendo,Card & Board Game,Nintendo,5.1995,0.11917916337805841,Medium (3-4),342,0.0,0.0,0.0,0.0,0.0,,,
Bully,2006-10-17,3.9,635.0,635.0,6700.0,80.0,1300.0,768.0,2006,10,Adventure,Rockstar Vancouver,Adventure,"Rockstar Vancouver, Take-Two Interactive",10.186,0.11460975973735263,Medium (3-4),343,0.75,0.03,0.04,0.12,0.94,Take-Two Interactive,Action,PS2
Mario Kart 64,1996-12-14,3.5,725.0,725.0,9700.0,21.0,389.0,194.0,1996,12,Racing,Nintendo,Racing,Nintendo,10.6715,0.019997938356870425,Medium (3-4),344,5.55,1.94,2.23,0.15,9.87,Nintendo,Racing,Nintendo 64
Octopath Traveler II,2023-02-24,4.4,253.0,253.0,258.0,271.0,543.0,895.0,2023,2,RPG,Square Enix,"RPG, Turn Based Strategy",Square Enix,2.8625,3.4555984555984556,High (4+),345,0.0,0.0,0.0,0.0,0.0,,,
Norco,2022-03-24,3.9,386.0,386.0,809.0,88.0,651.0,561.0,2022,3,Adventure,Geography of Robots,"Adventure, Indie, Point-and-Click, Puzzle","Geography of Robots, Raw Fury",2.9075,0.6925925925925925,Medium (3-4),346,0.0,0.0,0.0,0.0,0.0,,,
Resident Evil,2002-03-22,4.3,1000.0,1000.0,4000.0,93.0,1100.0,470.0,2002,3,Adventure,Capcom,"Adventure, Puzzle","Capcom, Capcom Production Studio 4",6.59,0.11747063234191452,High (4+),347,2.05,1.16,1.4000000000000001,0.73,5.34,Virgin Interactive,Action,"PS1, PS3, Sega Saturn"
Assassin's Creed Odyssey,2018-10-05,3.4,772.0,772.0,6800.0,435.0,2000.0,746.0,2018,10,Adventure,Ubisoft Entertainment,"Adventure, RPG","Ubisoft Entertainment, Ubisoft Québec",11.292,0.1096897515071313,Medium (3-4),348,0.0,0.0,0.0,0.0,0.0,,,
Transistor,2014-05-20,3.8,784.0,784.0,5600.0,172.0,2900.0,692.0,2014,5,Adventure,Supergiant Games,"Adventure, Indie, RPG, Strategy, Turn Based Strategy",Supergiant Games,11.334,0.12354936618460989,Medium (3-4),349,0.0,0.0,0.0,0.0,0.0,,,
The Evil Within,2014-10-14,3.4,629.0,629.0,4800.0,140.0,1800.0,822.0,2014,10,Adventure,Tango Gameworks,"Adventure, Shooter","Tango Gameworks, Bethesda Softworks",9.144,0.1712143303478442,Medium (3-4),350,1.5,1.84,0.24,0.56,4.15,Bethesda Softworks,Action,"PC, PS3, PS4, Xbox 360, Xbox One"
Metal: Hellsinger,2022-09-15,3.7,322.0,322.0,1200.0,97.0,419.0,424.0,2022,9,Adventure,Level Infinite,"Adventure, Music, Shooter","Level Infinite, The Outsiders",2.6765,0.3530391340549542,Medium (3-4),351,0.0,0.0,0.0,0.0,0.0,,,
Halo: The Master Chief Collection,2014-11-11,4.2,356.0,356.0,5100.0,362.0,1300.0,463.0,2014,11,Shooter,343 Industries,Shooter,"343 Industries, Xbox Game Studios",7.976,0.09076651636933934,High (4+),352,1.89,0.99,0.03,0.24,3.15,Microsoft Game Studios,Shooter,Xbox One
Pokémon Crystal,2000-12-14,3.9,716.0,716.0,7200.0,137.0,721.0,236.0,2000,12,Adventure,Game Freak,"Adventure, RPG","Game Freak, Nintendo",8.7535,0.03277322594084155,Medium (3-4),353,0.0,0.0,0.0,0.0,0.0,,,
Uncharted: The Lost Legacy,2017-08-22,3.8,758.0,758.0,4700.0,51.0,1300.0,754.0,2017,8,Adventure,Naughty Dog,"Adventure, Shooter","Naughty Dog, Sony Interactive Entertainment",8.158,0.16039140608381194,Medium (3-4),354,0.0,0.0,0.0,0.0,0.0,,,
Resident Evil 3: Nemesis,1999-09-22,3.8,849.0,849.0,4300.0,56.0,953.0,496.0,1999,9,Adventure,Capcom,"Adventure, Shooter","Capcom, Capcom Planning Room 2",6.7215,0.11532201813531737,Medium (3-4),355,1.36,0.79,1.54,0.11,3.8000000000000003,Eidos Interactive,Action,"GameCube, PS1"
Sea of Thieves,2018-03-20,3.3,354.0,354.0,5300.0,270.0,536.0,407.0,2018,3,Adventure,Rare,"Adventure, Simulator","Rare, Xbox Game Studios",6.918,0.07677796642142992,Medium (3-4),356,0.0,0.0,0.0,0.0,0.0,,,
F.E.A.R.,2005-10-17,3.8,564.0,564.0,3600.0,65.0,1000.0,505.0,2005,10,Shooter,Monolith Productions,Shooter,"Monolith Productions, Vivendi Universal",6.11,0.14023882254929187,Medium (3-4),357,0.46,0.30000000000000004,0.0,0.13,0.8900000000000001,Vivendi Games,Shooter,"PS3, Xbox 360"
Mafia: Definitive Edition,2020-09-24,3.7,420.0,420.0,2700.0,101.0,917.0,540.0,2020,9,Adventure,2K Games,"Adventure, Shooter","2K Games, Hangar 13",5.1555,0.1999259533506109,Medium (3-4),358,0.0,0.0,0.0,0.0,0.0,,,
NieR,2010-04-22,4.2,743.0,743.0,2900.0,67.0,999.0,854.0,2010,4,Adventure,Square Enix,"Adventure, RPG, Shooter, Simulator, Strategy","Square Enix, Cavia",6.1065,0.2943812478455705,High (4+),359,0.30000000000000004,0.30000000000000004,0.24000000000000002,0.09000000000000001,0.9299999999999999,Square Enix,Role-Playing,"PS3, Xbox 360"
The Walking Dead: Season Two,2013-12-17,3.5,559.0,559.0,6700.0,35.0,718.0,262.0,2013,12,Adventure,Telltale Games,"Adventure, Point-and-Click, Puzzle","Telltale Games, Skybound Games",8.301,0.03909864199373228,Medium (3-4),360,0.41000000000000003,0.3,0.02,0.13,0.87,Telltale Games,Adventure,"PS Vita, PS3, PS4, Xbox 360, Xbox One"
Forspoken,2023-01-24,2.3,211.0,211.0,252.0,32.0,247.0,847.0,2023,1,Adventure,Square Enix,"Adventure, RPG","Square Enix, Luminous Productions",2.3165,3.347826086956522,Low (<3),361,0.0,0.0,0.0,0.0,0.0,,,
Max Payne 2: The Fall of Max Payne,2003-10-14,4.1,553.0,553.0,4100.0,37.0,1100.0,464.0,2003,10,Shooter,Remedy Entertainment,Shooter,"Remedy Entertainment, Rockstar Games",6.678,0.11314313582053158,High (4+),362,1.12,0.68,0.0,0.19,2.0100000000000002,Take-Two Interactive,Shooter,"PC, PS2, Xbox"
Shin Megami Tensei: Devil Summoner - Soul Hackers,1997-11-13,3.8,470.0,470.0,1200.0,153.0,1600.0,651.0,1997,11,Adventure,Atlus,"Adventure, RPG","Atlus, NIS America",4.902,0.5420482930890924,Medium (3-4),363,0.13,0.02,0.5900000000000001,0.02,0.76,Atlus,Role-Playing,"Nintendo 3DS, PS1, Sega Saturn"
Dusk,2018-12-10,4.0,487.0,487.0,2500.0,154.0,963.0,625.0,2018,12,Adventure,David Szymanski,"Adventure, Indie, Shooter","David Szymanski, New Blood Interactive",5.1945,0.2499000399840064,Medium (3-4),364,0.0,0.0,0.0,0.0,0.0,,,
The Elder Scrolls III: Morrowind,2002-05-01,4.0,549.0,549.0,3700.0,150.0,1700.0,487.0,2002,5,Adventure,Bethesda Game Studios,"Adventure, RPG","Bethesda Game Studios, ZeniMax Media",7.224,0.13158605782221022,Medium (3-4),365,2.09,0.63,0.03,0.11,2.86,Ubisoft,Role-Playing,Xbox
Rollerdrome,2022-08-16,3.7,260.0,260.0,431.0,57.0,351.0,492.0,2022,8,Adventure,Roll7,"Adventure, Indie, Shooter, Sport","Roll7, Private Division",1.9415,1.1388888888888888,Medium (3-4),366,0.0,0.0,0.0,0.0,0.0,,,
Final Fantasy XVI,2023-06-22,3.7,422.0,422.0,37.0,10.0,732.0,2400.0,2023,6,RPG,Square Enix,RPG,"Square Enix, Square Enix Creative Business Unit III",5.935,63.1578947368421,Medium (3-4),367,0.0,0.0,0.0,0.0,0.0,,,
Pokémon Sun,2016-11-18,3.3,600.0,600.0,7600.0,74.0,596.0,230.0,2016,11,Adventure,The Pokémon Company,"Adventure, RPG, Strategy, Turn Based Strategy","The Pokémon Company, Game Freak",8.954,0.030259176424154717,Medium (3-4),368,0.0,0.0,0.0,0.0,0.0,,,
Yu-Gi-Oh! Master Duel,2022-01-18,3.2,170.0,170.0,2100.0,235.0,147.0,33.0,2022,1,Card & Board Game,Konami,"Card & Board Game, Simulator, Strategy",Konami,2.3865,0.015706806282722512,Medium (3-4),369,0.0,0.0,0.0,0.0,0.0,,,
Injustice: Gods Among Us,2013-04-16,3.0,364.0,364.0,7100.0,17.0,502.0,112.0,2013,4,Adventure,NetherRealm Studios,"Adventure, Fighting","NetherRealm Studios, WB Games",8.077,0.015772426418814253,Low (<3),370,2.12,1.25,0.01,0.5,3.87,Warner Bros. Interactive Entertainment,Fighting,"PS Vita, PS3, PS4, Wii U, Xbox 360"
Pac-Man,1980-05-22,3.4,427.0,427.0,5200.0,7.0,108.0,31.0,1980,5,Arcade,Wiz,Arcade,"Wiz, Namco Networks America, Inc.",5.424,0.005960392232263027,Medium (3-4),371,7.550000000000001,0.53,0.85,0.1,9.03,Atari,Puzzle,"Atari 2600, NES"
Final Fantasy X/X-2 HD Remaster,2013-12-26,4.1,368.0,368.0,3200.0,281.0,2300.0,677.0,2013,12,RPG,Virtuos,"RPG, Strategy","Virtuos, Square Enix",8.004,0.21149640737269604,High (4+),372,0.29,0.25,0.06,0.11,0.71,Square Enix,Role-Playing,PS4
Mortal Kombat X,2015-04-13,3.3,430.0,430.0,7100.0,43.0,602.0,138.0,2015,4,Fighting,NetherRealm Studios,Fighting,"NetherRealm Studios, WB Games",8.279,0.019433882551753275,Medium (3-4),373,2.48,1.01,0.0,0.6,4.1000000000000005,Warner Bros. Interactive Entertainment,Fighting,"PC, PS4, Xbox One"
Shin Megami Tensei: Digital Devil Saga,2004-07-15,4.1,657.0,657.0,2000.0,200.0,1900.0,916.0,2004,7,RPG,Atlus,RPG,"Atlus, Ghostlight Ltd.",6.682,0.4577711144427786,High (4+),374,0.06,0.05,0.0,0.02,0.13,Ghostlight,Role-Playing,PS2
Star Wars: The Force Unleashed,2008-09-16,3.2,417.0,417.0,7400.0,50.0,823.0,350.0,2008,9,Adventure,THQ Wireless,"Adventure, Brawler, RPG","THQ Wireless, Aspyr Media",9.3345,0.047290906634238614,Medium (3-4),375,5.32,2.9699999999999998,0.01,1.9100000000000001,10.23,LucasArts,Action,"Nintendo DS, PS2, PS3, PSP, Wii, Xbox 360"
Shovel Knight: Treasure Trove,2019-12-09,4.3,445.0,445.0,3800.0,186.0,1300.0,574.0,2019,12,Adventure,Yacht Club Games,"Adventure, Indie, Platform","Yacht Club Games, Nintendo",6.898,0.15101289134438306,High (4+),376,0.0,0.0,0.0,0.0,0.0,,,
Ghost of Tsushima: Director's Cut,2021-08-20,4.2,345.0,345.0,1800.0,257.0,993.0,621.0,2021,8,Adventure,Sony Interactive Entertainment,"Adventure, RPG","Sony Interactive Entertainment, Sucker Punch Productions",4.5315,0.3448084397556913,High (4+),377,0.0,0.0,0.0,0.0,0.0,,,
Donkey Kong Country Returns,2010-11-21,3.9,521.0,521.0,5300.0,67.0,1100.0,443.0,2010,11,Adventure,Retro Studios,"Adventure, Platform","Retro Studios, Nintendo",7.836,0.08356913789850971,Medium (3-4),378,3.98,2.46,1.4300000000000002,0.59,8.46,Nintendo,Platform,"Nintendo 3DS, Wii"
Street Fighter III: 3rd Strike,1999-05-12,4.2,763.0,763.0,3700.0,71.0,281.0,202.0,1999,5,Arcade,Capcom,"Arcade, Fighting","Capcom, Virgin Interactive Entertainment",4.5255,0.054579843285598485,High (4+),379,0.0,0.0,0.0,0.0,0.0,,,
Return to Monkey Island,2022-09-19,4.0,237.0,237.0,538.0,71.0,388.0,409.0,2022,9,Adventure,Terrible Toybox,"Adventure, Point-and-Click, Puzzle","Terrible Toybox, Lucasfilm Games",1.938,0.7588126159554731,Medium (3-4),380,0.0,0.0,0.0,0.0,0.0,,,
Deus Ex: Human Revolution,2011-08-23,3.8,559.0,559.0,5800.0,65.0,1700.0,488.0,2011,8,RPG,Square Enix,"RPG, Shooter","Square Enix, Eidos Montréal",9.326,0.08412342699534563,Medium (3-4),381,1.57,1.38,0.09000000000000001,0.45,3.4899999999999998,Square Enix,Shooter,"PC, PS3, Wii U, Xbox 360"
Spyro Reignited Trilogy,2018-11-13,3.9,552.0,552.0,4500.0,282.0,2100.0,808.0,2018,11,Adventure,Toys for Bob,"Adventure, Platform","Toys for Bob, Activision",9.266,0.17951566318595868,Medium (3-4),382,0.0,0.0,0.0,0.0,0.0,,,
Chicory: A Colorful Tale,2021-06-10,4.1,521.0,521.0,984.0,126.0,905.0,983.0,2021,6,Adventure,Greg Lobanov,"Adventure, Indie, Puzzle, RPG","Greg Lobanov, Finji",4.3075,0.9979695431472081,High (4+),383,0.0,0.0,0.0,0.0,0.0,,,
Sin and Punishment,2000-11-21,4.0,459.0,459.0,1100.0,34.0,878.0,550.0,2000,11,Shooter,Treasure,Shooter,"Treasure, Nintendo",3.517,0.49954586739327883,Medium (3-4),384,0.0,0.0,0.13,0.0,0.13,Nintendo,Shooter,Nintendo 64
Outer Wilds: Echoes of the Eye,2021-09-28,4.5,238.0,238.0,1600.0,121.0,763.0,559.0,2021,9,Adventure,Mobius Digital,"Adventure, Indie, Puzzle, Simulator, Strategy","Mobius Digital, Annapurna Interactive",3.8625,0.34915677701436604,High (4+),385,0.0,0.0,0.0,0.0,0.0,,,
New Super Mario Bros. 2,2012-07-28,2.9,581.0,581.0,6100.0,47.0,588.0,234.0,2012,7,Adventure,Nintendo,"Adventure, Platform","Nintendo, Nintendo EAD",7.45,0.03835436813637109,Low (<3),386,3.66,3.07,2.47,0.63,9.82,Nintendo,Platform,Nintendo 3DS
Wolfenstein II: The New Colossus,2017-10-26,3.5,540.0,540.0,4700.0,86.0,1500.0,675.0,2017,10,Adventure,MachineGames,"Adventure, Shooter","MachineGames, Bethesda Softworks",8.3,0.14358647096362476,Medium (3-4),387,0.0,0.0,0.0,0.0,0.0,,,
PokÃ©mon Diamond,2006-09-28,3.6,581.0,581.0,9300.0,52.0,429.0,170.0,2006,9,Adventure,Nintendo,"Adventure, RPG, Turn Based Strategy","Nintendo, Game Freak",10.2835,0.01827760455864961,Medium (3-4),388,0.0,0.0,0.0,0.0,0.0,,,
Into the Breach,2018-02-27,3.9,535.0,535.0,3400.0,132.0,1700.0,567.0,2018,2,Card & Board Game,Subset Games,"Card & Board Game, Indie, Puzzle, RPG, Simulator, Strategy, Turn Based Strategy",Subset Games,7.084,0.1667156718612173,Medium (3-4),389,0.0,0.0,0.0,0.0,0.0,,,
Marvel Snap,2022-10-18,3.7,241.0,241.0,847.0,248.0,54.0,22.0,2022,10,Card & Board Game,Second Dinner,"Card & Board Game, Strategy","Second Dinner, nuverse",0.972,0.025943396226415096,Medium (3-4),390,0.0,0.0,0.0,0.0,0.0,,,
Nier: Automata - Game of the Yorha Edition,2019-02-21,4.4,315.0,315.0,2800.0,230.0,1100.0,532.0,2019,2,Adventure,Square Enix,"Adventure, RPG","Square Enix, PlatinumGames",5.514,0.18993216708318458,High (4+),391,0.0,0.0,0.0,0.0,0.0,,,
Five Nights at Freddy's 2,2014-11-10,3.0,270.0,270.0,5400.0,20.0,271.0,119.0,2014,11,Adventure,Clickteam,"Adventure, Indie, Point-and-Click, Simulator, Strategy","Clickteam, Scottgames",6.0445,0.02203295685984077,Low (<3),392,0.0,0.0,0.0,0.0,0.0,,,
Mortal Kombat 11,2019-04-22,3.4,490.0,490.0,5000.0,99.0,612.0,308.0,2019,4,Fighting,Warner Bros. Interactive Entertainment,Fighting,"Warner Bros. Interactive Entertainment, NetherRealm Studios",6.534,0.0615876824635073,Medium (3-4),393,0.0,0.0,0.0,0.0,0.0,,,
Witch on the Holy Night,2022-12-07,4.5,98.0,98.0,244.0,104.0,230.0,279.0,2022,12,Adventure,TYPE-MOON,"Adventure, Visual Novel","TYPE-MOON, Aniplex",1.147,1.1387755102040817,High (4+),394,0.0,0.0,0.0,0.0,0.0,,,
Dying Light 2: Stay Human,2022-02-03,3.1,290.0,290.0,1400.0,176.0,765.0,876.0,2022,2,Adventure,Techland,"Adventure, RPG","Techland, Techland Publishing",4.2995,0.6252676659528907,Medium (3-4),395,0.0,0.0,0.0,0.0,0.0,,,
Asura's Wrath,2012-02-21,3.7,432.0,432.0,2100.0,65.0,980.0,827.0,2012,2,Brawler,Capcom,Brawler,"Capcom, CyberConnect2",5.224,0.3936220847215612,Medium (3-4),396,0.32999999999999996,0.18,0.06999999999999999,0.07,0.6499999999999999,Capcom,Action,"PS3, Xbox 360"
Tales of Berseria,2016-08-18,3.7,555.0,555.0,3300.0,293.0,2400.0,657.0,2016,8,RPG,Bandai Namco Entertainment America,RPG,"Bandai Namco Entertainment America, Bandai Namco Studios",8.214,0.19903059678885188,Medium (3-4),397,0.0,0.0,0.33,0.0,0.33,Namco Bandai Games,Role-Playing,"PS3, PS4"
Ender Lilies: Quietus of the Knights,2021-06-21,3.8,275.0,275.0,1200.0,131.0,967.0,1000.0,2021,6,Adventure,Binary Haze Interactive,"Adventure, Indie, Platform, RPG","Binary Haze Interactive, Live Wire",4.6505,0.832639467110741,Medium (3-4),398,0.0,0.0,0.0,0.0,0.0,,,
Moon: Remix RPG Adventure,1997-10-16,4.4,572.0,572.0,663.0,100.0,1300.0,1000.0,1997,10,Adventure,ASCII Entertainment,"Adventure, Puzzle, RPG","ASCII Entertainment, Love-de-Lic",4.613,1.5060240963855422,High (4+),399,0.0,0.0,0.0,0.0,0.0,,,
Prince of Persia: The Sands of Time,2003-11-06,3.6,480.0,480.0,5500.0,37.0,1100.0,421.0,2003,11,Adventure,Ubisoft Entertainment,"Adventure, Platform","Ubisoft Entertainment, Ubisoft Montreal",7.992,0.0765315397200509,Medium (3-4),400,1.81,1.46,0.0,0.36,3.6300000000000003,Ubisoft,Action,"Game Boy Advance, GameCube, PS2, Xbox"
Assassin's Creed Syndicate,2015-10-23,3.0,562.0,562.0,5600.0,97.0,1500.0,417.0,2015,10,Adventure,Ubisoft Entertainment,Adventure,"Ubisoft Entertainment, Ubisoft Québec",8.684,0.07445099089448312,Low (<3),401,1.51,2.56,0.06,0.63,4.76,Ubisoft,Action,"PC, PS4, Xbox One"
Sunset Overdrive,2014-10-28,3.5,445.0,445.0,3600.0,92.0,1200.0,459.0,2014,10,Adventure,Insomniac Games,"Adventure, Platform, Shooter","Insomniac Games, Microsoft Studios",6.318,0.1274645931685643,Medium (3-4),402,0.62,0.4,0.0,0.08,1.11,Microsoft Game Studios,Shooter,Xbox One
Metal Gear Solid: Peace Walker,2010-04-29,3.5,498.0,498.0,4000.0,68.0,1300.0,566.0,2010,4,Shooter,Kojima Productions,"Shooter, Strategy","Kojima Productions, Konami",7.082,0.14146463384153962,Medium (3-4),403,0.46,0.42,0.96,0.25,2.09,Konami Digital Entertainment,Action,PSP
Code Vein,2019-09-26,3.0,325.0,325.0,3300.0,230.0,1600.0,625.0,2019,9,Adventure,Shift,"Adventure, RPG","Shift, Bandai Namco Entertainment",6.95,0.1893365646773705,Low (<3),404,0.0,0.0,0.0,0.0,0.0,,,
Mario Strikers: Battle League,2022-06-10,2.7,248.0,248.0,932.0,35.0,237.0,397.0,2022,6,Sport,Next Level Games,Sport,"Next Level Games, Nintendo",2.0815,0.4255091103965702,Low (<3),405,0.0,0.0,0.0,0.0,0.0,,,
Limbus Company,2023-02-27,3.9,24.0,24.0,104.0,95.0,55.0,61.0,2023,2,Adventure,Project Moon,"Adventure, RPG, Strategy",Project Moon,0.3085,0.580952380952381,Medium (3-4),406,0.0,0.0,0.0,0.0,0.0,,,
Resident Evil Village: Winters' Expansion,2022-10-28,3.3,107.0,107.0,477.0,11.0,145.0,115.0,2022,10,Shooter,Capcom,Shooter,Capcom,0.9245,0.2405857740585774,Medium (3-4),407,0.0,0.0,0.0,0.0,0.0,,,
Tony Hawk's Pro Skater 1+2,2020-09-04,4.1,498.0,498.0,2800.0,176.0,854.0,607.0,2020,9,Simulator,Activision,"Simulator, Sport","Activision, Vicarious Visions",5.295,0.21670831845769367,High (4+),408,0.0,0.0,0.0,0.0,0.0,,,
Need for Speed: Unbound,2022-11-29,3.5,84.0,84.0,294.0,74.0,150.0,209.0,2022,11,Racing,Criterion Games,Racing,"Criterion Games, Electronic Arts",0.937,0.7084745762711865,Medium (3-4),409,0.0,0.0,0.0,0.0,0.0,,,
Zero Escape: Zero Time Dilemma,2016-06-28,3.0,350.0,350.0,2900.0,64.0,1200.0,402.0,2016,6,Adventure,Aksys Games,"Adventure, Puzzle, RPG, Strategy, Visual Novel","Aksys Games, Spike ChunSoft",5.504,0.13857290589451912,Low (<3),410,0.07,0.0,0.03,0.02,0.12,Aksys Games,Adventure,"Nintendo 3DS, PS Vita"
Deus Ex: Mankind Divided,2016-08-23,3.5,387.0,387.0,3400.0,72.0,2000.0,458.0,2016,8,Adventure,Square Enix,"Adventure, RPG, Shooter",Square Enix,7.316,0.13466627462511027,Medium (3-4),411,0.18,0.26,0.0,0.060000000000000005,0.5,Square Enix,Role-Playing,"PC, PS4, Xbox One"
Guitar Hero III: Legends of Rock,2007-10-28,3.9,489.0,489.0,6900.0,21.0,174.0,78.0,2007,10,Music,Neversoft Entertainment,"Music, Simulator","Neversoft Entertainment, Activision",7.317,0.011302709752209825,Medium (3-4),412,11.15,2.5900000000000003,0.04,2.64,16.400000000000002,Activision,Misc,"PC, PS2, PS3, Wii, Xbox 360"
Sid Meier's Civilization VI,2016-10-20,3.7,343.0,343.0,4600.0,211.0,969.0,188.0,2016,10,Simulator,Firaxis Games,"Simulator, Strategy, Turn Based Strategy","Firaxis Games, 2K Games",6.4295,0.04086068246033471,Medium (3-4),413,0.0,0.0,0.0,0.0,0.0,,,
Nioh 2,2020-03-13,4.0,365.0,365.0,1400.0,150.0,1100.0,580.0,2020,3,Adventure,Koei Tecmo Games,"Adventure, Brawler, RPG","Koei Tecmo Games, Team NINJA",4.21,0.41399000713775874,Medium (3-4),414,0.0,0.0,0.0,0.0,0.0,,,
Gears of War,2006-11-07,3.5,522.0,522.0,5300.0,37.0,545.0,307.0,2006,11,Shooter,Microsoft Game Studios,Shooter,"Microsoft Game Studios, Epic Games",6.7315,0.05791360120731937,Medium (3-4),415,3.54,1.91,0.07,0.6,6.13,Microsoft Game Studios,Shooter,"PC, Xbox 360"
Final Fantasy Tactics,1997-06-20,4.2,506.0,506.0,2100.0,73.0,1600.0,681.0,1997,6,RPG,"Sony Computer Entertainment, Inc. (SCEI)","RPG, Strategy, Tactical, Turn Based Strategy","Sony Computer Entertainment, Inc. (SCEI), Square",5.862,0.32413136601618275,High (4+),416,0.93,0.12,1.34,0.06,2.45,SquareSoft,Role-Playing,PS1
Deltarune,,4.3,313.0,313.0,1300.0,83.0,468.0,617.0,,,Adventure,tobyfox,"Adventure, Indie, Music, Puzzle, RPG",tobyfox,3.236,0.47425057647963104,High (4+),417,0.0,0.0,0.0,0.0,0.0,,,
Tekken 3,1997-03-22,3.9,564.0,564.0,4200.0,13.0,253.0,183.0,1997,3,Fighting,Namco,Fighting,"Namco, Namco Hometek",4.9455,0.04356105689121638,Medium (3-4),418,3.27,2.22,1.4,0.29,7.16,Sony Computer Entertainment,Fighting,PS1
Far Cry 6,2021-10-07,2.7,298.0,298.0,1600.0,157.0,772.0,792.0,2021,10,Adventure,Ubisoft Toronto,"Adventure, Shooter","Ubisoft Toronto, Ubisoft Entertainment",4.342,0.4946908182386009,Low (<3),419,0.0,0.0,0.0,0.0,0.0,,,
Horizon Zero Dawn: Complete Edition,2017-12-06,3.8,327.0,327.0,2900.0,212.0,1300.0,333.0,2017,12,Adventure,Sony Interactive Entertainment,"Adventure, RPG, Shooter","Sony Interactive Entertainment, Guerrilla Games",5.516,0.11478800413650465,Medium (3-4),420,0.0,0.0,0.0,0.0,0.0,,,
Death Stranding 2,,3.7,105.0,105.0,3.0,0.0,209.0,644.0,,,Adventure,Kojima Productions,"Adventure, Shooter",Kojima Productions,1.6045,161.0,Medium (3-4),421,0.0,0.0,0.0,0.0,0.0,,,
Xenosaga Episode I: Der Wille zur Macht,2002-02-28,3.7,412.0,412.0,1200.0,103.0,1300.0,575.0,2002,2,Adventure,Monolith Soft,"Adventure, RPG","Monolith Soft, Namco",4.3,0.4787676935886761,Medium (3-4),422,0.63,0.49,0.45,0.17,1.74,Namco Bandai Games,Role-Playing,PS2
Everhood,2021-03-03,3.8,317.0,317.0,1400.0,76.0,734.0,445.0,2021,3,Adventure,Surefire.Games,"Adventure, Indie, Music, RPG","Surefire.Games, Chris Nordgren",3.391,0.3176302640970735,Medium (3-4),423,0.0,0.0,0.0,0.0,0.0,,,
Don't Starve Together,2016-04-21,3.4,227.0,227.0,5200.0,173.0,727.0,195.0,2016,4,Adventure,Klei Entertainment,"Adventure, Indie, Simulator, Strategy",Klei Entertainment,6.6805,0.03749278984810613,Medium (3-4),424,0.0,0.0,0.0,0.0,0.0,,,
South Park: The Fractured But Whole,2017-10-17,3.7,369.0,369.0,3500.0,79.0,1100.0,512.0,2017,10,Adventure,Ubisoft Entertainment,"Adventure, RPG, Strategy","Ubisoft Entertainment, Ubisoft San Francisco",6.174,0.14624393030562696,Medium (3-4),425,0.0,0.0,0.0,0.0,0.0,,,
God of War III: Remastered,2015-07-14,4.0,323.0,323.0,2700.0,40.0,665.0,241.0,2015,7,Adventure,Sony Computer Entertainment,"Adventure, Brawler","Sony Computer Entertainment, Red Kite Games",4.1795,0.08922621251388374,Medium (3-4),426,0.0,0.0,0.0,0.0,0.0,,,
Pokémon Ruby,2002-11-21,3.7,494.0,494.0,7000.0,33.0,304.0,127.0,2002,11,Adventure,Nintendo,"Adventure, RPG, Turn Based Strategy","Nintendo, Game Freak",7.71,0.01814026567633195,Medium (3-4),427,0.0,0.0,0.0,0.0,0.0,,,
Fire Emblem: The Sacred Stones,2004-10-07,3.7,503.0,503.0,3700.0,124.0,1200.0,395.0,2004,10,RPG,Nintendo,"RPG, Strategy, Tactical, Turn Based Strategy","Nintendo, Intelligent Systems Co., Ltd.",6.29,0.10672791137530398,Medium (3-4),428,0.42,0.16,0.3,0.02,0.89,Nintendo,Strategy,Game Boy Advance
Library of Ruina,2021-08-10,4.4,151.0,151.0,454.0,120.0,476.0,362.0,2021,8,Indie,Project Moon,"Indie, RPG, Simulator, Strategy, Turn Based Strategy",Project Moon,1.892,0.7956043956043956,High (4+),429,0.0,0.0,0.0,0.0,0.0,,,
Uncharted: The Nathan Drake Collection,2015-10-07,4.1,363.0,363.0,4300.0,137.0,1300.0,319.0,2015,10,Adventure,Naughty Dog,"Adventure, Platform, Shooter","Naughty Dog, Sony Computer Entertainment, Inc. (SCEI)",6.888,0.0741687979539642,High (4+),430,1.96,1.69,0.08,0.74,4.47,Sony Computer Entertainment,Action,PS4
Persona 3 Portable,2023-01-19,4.0,39.0,39.0,210.0,97.0,121.0,85.0,2023,1,Adventure,Sega,"Adventure, RPG, Strategy, Visual Novel","Sega, Atlus",0.5615,0.4028436018957346,Medium (3-4),431,0.0,0.0,0.0,0.0,0.0,,,
Pyre,2017-07-25,4.0,484.0,484.0,1800.0,74.0,1500.0,649.0,2017,7,Adventure,Supergiant Games,"Adventure, Indie, RPG, Visual Novel",Supergiant Games,5.348,0.3603553581343698,Medium (3-4),432,0.0,0.0,0.0,0.0,0.0,,,
Paladins,2017-05-02,2.6,167.0,167.0,5200.0,110.0,188.0,16.0,2017,5,Shooter,Hi-Rez Studios,"Shooter, Strategy",Hi-Rez Studios,5.514,0.0030763314747164006,Low (<3),433,0.0,0.0,0.0,0.0,0.0,,,
Dead Space 3,2013-02-05,2.6,309.0,309.0,3200.0,48.0,1000.0,388.0,2013,2,Adventure,Visceral Games,"Adventure, Shooter","Visceral Games, Electronic Arts",5.476,0.12121212121212122,Low (<3),434,1.0999999999999999,0.81,0.0,0.27,2.19,Electronic Arts,Action,"PC, PS3, Xbox 360"
Devil May Cry HD Collection,2012-03-22,3.9,230.0,230.0,2200.0,152.0,1100.0,371.0,2012,3,Brawler,Capcom,"Brawler, Platform","Capcom, Capcom Production Studio 4",4.592,0.16855974557019537,Medium (3-4),435,0.7,0.32,0.12,0.13,1.28,Capcom,Action,"PS3, Xbox 360"
Bayonetta Origins: Cereza and the Lost Demon,2023-03-17,4.0,116.0,116.0,48.0,40.0,117.0,329.0,2023,3,Adventure,PlatinumGames,"Adventure, Puzzle","PlatinumGames, Nintendo",0.8815,6.714285714285714,Medium (3-4),436,0.0,0.0,0.0,0.0,0.0,,,
Armored Core,1997-07-10,3.4,197.0,197.0,522.0,38.0,404.0,216.0,1997,7,Shooter,FromSoftware,"Shooter, Simulator","FromSoftware, Agetec",1.56,0.4130019120458891,Medium (3-4),437,0.13,0.09,0.16,0.03,0.41,Sony Computer Entertainment,Simulation,PS1
Persona 4 Arena Ultimax,2013-11-28,3.7,382.0,382.0,2900.0,135.0,809.0,604.0,2013,11,Fighting,Arc System Works,Fighting,"Arc System Works, Atlus",5.3215,0.20820406756290935,Medium (3-4),438,0.0,0.0,0.0,0.0,0.0,,,
Wanted: Dead,2023-02-14,2.6,81.0,81.0,100.0,15.0,94.0,212.0,2023,2,Adventure,Soleil,"Adventure, Brawler, Shooter","Soleil, 110 Industries",0.665,2.099009900990099,Low (<3),439,0.0,0.0,0.0,0.0,0.0,,,
Luigi's Mansion: Dark Moon,2013-03-20,3.3,377.0,377.0,4300.0,68.0,1100.0,418.0,2013,3,Adventure,Nintendo,Adventure,"Nintendo, Next Level Games",6.786,0.09718670076726342,Medium (3-4),440,1.78,1.39,1.1,0.3,4.58,Nintendo,Action,Nintendo 3DS
Gorogoa,2017-12-13,3.8,386.0,386.0,2000.0,31.0,471.0,382.0,2017,12,Adventure,Annapurna Interactive,"Adventure, Indie, Point-and-Click, Puzzle","Annapurna Interactive, Jason Roberts",3.4705,0.19090454772613694,Medium (3-4),441,0.0,0.0,0.0,0.0,0.0,,,
Valkyrie Elysium,2022-09-28,3.0,139.0,139.0,218.0,32.0,343.0,527.0,2022,9,Brawler,Square Enix,"Brawler, RPG","Square Enix, Soleil",1.7865,2.406392694063927,Low (<3),442,0.0,0.0,0.0,0.0,0.0,,,
Castlevania: Order of Ecclesia,2008-10-21,4.0,483.0,483.0,2000.0,75.0,963.0,540.0,2008,10,Adventure,Konami,"Adventure, Brawler, Platform, RPG",Konami,4.5245,0.2698650674662669,Medium (3-4),443,0.31,0.03,0.04,0.03,0.41,Konami Digital Entertainment,Platform,Nintendo DS
Deadly Premonition,2010-02-23,3.9,431.0,431.0,1400.0,48.0,991.0,628.0,2010,2,Adventure,Access Games,"Adventure, Shooter","Access Games, Ignition Entertainment",4.1425,0.44825124910778014,Medium (3-4),444,0.26,0.11,0.0,0.04,0.42000000000000004,Rising Star Games,Action,"PS3, Xbox 360"
LEGO Batman 2: DC Super Heroes,2012-06-19,3.5,446.0,446.0,4600.0,41.0,821.0,132.0,2012,6,Adventure,Feral Interactive,"Adventure, Brawler, Platform","Feral Interactive, Traveller's Tales",6.0955,0.028689415344490328,Medium (3-4),445,3.4,2.31,0.0,0.65,6.37,Warner Bros. Interactive Entertainment,Action,"Nintendo 3DS, Nintendo DS, PS Vita, PS3, Wii, Wii U, Xbox 360"
Lunistice,2022-11-10,3.6,132.0,132.0,305.0,17.0,105.0,116.0,2022,11,Adventure,A Grumpy Fox,"Adventure, Indie, Platform","A Grumpy Fox, Deck13 Interactive",0.6945,0.3790849673202614,Medium (3-4),446,0.0,0.0,0.0,0.0,0.0,,,
Sonic Advance,2001-12-20,3.2,446.0,446.0,4000.0,26.0,508.0,212.0,2001,12,Platform,Sega,Platform,"Sega, Dimps",5.186,0.05298675331167208,Medium (3-4),447,1.19,0.71,0.22,0.13,2.24,Sega,Platform,Game Boy Advance
Metal Slug,1996-01-24,3.6,353.0,353.0,3800.0,11.0,377.0,181.0,1996,1,Arcade,SNK,"Arcade, Platform, Shooter","SNK, Nazca Corporation",4.7275,0.047619047619047616,Medium (3-4),448,0.0,0.0,0.0,0.0,0.0,,,
Just Cause 3,2015-11-30,3.1,269.0,269.0,4900.0,93.0,1000.0,155.0,2015,11,Adventure,Avalanche Studios,Adventure,"Avalanche Studios, Square Enix",6.71,0.03162619873495205,Medium (3-4),449,0.91,1.51,0.07,0.36000000000000004,2.85,Square Enix,Action,"PC, PS4, Xbox One"
Suikoden II,1998-12-17,4.4,433.0,433.0,1100.0,42.0,1300.0,653.0,1998,12,RPG,Konami,"RPG, Strategy",Konami,4.356,0.5930971843778383,High (4+),450,0.15,0.1,0.38,0.04,0.68,Konami Digital Entertainment,Role-Playing,PS1
LittleBigPlanet,2008-10-27,3.6,405.0,405.0,6000.0,21.0,403.0,219.0,2008,10,Platform,Media Molecule,Platform,"Media Molecule, Sony Computer Entertainment",7.0425,0.0364939176803866,Medium (3-4),451,3.44,3.29,0.18000000000000002,1.5899999999999999,8.5,Sony Computer Entertainment,Platform,"PS3, PSP"
EarthBound Beginnings,2015-06-14,3.2,395.0,395.0,1800.0,90.0,1000.0,380.0,2015,6,Adventure,Nintendo,"Adventure, RPG","Nintendo, Ape",4.06,0.21099389228206553,Medium (3-4),452,0.0,0.0,0.0,0.0,0.0,,,
Wario Land 3,2000-03-21,3.8,284.0,284.0,1200.0,67.0,588.0,174.0,2000,3,Adventure,Nintendo R&D1,"Adventure, Platform, Puzzle","Nintendo R&D1, Nintendo",2.43,0.14487926727726894,Medium (3-4),453,1.11,0.51,0.34,0.23,2.2,Nintendo,Platform,Game Boy
Faith: The Unholy Trinity,2022-10-21,4.0,85.0,85.0,253.0,37.0,237.0,283.0,2022,10,Adventure,New Blood Interactive,"Adventure, Indie","New Blood Interactive, Airdorf Games",1.1745,1.1141732283464567,Medium (3-4),454,0.0,0.0,0.0,0.0,0.0,,,
Tales of Symphonia,2003-08-29,3.9,512.0,512.0,2800.0,132.0,1800.0,572.0,2003,8,RPG,Namco,RPG,"Namco, Namco Tales Studio",6.644,0.20421278114958943,Medium (3-4),455,0.75,0.33999999999999997,0.44,0.1,1.6400000000000001,Nintendo,Role-Playing,"GameCube, PS3"
The Dark Pictures Anthology: Man of Medan,2019-08-29,2.5,355.0,355.0,2300.0,44.0,506.0,217.0,2019,8,Adventure,Bandai Namco Entertainment,Adventure,"Bandai Namco Entertainment, Supermassive Games",3.493,0.09430682312038244,Low (<3),456,0.0,0.0,0.0,0.0,0.0,,,
Saya no Uta,2003-12-26,3.3,249.0,249.0,1700.0,32.0,499.0,432.0,2003,12,Visual Novel,JAST USA,Visual Novel,"JAST USA, Nitroplus",3.3125,0.25396825396825395,Medium (3-4),457,0.0,0.0,0.0,0.0,0.0,,,
River City Girls,2019-09-04,3.6,279.0,279.0,1900.0,96.0,809.0,729.0,2019,9,Adventure,WayForward Technologies,"Adventure, Arcade, Brawler, Fighting","WayForward Technologies, WayForward",4.5715,0.3834823776959495,Medium (3-4),458,0.0,0.0,0.0,0.0,0.0,,,
Sonic Origins,2022-06-22,3.4,121.0,121.0,558.0,49.0,209.0,306.0,2022,6,Adventure,Sega,"Adventure, Platform",Sega,1.4835,0.5474060822898033,Medium (3-4),459,0.0,0.0,0.0,0.0,0.0,,,
Kuru Kuru Kururin,2001-03-21,3.4,138.0,138.0,439.0,33.0,160.0,76.0,2001,3,Arcade,Eighting,"Arcade, Puzzle",Eighting,0.831,0.17272727272727273,Medium (3-4),460,0.0,0.0,0.0,0.0,0.0,,,
Pikmin 2,2004-04-29,4.1,530.0,530.0,2700.0,53.0,988.0,500.0,2004,4,Adventure,Nintendo,"Adventure, Real Time Strategy","Nintendo, Nintendo EAD",5.182,0.18511662347278784,High (4+),461,0.48,0.13,0.56,0.03,1.2,Nintendo,Strategy,GameCube
Wonderful Everyday: Down the Rabbit-Hole,2010-03-26,4.1,269.0,269.0,982.0,127.0,536.0,480.0,2010,3,Adventure,Frontwing,"Adventure, Visual Novel","Frontwing, Makura",2.746,0.4883011190233978,High (4+),462,0.0,0.0,0.0,0.0,0.0,,,
Paper Mario: The Origami King,2020-07-17,3.5,525.0,525.0,2400.0,188.0,1200.0,714.0,2020,7,Adventure,Nintendo,"Adventure, RPG","Nintendo, Intelligent Systems",5.628,0.29737609329446063,Medium (3-4),463,0.0,0.0,0.0,0.0,0.0,,,
Conker's Bad Fur Day,2001-03-05,3.6,426.0,426.0,2700.0,39.0,907.0,503.0,2001,3,Adventure,Rare,"Adventure, Platform, Shooter","Rare, THQ",5.0665,0.1862273232136246,Medium (3-4),464,0.53,0.22,0.0,0.02,0.77,THQ,Platform,Nintendo 64
Fire Emblem: Radiant Dawn,2007-02-22,4.0,459.0,459.0,1800.0,69.0,1100.0,497.0,2007,2,RPG,Nintendo,"RPG, Strategy, Tactical","Nintendo, Nintendo SPD Group No. 2",4.444,0.27595780122154356,Medium (3-4),465,0.28,0.03,0.17,0.03,0.51,Nintendo,Strategy,Wii
Need for Speed: Heat,2019-11-08,3.1,180.0,180.0,1600.0,100.0,455.0,94.0,2019,11,Adventure,Electronic Arts,"Adventure, Racing, Sport","Electronic Arts, Ghost Games",2.4705,0.05871330418488445,Medium (3-4),466,0.0,0.0,0.0,0.0,0.0,,,
Skate 3,2010-05-11,4.0,318.0,318.0,4100.0,44.0,313.0,188.0,2010,5,Sport,EA Black Box,Sport,"EA Black Box, Electronic Arts",4.9455,0.04584247744452573,Medium (3-4),467,2.25,1.92,0.0,0.59,4.76,Electronic Arts,Sports,"PS3, Xbox 360"
Braid,2008-08-06,3.4,380.0,380.0,3500.0,26.0,782.0,385.0,2008,8,Adventure,Number None Inc.,"Adventure, Indie, Platform, Puzzle, Strategy","Number None Inc., Microsoft Game Studios",5.443,0.1099685804055984,Medium (3-4),468,0.0,0.02,0.0,0.01,0.03,Number None,Platform,PC
Metro 2033,2010-03-16,3.5,328.0,328.0,3700.0,49.0,1100.0,224.0,2010,3,RPG,4A Games,"RPG, Shooter","4A Games, THQ",5.798,0.060524182653336936,Medium (3-4),469,0.22,0.43,0.03,0.1,0.79,THQ,Shooter,"PC, Xbox 360"
Another Pokémon Game,2023-02-15,3.0,19.0,19.0,59.0,2.0,24.0,22.0,2023,2,Adventure,3D: Doom Daddy Digital,"Adventure, RPG",3D: Doom Daddy Digital,0.139,0.36666666666666664,Low (<3),470,0.0,0.0,0.0,0.0,0.0,,,
Super Mario Party,2018-10-05,2.8,336.0,336.0,5300.0,34.0,241.0,185.0,2018,10,Card & Board Game,Nintendo,"Card & Board Game, Platform, Puzzle",Nintendo,6.0315,0.03489907564610451,Low (<3),471,0.0,0.0,0.0,0.0,0.0,,,
Kentucky Route Zero,2013-01-07,4.1,474.0,474.0,1200.0,128.0,1200.0,842.0,2013,1,Adventure,Cardboard Computer,"Adventure, Indie, Point-and-Click",Cardboard Computer,4.684,0.701082431307244,High (4+),472,0.0,0.0,0.0,0.0,0.0,,,
The Legend of Zelda: Twilight Princess HD,2016-03-04,4.2,447.0,447.0,2500.0,91.0,956.0,503.0,2016,3,Adventure,Nintendo,"Adventure, Platform, Puzzle","Nintendo, Nintendo EPD",4.94,0.20111955217912836,High (4+),473,0.48,0.3,0.08,0.08,0.94,Nintendo,Action,Wii U
We Love Katamari,2005-07-06,4.3,429.0,429.0,1400.0,38.0,520.0,410.0,2005,7,Adventure,NOW Production,"Adventure, Puzzle","NOW Production, Namco",3.0,0.2926481084939329,High (4+),474,0.26,0.2,0.0,0.07,0.52,Electronic Arts,Puzzle,PS2
Serial Experiments Lain,1998-11-26,4.0,173.0,173.0,397.0,29.0,637.0,727.0,1998,11,Adventure,Pionner LDC,Adventure,Pionner LDC,2.8065,1.8266331658291457,Medium (3-4),475,0.0,0.0,0.0,0.0,0.0,,,
Kirby's Dream Land 2,1995-03-21,3.2,414.0,414.0,2300.0,41.0,480.0,146.0,1995,3,Platform,Nintendo,Platform,"Nintendo, HAL Laboratory",3.312,0.06345067362016514,Medium (3-4),476,0.69,0.14,1.48,0.05,2.36,Nintendo,Platform,Game Boy
Harvestella,2022-11-04,3.4,103.0,103.0,160.0,86.0,268.0,469.0,2022,11,Adventure,Square Enix,"Adventure, RPG, Simulator",Square Enix,1.5,2.9130434782608696,Medium (3-4),477,0.0,0.0,0.0,0.0,0.0,,,
Dishonored: Death of the Outsider,2017-09-14,3.6,328.0,328.0,1800.0,41.0,1400.0,352.0,2017,9,Adventure,Arkane Studios,"Adventure, RPG","Arkane Studios, Bethesda Softworks",4.604,0.195446973903387,Medium (3-4),478,0.0,0.0,0.0,0.0,0.0,,,
Life is Strange 2,2018-09-26,3.3,421.0,421.0,2600.0,107.0,939.0,643.0,2018,9,Adventure,DON'T NOD,Adventure,"DON'T NOD, Square Enix",5.2945,0.24721261053440985,Medium (3-4),479,0.0,0.0,0.0,0.0,0.0,,,
Banjo-Tooie,2000-11-20,3.8,443.0,443.0,3000.0,29.0,1200.0,485.0,2000,11,Adventure,Microsoft Game Studios,"Adventure, Platform","Microsoft Game Studios, Rare",5.77,0.1616127957347551,Medium (3-4),480,0.82,0.36,0.25,0.06,1.49,Nintendo,Platform,Nintendo 64
The Legend of Zelda: Oracle of Ages,2001-02-27,3.7,512.0,512.0,2800.0,60.0,1500.0,492.0,2001,2,Adventure,Nintendo,"Adventure, RPG","Nintendo, Capcom",6.034,0.17565155301677973,Medium (3-4),481,0.92,0.53,0.41,0.06,1.92,Nintendo,Action,Game Boy
Lobotomy Corporation,2018-04-09,4.1,134.0,134.0,621.0,132.0,536.0,327.0,2018,4,Indie,Project Moon,"Indie, Simulator",Project Moon,2.079,0.5257234726688103,High (4+),482,0.0,0.0,0.0,0.0,0.0,,,
Saints Row 2,2008-10-14,3.7,412.0,412.0,3600.0,56.0,803.0,191.0,2008,10,Adventure,Volition,"Adventure, Racing, Shooter","Volition, THQ",5.1865,0.05304082199389058,Medium (3-4),483,2.82,1.37,0.04,0.53,4.76,THQ,Action,"PC, PS3, Xbox 360"
Final Fantasy VII Rebirth,2023-12-31,3.7,192.0,192.0,20.0,3.0,354.0,1100.0,2023,12,,Square Enix,,Square Enix,2.751,52.38095238095238,Medium (3-4),484,0.0,0.0,0.0,0.0,0.0,,,
Castlevania: Bloodlines,1994-03-17,3.7,447.0,447.0,1800.0,25.0,682.0,230.0,1994,3,Adventure,Konami,"Adventure, Platform",Konami,3.283,0.12770682953914492,Medium (3-4),485,0.0,0.0,0.0,0.0,0.0,,,
Tiny Tina's Wonderlands,2022-03-25,3.4,224.0,224.0,738.0,140.0,467.0,537.0,2022,3,Adventure,2K Games,"Adventure, RPG, Shooter","2K Games, Gearbox Software",2.5125,0.7266576454668471,Medium (3-4),486,0.0,0.0,0.0,0.0,0.0,,,
Utawarerumono: Mask of Truth,2016-09-21,4.4,182.0,182.0,442.0,21.0,411.0,266.0,2016,9,Adventure,Aquaplus,"Adventure, RPG, Simulator, Strategy, Tactical, Visual Novel","Aquaplus, Atlus USA",1.5905,0.600451467268623,High (4+),487,0.0,0.0,0.0,0.0,0.0,,,
Hitman World of Assassination,2023-01-26,4.6,38.0,38.0,167.0,47.0,54.0,54.0,2023,1,Adventure,Inlusio Interactive,"Adventure, Shooter, Tactical","Inlusio Interactive, IO Interactive",0.356,0.32142857142857145,High (4+),488,0.0,0.0,0.0,0.0,0.0,,,
Just Cause 2,2010-03-23,3.2,302.0,302.0,5100.0,36.0,771.0,142.0,2010,3,Adventure,Avalanche Studios,"Adventure, Racing, Shooter","Avalanche Studios, Eidos Interactive",6.5405,0.027837678886492846,Medium (3-4),489,1.04,1.89,0.08,0.53,3.5300000000000002,Square Enix,Action,"PC, PS3, Xbox 360"
Lies of P,2023-08-01,3.7,175.0,175.0,5.0,0.0,260.0,939.0,2023,8,RPG,NEOWIZ,RPG,"NEOWIZ, Round8 Studio",2.273,156.5,Medium (3-4),490,0.0,0.0,0.0,0.0,0.0,,,
Final Fantasy V,1992-12-06,3.8,532.0,532.0,2300.0,78.0,1200.0,460.0,1992,12,Adventure,Square Enix,"Adventure, RPG",Square Enix,5.02,0.19991308126901347,Medium (3-4),491,0.0,0.0,2.5900000000000003,0.03,2.62,SquareSoft,Role-Playing,"PS1, SNES"
Jet Set Radio Future,2002-02-22,4.3,448.0,448.0,1400.0,47.0,784.0,645.0,2002,2,Music,Smilebit,"Music, Platform, Racing, Sport","Smilebit, Sega",3.866,0.4603854389721627,High (4+),492,0.0,0.0,0.0,0.0,0.0,,,
Overcooked!,2016-08-03,3.5,376.0,376.0,4600.0,76.0,723.0,115.0,2016,8,Arcade,Ghost Town Games,"Arcade, Indie, Simulator, Strategy","Ghost Town Games, Team17",5.9145,0.024994566398609,Medium (3-4),493,0.0,0.0,0.0,0.0,0.0,,,
Shin Megami Tensei IV: Apocalypse,2016-02-10,3.6,442.0,442.0,1800.0,109.0,1500.0,634.0,2016,2,Adventure,Atlus USA,"Adventure, RPG","Atlus USA, Atlus",5.318,0.35202665186007775,Medium (3-4),494,0.0,0.0,0.0,0.0,0.0,,,
Muse Dash,2018-06-15,3.5,185.0,185.0,2700.0,247.0,396.0,193.0,2018,6,Indie,X.D. Network Inc.,"Indie, Music","X.D. Network Inc., PeroPeroGames",3.68,0.07145501666049611,Medium (3-4),495,0.0,0.0,0.0,0.0,0.0,,,
Fire Emblem: Genealogy of the Holy War,1996-05-14,4.0,468.0,468.0,1300.0,81.0,836.0,385.0,1996,5,RPG,"Intelligent Systems Co., Ltd.","RPG, Strategy, Turn Based Strategy","Intelligent Systems Co., Ltd., Nintendo",3.324,0.29592621060722524,Medium (3-4),496,0.0,0.0,0.0,0.0,0.0,,,
Judas,2025-03-31,3.7,90.0,90.0,1.0,0.0,92.0,437.0,2025,3,Adventure,Ghost Story Games,"Adventure, Shooter",Ghost Story Games,1.013,218.5,Medium (3-4),497,0.0,0.0,0.0,0.0,0.0,,,
Half-Life: Opposing Force,1999-11-10,3.7,298.0,298.0,3000.0,38.0,838.0,95.0,1999,11,Platform,Gearbox Software,"Platform, Puzzle, Shooter","Gearbox Software, Sierra Entertainment",4.447,0.03165611462845718,Medium (3-4),498,0.0,0.0,0.0,0.0,0.0,,,
Bloodborne PSX,2022-01-31,3.5,106.0,106.0,577.0,16.0,434.0,299.0,2022,1,Adventure,LW Media,"Adventure, RPG",LW Media,1.826,0.5173010380622838,Medium (3-4),499,0.0,0.0,0.0,0.0,0.0,,,
Prototype,2009-06-09,3.0,225.0,225.0,4500.0,30.0,643.0,314.0,2009,6,Adventure,Activision,"Adventure, Brawler, Platform","Activision, Radical Entertainment",6.0925,0.06976227504998889,Low (<3),500,0.0,0.0,0.0,0.0,0.0,,,
Pokémon Gold,1999-11-21,3.8,495.0,495.0,5500.0,29.0,326.0,133.0,1999,11,Adventure,Nintendo,"Adventure, RPG, Turn Based Strategy","Nintendo, Game Freak",6.255,0.024177422286856935,Medium (3-4),501,0.0,0.0,0.0,0.0,0.0,,,
Valheim,2021-02-02,3.6,210.0,210.0,2500.0,261.0,496.0,276.0,2021,2,Adventure,Iron Gate AB,"Adventure, Indie, RPG","Iron Gate AB, Coffee Stain Publishing",3.796,0.11035585765693723,Medium (3-4),502,0.0,0.0,0.0,0.0,0.0,,,
Your Turn To Die: Death Game By Majority,2017-08-28,4.1,221.0,221.0,1300.0,241.0,630.0,548.0,2017,8,Adventure,Nankidai,"Adventure, Indie, Visual Novel","Nankidai, 0UP Games",3.341,0.42121445042275174,High (4+),503,0.0,0.0,0.0,0.0,0.0,,,
Gal Guardians: Demon Purge,2023-02-23,3.4,39.0,39.0,69.0,8.0,61.0,150.0,2023,2,Adventure,Inti Creates,"Adventure, Platform",Inti Creates,0.4605,2.142857142857143,Medium (3-4),504,0.0,0.0,0.0,0.0,0.0,,,
Mortal Shell,2020-08-18,2.7,192.0,192.0,847.0,30.0,678.0,194.0,2020,8,Indie,Playstack,"Indie, RPG","Playstack, Cold Symmetry",2.252,0.22877358490566038,Low (<3),505,0.0,0.0,0.0,0.0,0.0,,,
Kingdom Come: Deliverance,2018-02-13,3.6,238.0,238.0,1800.0,110.0,1400.0,335.0,2018,2,Adventure,Deep Silver,"Adventure, RPG","Deep Silver, Warhorse Studios",4.57,0.18600777345918934,Medium (3-4),506,0.0,0.0,0.0,0.0,0.0,,,
Sleeping Dogs: Definitive Edition,2014-10-10,3.8,250.0,250.0,2600.0,64.0,967.0,213.0,2014,10,Adventure,Square Enix,"Adventure, Brawler, Racing, Shooter","Square Enix, United Front Games",4.4765,0.08189158016147635,Medium (3-4),507,0.0,0.0,0.0,0.0,0.0,,,
Resident Evil 4: Ultimate HD Edition,2014-02-28,4.4,148.0,148.0,889.0,56.0,151.0,35.0,2014,2,Adventure,Capcom Production Studio 4,"Adventure, Shooter","Capcom Production Studio 4, Capcom",1.1855,0.03932584269662921,High (4+),508,0.0,0.0,0.0,0.0,0.0,,,
LEGO Builder's Journey,2019-12-20,3.2,138.0,138.0,484.0,22.0,317.0,114.0,2019,12,Adventure,Light Brick Studio,"Adventure, Indie, Puzzle","Light Brick Studio, The LEGO Group",1.1875,0.23505154639175257,Medium (3-4),509,0.0,0.0,0.0,0.0,0.0,,,
Guilty Gear Xrd: Rev 2,2017-03-30,4.1,379.0,379.0,3000.0,118.0,314.0,175.0,2017,3,Fighting,Arc System Works,Fighting,"Arc System Works, Aksys Games",3.821,0.0583138953682106,High (4+),510,0.0,0.0,0.0,0.0,0.0,,,
Super Kiwi 64,2022-12-02,3.4,79.0,79.0,239.0,5.0,70.0,75.0,2022,12,Adventure,Siactro,"Adventure, Arcade, Platform",Siactro,0.494,0.3125,Medium (3-4),511,0.0,0.0,0.0,0.0,0.0,,,
Infamous 2,2011-06-07,3.7,409.0,409.0,4400.0,21.0,674.0,343.0,2011,6,Adventure,Sucker Punch Productions,"Adventure, Brawler, Puzzle","Sucker Punch Productions, Sony Computer Entertainment, Inc. (SCEI)",6.097,0.07793683253805953,Medium (3-4),512,1.05,0.49,0.08,0.23,1.85,Sony Computer Entertainment,Action,PS3
Fallout 3: Game of the Year Edition,2009-10-13,3.6,188.0,188.0,2600.0,67.0,694.0,123.0,2009,10,Adventure,Bethesda Game Studios,"Adventure, RPG, Shooter","Bethesda Game Studios, Bethesda Softworks",3.887,0.04728950403690888,Medium (3-4),513,0.0,0.0,0.0,0.0,0.0,,,
Melatonin,2022-12-15,3.7,104.0,104.0,185.0,28.0,96.0,235.0,2022,12,Arcade,Half Asleep,"Arcade, Indie, Music, Puzzle",Half Asleep,0.799,1.2634408602150538,Medium (3-4),514,0.0,0.0,0.0,0.0,0.0,,,
Gungrave G.O.R.E,2022-11-22,2.1,85.0,85.0,186.0,13.0,138.0,149.0,2022,11,Adventure,Iggymob,"Adventure, Fighting, Shooter, Simulator, Strategy","Iggymob, Red Entertainment",0.691,0.7967914438502673,Low (<3),515,0.0,0.0,0.0,0.0,0.0,,,
Like a Dragon Gaiden: The Man Who Erased His Name,2023-12-31,3.7,118.0,118.0,2.0,1.0,145.0,588.0,2023,12,Adventure,Ryū Ga Gotoku Studios,"Adventure, Brawler, RPG","Ryū Ga Gotoku Studios, Sega",1.3955,196.0,Medium (3-4),516,0.0,0.0,0.0,0.0,0.0,,,
Garten of Banban,2023-01-06,1.2,26.0,26.0,130.0,1.0,5.0,4.0,2023,1,Adventure,Euphoric Brothers,"Adventure, Indie, Puzzle",Euphoric Brothers,0.1455,0.030534351145038167,Low (<3),517,0.0,0.0,0.0,0.0,0.0,,,
Hitman: Blood Money,2006-05-26,4.0,414.0,414.0,3200.0,37.0,859.0,238.0,2006,5,Shooter,IO Interactive,Shooter,"IO Interactive, Eidos Interactive",4.9645,0.07435176507341455,Medium (3-4),518,0.65,0.31,0.01,0.11,1.08,Eidos Interactive,Action,"PC, PS2, Xbox, Xbox 360"
Professor Layton and the Unwound Future,2008-11-27,4.3,378.0,378.0,2400.0,33.0,664.0,388.0,2008,11,Point-and-Click,Level-5,"Point-and-Click, Puzzle, Visual Novel","Level-5, Nintendo of America",4.172,0.1615993336109954,High (4+),519,0.65,1.61,0.82,0.28,3.36,Nintendo,Puzzle,Nintendo DS
The Dark Pictures Anthology: The Devil in Me,2022-11-18,2.9,123.0,123.0,332.0,20.0,135.0,276.0,2022,11,Adventure,Supermassive Games,Adventure,"Supermassive Games, Bandai Namco Entertainment",1.0865,0.8288288288288288,Low (<3),520,0.0,0.0,0.0,0.0,0.0,,,
Donkey Kong Country: Tropical Freeze,2018-05-04,4.2,373.0,373.0,2100.0,91.0,741.0,500.0,2018,5,Platform,Nintendo,Platform,"Nintendo, Retro Studios",4.2115,0.23798191337458352,High (4+),521,0.73,0.52,0.15,0.12,1.52,Nintendo,Platform,Wii U
Fire Emblem: Thracia 776,1999-09-01,4.1,329.0,329.0,820.0,65.0,771.0,329.0,1999,9,RPG,"Intelligent Systems Co., Ltd.","RPG, Strategy, Tactical","Intelligent Systems Co., Ltd., Nintendo",2.6345,0.4007308160779537,High (4+),522,0.0,0.0,0.26,0.0,0.26,Nintendo,Strategy,SNES
Moonlighter,2018-05-29,3.2,280.0,280.0,2200.0,134.0,1200.0,309.0,2018,5,Adventure,Digital Sun Games,"Adventure, Brawler, Indie, RPG, Simulator","Digital Sun Games, 11 bit studios",4.618,0.1403907314856883,Medium (3-4),523,0.0,0.0,0.0,0.0,0.0,,,
Pikmin 3,2013-07-13,4.0,388.0,388.0,2700.0,39.0,797.0,385.0,2013,7,Adventure,Nintendo EAD Software Development Group No.4,"Adventure, Real Time Strategy","Nintendo EAD Software Development Group No.4, Nintendo",4.6655,0.14253980007404665,Medium (3-4),524,0.45,0.31,0.29,0.06,1.11,Nintendo,Strategy,Wii U
Five Nights at Freddy's 4,2015-07-23,2.8,199.0,199.0,3300.0,13.0,216.0,111.0,2015,7,Adventure,Scottgames,"Adventure, Indie, Point-and-Click, Simulator, Strategy","Scottgames, Clickteam",3.846,0.033626173886701,Low (<3),525,0.0,0.0,0.0,0.0,0.0,,,
Chaos;Head Noah,2009-02-26,4.0,84.0,84.0,199.0,73.0,215.0,174.0,2009,2,Adventure,5pb.,"Adventure, Simulator, Visual Novel",5pb.,0.8695,0.87,Medium (3-4),526,0.0,0.0,0.07,0.0,0.07,5pb,Adventure,"PS Vita, PSP, Xbox 360"
Nier: Automata - The End of Yorha Edition,2022-10-06,4.5,68.0,68.0,370.0,59.0,240.0,147.0,2022,10,Adventure,Square Enix,"Adventure, RPG","Square Enix, PlatinumGames",1.024,0.39622641509433965,High (4+),527,0.0,0.0,0.0,0.0,0.0,,,
Phoenix Wright: Ace Attorney - Spirit of Justice,2016-06-09,3.7,402.0,402.0,2400.0,96.0,1200.0,506.0,2016,6,Adventure,Capcom,"Adventure, Point-and-Click, Puzzle, RPG, Visual Novel",Capcom,5.212,0.21074552269887548,Medium (3-4),528,0.0,0.0,0.0,0.0,0.0,,,
Crysis,2007-11-13,3.2,224.0,224.0,3000.0,26.0,561.0,241.0,2007,11,Adventure,Crytek Frankfurt,"Adventure, Shooter","Crytek Frankfurt, Electronic Arts",4.3235,0.08030656447850716,Medium (3-4),529,0.0,0.69,0.0,0.03,0.72,Electronic Arts,Shooter,PC
Fallout Shelter,2015-06-14,2.4,172.0,172.0,5300.0,44.0,214.0,38.0,2015,6,RPG,Bethesda Game Studios,"RPG, Simulator, Strategy","Bethesda Game Studios, Bethesda Softworks",5.697,0.007168458781362007,Low (<3),530,0.0,0.0,0.0,0.0,0.0,,,
Sonic and the Secret Rings,2007-02-20,1.9,362.0,362.0,3100.0,18.0,348.0,160.0,2007,2,Platform,Sega,Platform,"Sega, Sonic Team",3.942,0.051596259271202836,Low (<3),531,1.24,1.2,0.04,0.3,2.77,Sega,Platform,Wii
FTL: Faster Than Light,2012-09-14,3.8,325.0,325.0,3800.0,64.0,902.0,202.0,2012,9,Indie,Subset Games,"Indie, RPG, Simulator, Strategy",Subset Games,5.557,0.053143909497500655,Medium (3-4),532,0.0,0.0,0.0,0.0,0.0,,,
Mario Party 2,1999-12-17,3.7,348.0,348.0,3900.0,11.0,199.0,132.0,1999,12,Card & Board Game,Hudson Soft,Card & Board Game,"Hudson Soft, Nintendo",4.4625,0.033837477569853884,Medium (3-4),533,1.28,0.14,1.08,0.01,2.5,Nintendo,Misc,Nintendo 64
Attack of the Friday Monsters! A Tokyo Tale,2013-07-17,3.7,178.0,178.0,393.0,22.0,385.0,298.0,2013,7,Adventure,Level-5,"Adventure, Simulator","Level-5, Millennium Kitchen",1.5665,0.7563451776649747,Medium (3-4),534,0.0,0.0,0.0,0.0,0.0,,,
Animal Crossing,2001-12-14,3.9,533.0,533.0,3900.0,51.0,389.0,317.0,2001,12,Simulator,Nintendo,Simulator,"Nintendo, Nintendo EAD",5.1175,0.0812612150730582,Medium (3-4),535,1.92,0.16,0.99,0.09,3.15,Nintendo,Simulation,GameCube
Fire Emblem Fates: Revelation,2015-07-09,2.3,296.0,296.0,2500.0,52.0,707.0,244.0,2015,7,RPG,"Intelligent Systems Co., Ltd.","RPG, Strategy, Turn Based Strategy","Intelligent Systems Co., Ltd., Nintendo",4.0485,0.0975609756097561,Low (<3),536,0.0,0.0,0.0,0.0,0.0,,,
Bloodstained: Curse of the Moon,2018-05-23,3.6,341.0,341.0,2300.0,41.0,800.0,397.0,2018,5,Adventure,Inti Creates,"Adventure, Indie, Platform",Inti Creates,4.294,0.17253368100825728,Medium (3-4),537,0.0,0.0,0.0,0.0,0.0,,,
Final Fantasy XIII-2,2011-12-15,3.3,482.0,482.0,2300.0,58.0,1400.0,449.0,2011,12,Adventure,Square Enix,"Adventure, RPG",Square Enix,5.298,0.19513255106475447,Medium (3-4),538,1.1400000000000001,1.05,0.91,0.32,3.42,Square Enix,Role-Playing,"PS3, Xbox 360"
Agar.io,2015-04-28,2.2,81.0,81.0,4400.0,8.0,40.0,12.0,2015,4,Indie,Miniclip.com,"Indie, Strategy","Miniclip.com, Matheus Valadares",4.484,0.0027266530334014998,Low (<3),539,0.0,0.0,0.0,0.0,0.0,,,
Fatal Frame II: Crimson Butterfly,2003-11-27,4.2,398.0,398.0,1000.0,38.0,690.0,513.0,2003,11,Adventure,"Tecmo Co., Ltd.",Adventure,"Tecmo Co., Ltd., Ubisoft Entertainment",3.061,0.5124875124875125,High (4+),540,0.08,0.06,0.0,0.02,0.16,Ubisoft,Action,PS2
World of Warcraft,2004-11-23,3.5,369.0,369.0,4500.0,115.0,139.0,74.0,2004,11,Adventure,Blizzard Entertainment,"Adventure, RPG",Blizzard Entertainment,4.8565,0.0164407909353477,Medium (3-4),541,0.07,6.21,0.0,0.0,6.28,Activision,Role-Playing,PC
The Legend of Heroes: Trails of Cold Steel II,2014-09-25,3.7,401.0,401.0,1700.0,45.0,707.0,319.0,2014,9,Adventure,NIS America,"Adventure, RPG, Turn Based Strategy","NIS America, Nihon Falcom",3.3985,0.18753674309229865,Medium (3-4),542,0.03,0.0,0.24,0.01,0.27,Nippon Ichi Software,Role-Playing,"PS Vita, PS3"
Gang Beasts,2017-12-12,3.1,207.0,207.0,3200.0,30.0,177.0,142.0,2017,12,Fighting,Boneloaf,"Fighting, Indie","Boneloaf, Double Fine Productions",3.7495,0.0443611371446423,Medium (3-4),543,0.0,0.0,0.0,0.0,0.0,,,
Armored Core 3,2002-04-01,3.7,115.0,115.0,297.0,19.0,273.0,142.0,2002,4,Shooter,Agetec,"Shooter, Strategy","Agetec, FromSoftware",0.9905,0.47651006711409394,Medium (3-4),544,0.22,0.17,0.23,0.06,0.67,Metro 3D,Simulation,PS2
Star Wars: The Force Unleashed II,2010-10-26,2.8,242.0,242.0,4100.0,18.0,597.0,268.0,2010,10,Adventure,LucasArts,"Adventure, Brawler, RPG",LucasArts,5.5315,0.0653499146549622,Low (<3),545,2.5,1.1600000000000001,0.0,0.42,4.08,LucasArts,Action,"Nintendo DS, PC, PS3, Wii, Xbox 360"
Fortnite,2017-07-25,2.8,827.0,827.0,17000.0,926.0,470.0,47.0,2017,7,Adventure,Epic Games,"Adventure, RPG, Shooter, Strategy",Epic Games,17.799,0.0027645432621610493,Low (<3),546,0.0,0.0,0.0,0.0,0.0,,,
Fall Guys,2020-08-04,3.0,874.0,874.0,16000.0,654.0,618.0,271.0,2020,8,Indie,Devolver Digital,"Indie, Platform, Sport","Devolver Digital, Mediatonic",17.469,0.016936441472407974,Low (<3),547,0.0,0.0,0.0,0.0,0.0,,,
It Takes Two,2021-03-25,4.2,1300.0,1300.0,8100.0,999.0,2500.0,2100.0,2021,3,Adventure,Hazelight Studios,"Adventure, Platform, Puzzle","Hazelight Studios, Electronic Arts",16.05,0.25922725589433404,High (4+),548,0.0,0.0,0.0,0.0,0.0,,,
BioShock,2007-08-21,4.0,1800.0,1800.0,17000.0,339.0,4000.0,1200.0,2007,8,Adventure,2K Games,"Adventure, RPG, Shooter","2K Games, 2K Boston",25.4,0.07058408328921828,Medium (3-4),549,2.4099999999999997,1.74,0.060000000000000005,0.51,4.69,Take-Two Interactive,Shooter,"PC, PS3, Xbox 360"
Metal Gear Solid,1998-09-03,4.2,1900.0,1900.0,12000.0,287.0,3000.0,1600.0,1998,9,Adventure,Microsoft,"Adventure, Tactical","Microsoft, Konami Computer Entertainment Japan",19.7,0.133322223148071,High (4+),550,3.18,1.83,0.8500000000000001,0.24,6.1000000000000005,Konami Digital Entertainment,Action,"Game Boy, PS1"
Yakuza: Like a Dragon,2020-01-16,4.3,1600.0,1600.0,6000.0,847.0,4800.0,2800.0,2020,1,Adventure,Sega,"Adventure, RPG, Turn Based Strategy","Sega, Ryū Ga Gotoku Studios",18.8,0.4665889018496917,High (4+),551,0.0,0.0,0.0,0.0,0.0,,,
Animal Crossing: New Horizons,2020-03-19,3.6,1600.0,1600.0,20000.0,1800.0,1300.0,1100.0,2020,3,Simulator,Nintendo EPD,Simulator,"Nintendo EPD, Nintendo",24.15,0.054997250137493126,Medium (3-4),552,0.0,0.0,0.0,0.0,0.0,,,
BioShock Infinite,2013-02-26,3.5,1500.0,1500.0,18000.0,197.0,4100.0,949.0,2013,2,Adventure,Irrational Games,"Adventure, Shooter","Irrational Games, 2K Games",26.048,0.05271929337259041,Medium (3-4),553,2.2199999999999998,1.5599999999999998,0.060000000000000005,0.54,4.39,Take-Two Interactive,Shooter,"PC, PS3, Xbox 360"
Mirror's Edge,2008-11-11,3.5,788.0,788.0,12000.0,117.0,2100.0,813.0,2008,11,Adventure,Electronic Arts,"Adventure, Platform, Shooter","Electronic Arts, EA Digital Illusions CE",16.776,0.06774435463711358,Medium (3-4),554,0.8200000000000001,1.15,0.030000000000000002,0.36,2.3699999999999997,Electronic Arts,Platform,"PC, PS3, Xbox 360"
Bayonetta 2,2014-09-20,4.1,1100.0,1100.0,6000.0,154.0,3300.0,2000.0,2014,9,Brawler,PlatinumGames,Brawler,"PlatinumGames, Nintendo",14.95,0.3332777870354941,High (4+),555,0.34,0.28,0.1,0.3,1.01,Nintendo,Action,Wii U
Sonic Generations,2011-11-01,3.8,1100.0,1100.0,9900.0,133.0,1700.0,480.0,2011,11,Adventure,Sonic Team,"Adventure, Platform","Sonic Team, Sega",13.41,0.04847995152004848,Medium (3-4),556,1.77,1.83,0.03,0.53,4.17,Sega,Platform,"Nintendo 3DS, PC, PS3, Xbox 360"
Shin Megami Tensei: Nocturne,2003-02-20,4.2,1100.0,1100.0,4100.0,358.0,2500.0,1300.0,2003,2,RPG,Atlus,RPG,"Atlus, Ghostlight Ltd.",10.45,0.3169958546695928,High (4+),557,0.07,0.05,0.25,0.02,0.38,Ghostlight,Role-Playing,PS2
Death's Door,2021-07-20,3.8,738.0,738.0,3300.0,292.0,1700.0,1400.0,2021,7,Adventure,Devolver Digital,"Adventure, Brawler, Indie, RPG","Devolver Digital, Acid Nerve",8.65,0.42411390487730993,Medium (3-4),558,0.0,0.0,0.0,0.0,0.0,,,
Devil May Cry 3: Dante's Awakening - Special Edition,2006-01-24,4.4,852.0,852.0,6500.0,176.0,1400.0,481.0,2006,1,Adventure,Capcom,"Adventure, Brawler, Shooter","Capcom, Capcom Production Studio 1",9.562,0.07398861713582526,High (4+),559,0.0,0.0,0.0,0.0,0.0,,,
Assassin's Creed IV Black Flag,2013-10-29,3.7,1200.0,1200.0,13000.0,211.0,2200.0,716.0,2013,10,Adventure,Ubisoft Montreal,"Adventure, Platform","Ubisoft Montreal, Ubisoft Entertainment",17.732,0.05507268671640643,Medium (3-4),560,0.0,0.0,0.0,0.0,0.0,,,
Crisis Core: Final Fantasy VII - Reunion,2022-12-13,3.8,409.0,409.0,1300.0,284.0,1000.0,1300.0,2022,12,RPG,Square Enix,RPG,Square Enix,5.4,0.9992313604919293,Medium (3-4),561,0.0,0.0,0.0,0.0,0.0,,,
Metroid Prime,2002-11-17,4.3,1400.0,1400.0,6800.0,221.0,2700.0,1200.0,2002,11,Adventure,Nintendo,"Adventure, Platform, Shooter","Nintendo, Retro Studios",13.25,0.17644464049404499,High (4+),562,1.96,0.67,0.1,0.09,2.82,Nintendo,Shooter,GameCube
Sonic the Hedgehog 2,1992-11-21,3.7,1200.0,1200.0,10000.0,56.0,883.0,228.0,1992,11,Adventure,Sonic Team,"Adventure, Platform","Sonic Team, Sega",11.7805,0.022797720227977204,Medium (3-4),563,4.47,1.2,0.16,0.19,6.03,Sega,Platform,Sega Genesis
Metal Gear Solid 4: Guns of the Patriots,2008-06-12,3.9,1200.0,1200.0,7700.0,94.0,2500.0,1300.0,2008,6,Adventure,Kojima Productions,"Adventure, Shooter, Tactical","Kojima Productions, Konami",14.05,0.16880924555252563,Medium (3-4),564,2.63,1.74,0.83,0.83,6.03,Konami Digital Entertainment,Action,PS3
Atomic Heart,2023-02-21,3.0,363.0,363.0,983.0,241.0,676.0,1100.0,2023,2,Adventure,Mundfish,"Adventure, RPG, Shooter","Mundfish, Focus Entertainment",4.197,1.1178861788617886,Low (<3),565,0.0,0.0,0.0,0.0,0.0,,,
Resident Evil 5,2009-03-05,3.1,1000.0,1000.0,10000.0,176.0,1600.0,561.0,2009,3,Adventure,Capcom,"Adventure, Shooter",Capcom,13.522,0.0560943905609439,Medium (3-4),566,4.08,2.4099999999999997,1.2000000000000002,1.0,8.69,Capcom,Action,"PC, PS3, Xbox 360"
The World Ends with You,2007-07-26,4.2,1000.0,1000.0,5200.0,256.0,2800.0,1500.0,2007,7,Arcade,Square Enix,"Arcade, RPG","Square Enix, Ubisoft Entertainment",12.4,0.28840607575466254,High (4+),567,0.54,0.06,0.21,0.05,0.86,Square Enix,Role-Playing,Nintendo DS
A Hat in Time,2017-10-05,4.0,898.0,898.0,7200.0,320.0,2700.0,1600.0,2017,10,Adventure,Humble Bundle,"Adventure, Indie, Platform","Humble Bundle, Gears for Breakfast",14.45,0.22219136231079017,Medium (3-4),568,0.0,0.0,0.0,0.0,0.0,,,
Scorn,2022-10-14,3.0,348.0,348.0,1400.0,100.0,747.0,934.0,2022,10,Adventure,Ebb Software,"Adventure, Indie, Puzzle","Ebb Software, Kepler Interactive",4.3885,0.6666666666666666,Low (<3),569,0.0,0.0,0.0,0.0,0.0,,,
Fire Emblem: Awakening,2012-04-19,3.8,1200.0,1200.0,9500.0,287.0,2000.0,814.0,2012,4,Adventure,"Intelligent Systems Co., Ltd.","Adventure, RPG, Strategy","Intelligent Systems Co., Ltd., Nintendo",14.128,0.08567519208504368,Medium (3-4),570,0.89,0.45,0.53,0.13,2.0,Nintendo,Role-Playing,Nintendo 3DS
Cuphead: The Delicious Last Course,2022-06-30,4.3,398.0,398.0,2200.0,154.0,989.0,951.0,2022,6,Adventure,Studio MDHR,"Adventure, Indie, Platform",Studio MDHR,5.5855,0.43207632894139025,High (4+),571,0.0,0.0,0.0,0.0,0.0,,,
Ori and the Will of the Wisps,2020-03-10,4.3,1200.0,1200.0,6000.0,263.0,3700.0,2200.0,2020,3,Adventure,Moon Studios,"Adventure, Platform","Moon Studios, Xbox Game Studios",15.95,0.3666055657390435,High (4+),572,0.0,0.0,0.0,0.0,0.0,,,
Mass Effect,2007-11-20,3.8,1000.0,1000.0,10000.0,172.0,2000.0,774.0,2007,11,RPG,BioWare,"RPG, Shooter","BioWare, Microsoft Game Studios",14.548,0.07739226077392261,Medium (3-4),573,1.83,1.3900000000000001,0.03,0.36,3.6100000000000003,Microsoft Game Studios,Role-Playing,"PC, Xbox 360"
Return of the Obra Dinn,2018-10-18,4.3,1000.0,1000.0,4700.0,195.0,2600.0,2400.0,2018,10,Adventure,3909,"Adventure, Indie, Puzzle","3909, Lucas Pope",13.4,0.5105296745373324,High (4+),574,0.0,0.0,0.0,0.0,0.0,,,
Kingdom Hearts III,2019-01-25,3.5,1100.0,1100.0,8100.0,206.0,2600.0,1100.0,2019,1,Adventure,Square Enix,"Adventure, Brawler, RPG","Square Enix, Disney Interactive Studios",14.2,0.1357857054684607,Medium (3-4),575,0.0,0.0,0.0,0.0,0.0,,,
Fallout 3,2008-10-28,3.4,894.0,894.0,12000.0,162.0,2000.0,589.0,2008,10,RPG,ZeniMax Media,"RPG, Shooter","ZeniMax Media, Bethesda Game Studios",16.178,0.049079243396383636,Medium (3-4),576,5.56,3.11,0.16,1.1099999999999999,9.959999999999999,Bethesda Softworks,Role-Playing,"PC, PS3, Xbox 360"
Uncharted: Drake's Fortune,2007-11-16,3.1,882.0,882.0,12000.0,98.0,1200.0,460.0,2007,11,Adventure,Naughty Dog,"Adventure, Platform, Shooter","Naughty Dog, Sony Computer Entertainment, Inc. (SCEI)",14.72,0.038330139155070414,Medium (3-4),577,2.31,1.73,0.12,0.78,4.94,Sony Computer Entertainment,Action,PS3
"Zero Escape: Nine Hours, Nine Persons, Nine Doors",2009-12-10,4.2,949.0,949.0,6100.0,162.0,1800.0,991.0,2009,12,Adventure,Chunsoft,"Adventure, Point-and-Click, Puzzle, Visual Novel","Chunsoft, Spike",10.782,0.16243238813309294,High (4+),578,0.0,0.0,0.0,0.0,0.0,,,
Lost Judgment,2021-09-24,4.3,790.0,790.0,1700.0,192.0,1700.0,1600.0,2021,9,Adventure,Ryū Ga Gotoku Studios,"Adventure, Brawler, RPG","Ryū Ga Gotoku Studios, Sega",7.45,0.940623162845385,High (4+),579,0.0,0.0,0.0,0.0,0.0,,,
Super Mario 3D Land,2011-11-03,3.5,1000.0,1000.0,12000.0,146.0,1000.0,461.0,2011,11,Platform,Nintendo EAD,Platform,"Nintendo EAD, Nintendo",14.422,0.03841346554453796,Medium (3-4),580,4.89,2.99,2.13,0.78,10.79,Nintendo,Platform,Nintendo 3DS
Gris,2018-12-13,3.6,911.0,911.0,6600.0,227.0,2700.0,1500.0,2018,12,Adventure,Nomada Studio,"Adventure, Indie, Platform, Puzzle","Nomada Studio, Devolver Digital",13.65,0.2272382972276928,Medium (3-4),581,0.0,0.0,0.0,0.0,0.0,,,
Silent Hill 3,2003-05-23,4.2,1100.0,1100.0,4900.0,156.0,2000.0,1400.0,2003,5,Adventure,Konami,"Adventure, Puzzle","Konami, Team Silent",10.7,0.28565598857376046,High (4+),582,0.35,0.27,0.0,0.09,0.71,Konami Digital Entertainment,Action,PS2
Call of Duty: Modern Warfare 2,2009-11-10,3.8,1000.0,1000.0,14000.0,34.0,666.0,276.0,2009,11,Shooter,Infinity Ward,Shooter,"Infinity Ward, Activision",15.551,0.019712877651596315,Medium (3-4),583,13.52,8.11,0.46,3.01,25.09,Activision,Shooter,"PC, PS3, Xbox 360"
The Walking Dead: Season One,2012-04-24,4.0,1200.0,1200.0,12000.0,111.0,1100.0,467.0,2012,4,Adventure,Telltale Games,"Adventure, Point-and-Click","Telltale Games, Sony Computer Entertainment",14.584,0.03891342388134322,Medium (3-4),584,1.29,0.73,0.05,0.29,2.36,Avanquest Software,Adventure,"PC, PS Vita, PS3, PS4, Xbox 360, Xbox One"
Mario Kart DS,2005-11-14,3.8,857.0,857.0,15000.0,36.0,417.0,159.0,2005,11,Racing,Nintendo EAD Group No. 1,Racing,Nintendo EAD Group No. 1,15.9435,0.010599293380441304,Medium (3-4),585,9.81,7.57,4.13,1.92,23.42,Nintendo,Racing,Nintendo DS
Apex Legends,2019-02-04,3.1,624.0,624.0,12000.0,669.0,463.0,82.0,2019,2,Shooter,Respawn Entertainment,Shooter,"Respawn Entertainment, Electronic Arts",12.8585,0.006832763936338638,Medium (3-4),586,0.0,0.0,0.0,0.0,0.0,,,
Devil May Cry 2,2003-01-25,1.6,620.0,620.0,6400.0,56.0,1600.0,517.0,2003,1,Adventure,Capcom,"Adventure, Brawler","Capcom, Capcom Production Studio 1",9.834,0.08076862990157788,Low (<3),587,0.71,0.58,0.51,0.17,1.97,Capcom,Action,PS2
The Legend of Zelda: Ocarina of Time 3D,2011-06-16,4.2,1000.0,1000.0,11000.0,314.0,1900.0,572.0,2011,6,Adventure,Grezzo,"Adventure, Puzzle, RPG","Grezzo, Nintendo",14.994,0.05199527315698573,High (4+),588,0.0,0.0,0.0,0.0,0.0,,,
Twelve Minutes,2021-08-19,2.4,526.0,526.0,4000.0,63.0,738.0,801.0,2021,8,Adventure,Annapurna Interactive,"Adventure, Indie, Point-and-Click, Puzzle","Annapurna Interactive, Luis Antonio",6.709,0.20019995001249688,Low (<3),589,0.0,0.0,0.0,0.0,0.0,,,
Rayman Legends,2013-08-30,4.0,921.0,921.0,9800.0,177.0,2300.0,643.0,2013,8,Adventure,Ubisoft Montpellier,"Adventure, Platform","Ubisoft Montpellier, Ubisoft Entertainment",14.536,0.06560555045403531,Medium (3-4),590,0.96,1.85,0.03,0.5,3.3600000000000003,Ubisoft,Platform,"PS Vita, PS3, PS4, Wii U, Xbox 360, Xbox One"
Uncharted 2: Among Thieves,2009-10-13,3.9,1400.0,1400.0,12000.0,96.0,1500.0,515.0,2009,10,Adventure,Naughty Dog,"Adventure, Platform, Shooter","Naughty Dog, Sony Computer Entertainment",15.28,0.04291309057578535,Medium (3-4),591,3.27,2.25,0.21,1.0,6.73,Sony Computer Entertainment,Action,PS3
Monster Hunter: World,2018-01-26,3.8,856.0,856.0,10000.0,474.0,2300.0,861.0,2018,1,Adventure,Capcom,"Adventure, RPG",Capcom,15.172,0.08609139086091391,Medium (3-4),592,0.0,0.0,0.0,0.0,0.0,,,
Milk inside a bag of milk inside a bag of milk,2020-08-26,3.3,503.0,503.0,3200.0,26.0,899.0,692.0,2020,8,Adventure,Nikita Kryukov,"Adventure, Indie, Visual Novel","Nikita Kryukov, Nikita Kaf Publishing",5.9325,0.2161824429865667,Medium (3-4),593,0.0,0.0,0.0,0.0,0.0,,,
The Legend of Zelda: A Link Between Worlds,2013-11-22,4.1,1300.0,1300.0,10000.0,168.0,2400.0,1100.0,2013,11,Adventure,Nintendo,"Adventure, Puzzle, RPG","Nintendo, Nintendo EAD Software Development Group No.3",15.8,0.10998900109989002,High (4+),594,1.4,0.99,0.46,0.22,3.07,Nintendo,Action,Nintendo 3DS
Final Fantasy XIV: Endwalker,2021-12-07,4.6,426.0,426.0,2500.0,454.0,683.0,391.0,2021,12,Adventure,Square Enix,"Adventure, RPG",Square Enix,4.3065,0.1563374650139944,High (4+),595,0.0,0.0,0.0,0.0,0.0,,,
The Legend of Zelda: The Minish Cap,2004-11-04,3.9,1100.0,1100.0,8700.0,280.0,2500.0,911.0,2004,11,Adventure,Nintendo,"Adventure, RPG","Nintendo, Capcom Production Studio 1",14.272,0.10470060912538788,Medium (3-4),596,0.89,0.22,0.22,0.1,1.42,Nintendo,Action,Game Boy Advance
Pokémon Go,2016-07-06,2.7,400.0,400.0,14000.0,575.0,197.0,22.0,2016,7,RPG,The Pokémon Company,"RPG, Simulator","The Pokémon Company, Niantic Labs",14.3395,0.0015713163345475324,Low (<3),597,0.0,0.0,0.0,0.0,0.0,,,
Night in the Woods,2017-02-21,4.0,1100.0,1100.0,6000.0,304.0,3200.0,1500.0,2017,2,Adventure,Finji,"Adventure, Indie, Platform","Finji, Infinite Fall",13.8,0.24995834027662056,Medium (3-4),598,0.0,0.0,0.0,0.0,0.0,,,
Shin Megami Tensei IV,2013-05-23,4.1,949.0,949.0,4300.0,397.0,2500.0,1100.0,2013,5,RPG,Atlus,RPG,"Atlus, Nintendo",10.25,0.2557544757033248,High (4+),599,0.28,0.0,0.27,0.02,0.57,Atlus,Role-Playing,Nintendo 3DS
Kingdom Hearts II,2005-12-22,4.3,1200.0,1200.0,9600.0,137.0,1600.0,652.0,2005,12,Adventure,Buena Vista Games,"Adventure, RPG","Buena Vista Games, Square Enix",13.304,0.06790959275075513,High (4+),600,2.72,1.01,1.5599999999999998,0.36,5.65,Square Enix,Role-Playing,"PS2, PS3"
Castlevania: Aria of Sorrow,2003-05-06,4.2,1000.0,1000.0,5100.0,114.0,1700.0,871.0,2003,5,Adventure,Konami Computer Entertainment Tokyo,"Adventure, Platform, RPG","Konami Computer Entertainment Tokyo, Konami",9.392,0.17075083316996667,High (4+),601,0.2,0.07,0.0,0.0,0.28,Konami Digital Entertainment,Platform,Game Boy Advance
Halo: Reach,2010-09-14,4.0,1200.0,1200.0,11000.0,98.0,1200.0,370.0,2010,9,Shooter,Bungie,Shooter,"Bungie, Microsoft Game Studios",13.54,0.03363330606308517,Medium (3-4),602,7.03,1.98,0.08,0.78,9.88,Microsoft Game Studios,Shooter,Xbox 360
Grand Theft Auto: Vice City,2002-10-27,3.8,1000.0,1000.0,12000.0,125.0,1600.0,526.0,2002,10,Adventure,Rockstar Games,"Adventure, Arcade, Racing, Shooter","Rockstar Games, Rockstar North",15.452,0.04382968085992834,Medium (3-4),603,8.41,5.5200000000000005,0.47,1.79,16.189999999999998,Take-Two Interactive,Action,"PC, PS2"
A Short Hike,2019-07-30,4.1,1100.0,1100.0,5400.0,91.0,1900.0,1000.0,2019,7,Adventure,adamgryu,"Adventure, Indie, Platform","adamgryu, Whippoorwill",10.25,0.18515089798185522,High (4+),604,0.0,0.0,0.0,0.0,0.0,,,
The Legend of Zelda: Tears of the Kingdom,2023-05-12,3.7,581.0,581.0,72.0,6.0,1600.0,5400.0,2023,5,Adventure,Nintendo,"Adventure, RPG","Nintendo, Nintendo EPD Production Group No. 3",13.272,73.97260273972603,Medium (3-4),605,0.0,0.0,0.0,0.0,0.0,,,
Assassin's Creed III,2012-10-30,3.0,707.0,707.0,12000.0,72.0,1200.0,390.0,2012,10,Adventure,Ubisoft Entertainment,"Adventure, Strategy","Ubisoft Entertainment, Ubisoft Montreal",14.58,0.0324972918923423,Low (<3),606,6.24,4.93,0.19,1.74,13.1,Ubisoft,Action,"PC, PS3, Wii U, Xbox 360"
Castlevania,1986-09-26,3.4,845.0,845.0,5700.0,58.0,869.0,365.0,1986,9,Adventure,Nintendo,"Adventure, Platform","Nintendo, Konami",7.7335,0.06402385546395369,Medium (3-4),607,0.98,0.16,0.66,0.060000000000000005,1.87,Konami Digital Entertainment,Platform,"NES, Nintendo 64"
Milk outside a bag of milk outside a bag of milk,2021-12-16,3.7,344.0,344.0,1500.0,55.0,828.0,651.0,2021,12,Adventure,Nikita Kryukov,"Adventure, Indie, Visual Novel",Nikita Kryukov,4.044,0.4337108594270486,Medium (3-4),608,0.0,0.0,0.0,0.0,0.0,,,
Lisa,2014-12-15,4.3,761.0,761.0,2900.0,143.0,2100.0,1300.0,2014,12,Adventure,Dingaling,"Adventure, Indie, RPG",Dingaling,8.65,0.448121337469838,High (4+),609,0.0,0.0,0.0,0.0,0.0,,,
Crash Bandicoot,1996-09-09,3.5,660.0,660.0,8700.0,58.0,702.0,288.0,1996,9,Platform,Sony Computer Entertainment,Platform,"Sony Computer Entertainment, Naughty Dog",10.329,0.03309964371911275,Medium (3-4),610,3.23,2.35,0.94,0.3,6.82,Sony Computer Entertainment,Platform,PS1
The Legend of Zelda: The Wind Waker HD,2013-09-26,4.3,887.0,887.0,6700.0,183.0,1700.0,910.0,2013,9,Adventure,Nintendo,"Adventure, Puzzle","Nintendo, Nintendo EAD Software Development Group No.3",11.07,0.13580062677212357,High (4+),611,0.0,0.0,0.0,0.0,0.0,,,
The Outer Worlds,2019-10-25,3.2,582.0,582.0,6600.0,256.0,2400.0,1300.0,2019,10,Adventure,Obsidian Entertainment,"Adventure, RPG, Shooter","Obsidian Entertainment, Private Division",12.8,0.19693985759733373,Medium (3-4),612,0.0,0.0,0.0,0.0,0.0,,,
The Legend of Zelda: Majora's Mask 3D,2015-02-12,4.1,797.0,797.0,6700.0,191.0,2200.0,813.0,2015,2,Adventure,Nintendo,"Adventure, RPG","Nintendo, Nintendo EAD Tokyo",11.626,0.12132517534696315,High (4+),613,1.14,0.54,0.47,0.17,2.32,Nintendo,Action,Nintendo 3DS
The Callisto Protocol,2022-12-02,2.9,266.0,266.0,737.0,62.0,511.0,1000.0,2022,12,Adventure,Krafton,"Adventure, Shooter","Krafton, Striking Distance Studios",3.5035,1.3550135501355014,Low (<3),614,0.0,0.0,0.0,0.0,0.0,,,
The Wolf Among Us,2013-10-11,3.9,837.0,837.0,8100.0,81.0,1500.0,678.0,2013,10,Adventure,Telltale Games,"Adventure, Point-and-Click",Telltale Games,11.706,0.08369337118874214,Medium (3-4),615,0.26,0.15,0.0,0.08,0.49,Telltale Games,Adventure,"PS Vita, PS3, PS4, Xbox 360, Xbox One"
Dead Space 2,2011-01-25,4.0,775.0,775.0,6000.0,97.0,1900.0,716.0,2011,1,Adventure,Electronic Arts,"Adventure, Shooter","Electronic Arts, Visceral Games",10.282,0.11931344775870688,Medium (3-4),616,1.7999999999999998,1.1,0.0,0.39,3.29,Electronic Arts,Shooter,"PC, PS3, Xbox 360"
Super Mario Bros. 2,1988-10-09,3.1,864.0,864.0,8400.0,40.0,767.0,189.0,1988,10,Adventure,Nintendo,"Adventure, Platform","Nintendo, Nintendo EAD",9.9285,0.022497321747411023,Medium (3-4),617,5.39,1.18,0.7,0.19,7.46,Nintendo,Platform,NES
Until Dawn,2015-08-25,3.4,812.0,812.0,8000.0,85.0,1200.0,585.0,2015,8,Adventure,Supermassive Games,Adventure,"Supermassive Games, Sony Computer Entertainment",10.97,0.07311586051743532,Medium (3-4),618,0.44,0.89,0.05,0.25,1.64,Sony Computer Entertainment Europe,Adventure,PS4
Kid Icarus: Uprising,2012-03-22,4.1,860.0,860.0,5400.0,140.0,1700.0,924.0,2012,3,Brawler,Nintendo,"Brawler, Shooter","Nintendo, Project Sora",9.798,0.1710794297352342,High (4+),619,0.48,0.35,0.36,0.07,1.28,Nintendo,Action,Nintendo 3DS
Chained Echoes,2022-12-08,4.2,191.0,191.0,445.0,228.0,584.0,598.0,2022,12,Adventure,Deck13 Spotlight,"Adventure, Indie, RPG, Strategy, Turn Based Strategy","Deck13 Spotlight, Ark Heiral",2.517,1.3408071748878925,High (4+),620,0.0,0.0,0.0,0.0,0.0,,,
BioShock Remastered,2016-09-14,4.0,509.0,509.0,4800.0,252.0,2200.0,341.0,2016,9,Adventure,2K Games,"Adventure, RPG, Shooter","2K Games, 2K Australia",8.782,0.07102686940220787,Medium (3-4),621,0.0,0.0,0.0,0.0,0.0,,,
Sonic Unleashed,2008-11-20,3.3,728.0,728.0,6500.0,118.0,995.0,476.0,2008,11,Adventure,Sega,"Adventure, Brawler, Platform","Sega, Sonic Team",8.9445,0.0732195046915859,Medium (3-4),622,2.75,1.3800000000000001,0.03,0.8,4.95,Sega,Platform,"PS2, PS3, Wii, Xbox 360"
Yakuza 5 Remastered,2019-06-20,4.1,665.0,665.0,2900.0,223.0,2400.0,852.0,2019,6,Adventure,Ryū Ga Gotoku Studios,Adventure,"Ryū Ga Gotoku Studios, Sega",8.204,0.2936918304033092,High (4+),623,0.0,0.0,0.0,0.0,0.0,,,
Metal Gear Solid 3: Subsistence,2005-12-22,4.6,641.0,641.0,3700.0,50.0,949.0,639.0,2005,12,Adventure,Konami Computer Entertainment Japan,"Adventure, Shooter, Tactical","Konami Computer Entertainment Japan, Konami",6.4015,0.17265603890840314,High (4+),624,0.34,0.01,0.15,0.06,0.55,Konami Digital Entertainment,Action,PS2
Super Mario World 2: Yoshi's Island,1995-08-05,4.1,1100.0,1100.0,7100.0,141.0,1500.0,360.0,1995,8,Platform,Nintendo EAD,Platform,"Nintendo EAD, Nintendo",10.07,0.050697084917617236,High (4+),625,3.4,1.06,2.38,0.18,7.03,Nintendo,Platform,"Game Boy Advance, SNES"
Devil May Cry 4,2008-01-31,3.6,511.0,511.0,6500.0,84.0,1700.0,681.0,2008,1,Adventure,Capcom,"Adventure, Brawler","Capcom, Capcom Production Studio 1",10.412,0.10475311490539917,Medium (3-4),626,1.39,0.8200000000000001,0.5,0.35,3.0700000000000003,Capcom,Action,"PC, PS3, PS4, Xbox 360"
Donut County,2018-08-28,3.4,695.0,695.0,5600.0,35.0,696.0,496.0,2018,8,Adventure,Annapurna Interactive,"Adventure, Indie, Puzzle","Annapurna Interactive, Ben Esposito",7.636,0.08855561506873773,Medium (3-4),627,0.0,0.0,0.0,0.0,0.0,,,
Assassin's Creed Origins,2017-10-26,3.4,788.0,788.0,7200.0,302.0,2000.0,681.0,2017,10,Adventure,Ubisoft Montreal,"Adventure, RPG","Ubisoft Montreal, Ubisoft Entertainment",11.562,0.09457019858353007,Medium (3-4),628,0.0,0.0,0.0,0.0,0.0,,,
Ghostwire: Tokyo,2022-03-24,3.1,387.0,387.0,1200.0,141.0,1100.0,1200.0,2022,3,Adventure,Bethesda Softworks,Adventure,"Bethesda Softworks, Tango Gameworks",5.25,0.9991673605328892,Medium (3-4),629,0.0,0.0,0.0,0.0,0.0,,,
Yakuza 4 Remastered,2019-01-17,3.7,655.0,655.0,3500.0,137.0,2100.0,815.0,2019,1,Adventure,SEGA of Japan,"Adventure, Brawler","SEGA of Japan, Ryū Ga Gotoku Studios",8.28,0.2327906312482148,Medium (3-4),630,0.0,0.0,0.0,0.0,0.0,,,
Call of Duty: Modern Warfare II,2022-10-28,3.3,347.0,347.0,1600.0,268.0,241.0,381.0,2022,10,Shooter,Infinity Ward,Shooter,"Infinity Ward, Activision",2.7235,0.23797626483447845,Medium (3-4),631,0.0,0.0,0.0,0.0,0.0,,,
Crash Bandicoot 4: It's About Time,2020-10-02,3.8,699.0,699.0,3200.0,293.0,1700.0,1300.0,2020,10,Platform,Toys for Bob,Platform,"Toys for Bob, Activision",8.35,0.40612308653545764,Medium (3-4),632,0.0,0.0,0.0,0.0,0.0,,,
Grand Theft Auto III,2001-10-22,3.3,711.0,711.0,7800.0,88.0,1300.0,373.0,2001,10,Adventure,DMA Design,"Adventure, Racing, Shooter, Simulator","DMA Design, Rockstar Games",10.496,0.04781438277143956,Medium (3-4),633,6.99,4.52,0.3,1.3,13.11,Take-Two Interactive,Action,"PC, PS2"
Dead by Daylight,2016-06-14,3.0,451.0,451.0,7100.0,520.0,726.0,196.0,2016,6,Indie,Starbreeze publishing AB,"Indie, Strategy","Starbreeze publishing AB, Behaviour Interactive",8.581,0.02760174623292494,Low (<3),634,0.0,0.0,0.0,0.0,0.0,,,
Abzu,2016-08-02,3.4,714.0,714.0,5400.0,59.0,2100.0,548.0,2016,8,Adventure,505 Games,"Adventure, Indie, Puzzle, Simulator","505 Games, Giant Squid",9.646,0.10146269209405666,Medium (3-4),635,0.0,0.0,0.0,0.0,0.0,,,
Batman: Arkham Origins,2013-10-16,3.4,642.0,642.0,7800.0,125.0,1700.0,632.0,2013,10,Adventure,WB Games,"Adventure, Brawler","WB Games, WB Games Montréal",11.614,0.08101525445455711,Medium (3-4),636,2.55,1.73,0.04,0.64,4.97,Warner Bros. Interactive Entertainment,Action,"PC, PS3, Wii U, Xbox 360"
Splatoon 2,2017-07-21,3.8,736.0,736.0,8900.0,215.0,697.0,419.0,2017,7,Platform,Nintendo,"Platform, Shooter","Nintendo, Nintendo EPD",10.7835,0.04707336254353443,Medium (3-4),637,0.0,0.0,0.0,0.0,0.0,,,
Pokémon HeartGold,2009-09-12,4.2,892.0,892.0,9500.0,128.0,749.0,331.0,2009,9,Adventure,The Pokémon Company,"Adventure, RPG, Turn Based Strategy","The Pokémon Company, Game Freak",11.2855,0.03483843805915167,High (4+),638,0.0,0.0,0.0,0.0,0.0,,,
Kena: Bridge of Spirits,2021-09-20,3.6,491.0,491.0,2000.0,204.0,1400.0,1700.0,2021,9,Adventure,Ember Lab,"Adventure, Indie",Ember Lab,7.5,0.8495752123938031,Medium (3-4),639,0.0,0.0,0.0,0.0,0.0,,,
Final Fantasy VIII,1999-02-11,3.6,982.0,982.0,5100.0,182.0,2400.0,715.0,1999,2,Adventure,Square,"Adventure, RPG","Square, Square Enix",10.13,0.1401685943932562,Medium (3-4),640,2.28,1.72,3.63,0.23,7.86,SquareSoft,Role-Playing,PS1
The Elder Scrolls IV: Oblivion,2006-03-20,3.7,725.0,725.0,8100.0,183.0,1900.0,563.0,2006,3,Adventure,Bethesda Game Studios,"Adventure, RPG","Bethesda Game Studios, 2K Games",12.076,0.0694975928897667,Medium (3-4),641,4.52,2.12,0.27,0.87,7.77,Take-Two Interactive,Role-Playing,"PC, PS3, Xbox 360"
The Silver Case,2016-10-07,4.2,641.0,641.0,1400.0,162.0,1200.0,714.0,2016,10,Adventure,NIS America,"Adventure, Puzzle, Visual Novel","NIS America, Grasshopper Manufacture",4.628,0.5096359743040685,High (4+),642,0.0,0.0,0.0,0.0,0.0,,,
Marvel's Spider-Man Remastered,2020-11-12,4.2,335.0,335.0,2800.0,206.0,574.0,472.0,2020,11,Adventure,Insomniac Games,"Adventure, Brawler","Insomniac Games, Sony Interactive Entertainment",4.605,0.1685112459835773,High (4+),643,0.0,0.0,0.0,0.0,0.0,,,
Alan Wake,2010-05-14,3.6,702.0,702.0,6200.0,96.0,2000.0,741.0,2010,5,Adventure,Microsoft Game Studios,"Adventure, Shooter","Microsoft Game Studios, Remedy Entertainment",10.682,0.11949685534591195,Medium (3-4),644,0.66,0.5700000000000001,0.05,0.14,1.4200000000000002,Microsoft Game Studios,Action,"PC, Xbox 360"
A Way Out,2018-03-23,3.6,620.0,620.0,6400.0,127.0,945.0,668.0,2018,3,Adventure,Electronic Arts,Adventure,"Electronic Arts, Hazelight Studios",9.1535,0.10435869395406967,Medium (3-4),645,0.0,0.0,0.0,0.0,0.0,,,
LEGO Batman: The Video Game,2008-04-18,3.6,643.0,643.0,8800.0,82.0,920.0,152.0,2008,4,Adventure,WB Games,"Adventure, Brawler, Platform","WB Games, Traveller's Tales",10.484,0.017270764685831157,Medium (3-4),646,0.0,0.0,0.0,0.0,0.0,,,
Borderlands 3,2019-09-13,3.2,530.0,530.0,5700.0,356.0,2200.0,681.0,2019,9,RPG,2K Games,"RPG, Shooter","2K Games, Gearbox Software",10.362,0.11945272759165058,Medium (3-4),647,0.0,0.0,0.0,0.0,0.0,,,
Dragon Ball FighterZ,2018-01-26,3.7,603.0,603.0,7800.0,258.0,715.0,325.0,2018,1,Fighting,Arc System Works,Fighting,"Arc System Works, Bandai Namco Entertainment",9.5225,0.04166132547109345,Medium (3-4),648,0.0,0.0,0.0,0.0,0.0,,,
Ico,2001-09-24,4.0,671.0,671.0,3500.0,83.0,1800.0,1200.0,2001,9,Adventure,Team Ico,"Adventure, Platform, Puzzle","Team Ico, Sony Computer Entertainment, Inc. (SCEI)",8.6,0.3427592116538132,Medium (3-4),649,0.23,0.18,0.06,0.06,0.53,Sony Computer Entertainment,Action,"PS2, PS3"
Shin Megami Tensei III: Nocturne - HD Remaster,2020-10-28,4.0,457.0,457.0,1800.0,387.0,2000.0,1300.0,2020,10,RPG,Ghostlight Ltd.,"RPG, Turn Based Strategy","Ghostlight Ltd., Atlus",7.4,0.7218212104386452,Medium (3-4),650,0.0,0.0,0.0,0.0,0.0,,,
The Witness,2016-01-26,3.6,651.0,651.0,5300.0,186.0,2100.0,643.0,2016,1,Adventure,"Thekla, Inc","Adventure, Indie, Puzzle","Thekla, Inc",9.736,0.12129786832673081,Medium (3-4),651,0.0,0.0,0.0,0.0,0.0,,,
Animal Crossing: New Leaf,2012-11-08,4.0,813.0,813.0,9900.0,156.0,586.0,383.0,2012,11,Simulator,Nintendo,Simulator,"Nintendo, Nintendo EAD Group No. 2",11.545,0.03868296131703868,Medium (3-4),652,2.01,2.32,4.36,0.41,9.09,Nintendo,Simulation,Nintendo 3DS
Wo Long: Fallen Dynasty,2023-03-03,3.5,284.0,284.0,513.0,241.0,390.0,727.0,2023,3,Adventure,Koei Tecmo Games,"Adventure, RPG","Koei Tecmo Games, Team NINJA",2.552,1.4143968871595332,Medium (3-4),653,0.0,0.0,0.0,0.0,0.0,,,
Final Fantasy VII Remake Intergrade,2021-06-10,4.2,445.0,445.0,2400.0,297.0,1400.0,790.0,2021,6,Adventure,Square Enix,"Adventure, RPG",Square Enix,6.08,0.3290295710120783,High (4+),654,0.0,0.0,0.0,0.0,0.0,,,
Sonic Adventure 2,2001-06-23,3.6,842.0,842.0,5100.0,89.0,1000.0,342.0,2001,6,Adventure,Sega,"Adventure, Platform","Sega, Sonic Team USA",7.284,0.0670456773181729,Medium (3-4),655,0.0,0.0,0.12,0.0,0.12,Sega,Platform,Dreamcast
Destiny 2,2017-09-06,2.9,507.0,507.0,8700.0,524.0,845.0,103.0,2017,9,Adventure,Activision,"Adventure, RPG, Shooter","Activision, Bungie",10.1735,0.011837719802321572,Low (<3),656,0.0,0.0,0.0,0.0,0.0,,,
Kirby's Dream Land,1992-04-27,3.2,691.0,691.0,5300.0,22.0,411.0,178.0,1992,4,Platform,HAL Laboratory,Platform,"HAL Laboratory, Nintendo",6.2725,0.03357857008111677,Medium (3-4),657,2.71,0.61,1.7,0.11,5.13,Nintendo,Platform,Game Boy
Mario Kart 8,2014-05-29,3.9,643.0,643.0,9300.0,40.0,225.0,121.0,2014,5,Arcade,Nintendo,"Arcade, Racing","Nintendo, Nintendo EAD Group No. 1",9.8795,0.013009353832921192,Medium (3-4),658,3.13,2.07,1.27,0.49,6.96,Nintendo,Racing,Wii U
Xenoblade Chronicles,2010-06-10,4.2,828.0,828.0,3900.0,142.0,1300.0,732.0,2010,6,Adventure,Nintendo,"Adventure, RPG","Nintendo, Monolith Soft",7.314,0.18764419379646244,High (4+),659,0.75,0.4,0.28,0.12,1.54,Nintendo,Role-Playing,"Nintendo 3DS, Wii"
The Forgotten City,2021-07-28,3.9,471.0,471.0,1700.0,53.0,818.0,701.0,2021,7,Adventure,Modern Storyteller,"Adventure, Indie, RPG","Modern Storyteller, Dear Villagers",4.329,0.41211052322163433,Medium (3-4),660,0.0,0.0,0.0,0.0,0.0,,,
Untitled Goose Game,2019-09-20,3.6,642.0,642.0,6500.0,137.0,1300.0,1200.0,2019,9,Adventure,House House,"Adventure, Indie, Puzzle, Simulator","House House, Panic",10.85,0.18458698661744347,Medium (3-4),661,0.0,0.0,0.0,0.0,0.0,,,
Sonic Adventure 2: Battle,2001-12-20,3.7,742.0,742.0,6800.0,78.0,771.0,248.0,2001,12,Adventure,Sonic Team,"Adventure, Platform","Sonic Team, Sega",8.4525,0.03646522570210263,Medium (3-4),662,0.0,0.0,0.0,0.0,0.0,,,
Saints Row: The Third,2011-11-15,3.4,482.0,482.0,9400.0,74.0,879.0,210.0,2011,11,Adventure,Volition,"Adventure, Racing, Shooter","Volition, THQ",11.1385,0.022338049143708117,Medium (3-4),663,2.27,2.37,0.25,0.75,5.640000000000001,THQ,Action,"PC, PS3, Xbox 360"
Call of Duty: Black Ops III,2015-11-06,3.1,550.0,550.0,8200.0,78.0,625.0,185.0,2015,11,Adventure,Activision,"Adventure, Shooter","Activision, Treyarch",9.5075,0.022558224606755273,Medium (3-4),664,0.0,0.0,0.0,0.0,0.0,,,
Pokémon Red,1996-02-27,3.4,734.0,734.0,8800.0,57.0,425.0,154.0,1996,2,Adventure,Nintendo,"Adventure, RPG, Turn Based Strategy","Nintendo, Game Freak",9.7455,0.01749801158959209,Medium (3-4),665,0.0,0.0,0.0,0.0,0.0,,,
Tinykin,2022-08-30,4.0,416.0,416.0,753.0,39.0,276.0,376.0,2022,8,Adventure,Splashteam,"Adventure, Arcade, Indie, Platform, Puzzle, RPG","Splashteam, tinyBuild",1.919,0.4986737400530504,Medium (3-4),666,0.0,0.0,0.0,0.0,0.0,,,
Dragon's Dogma: Dark Arisen,2013-04-23,3.8,458.0,458.0,3300.0,215.0,2200.0,469.0,2013,4,Adventure,Capcom,"Adventure, RPG",Capcom,7.538,0.14207815813389882,Medium (3-4),667,0.0,0.0,0.0,0.0,0.0,,,
Brawlhalla,2014-04-30,2.6,295.0,295.0,6900.0,146.0,294.0,36.0,2014,4,Arcade,Ubisoft,"Arcade, Fighting, Indie, Platform","Ubisoft, Blue Mammoth Games",7.413,0.005216635270250688,Low (<3),668,0.0,0.0,0.0,0.0,0.0,,,
Pokémon Unite,2021-07-20,2.7,285.0,285.0,4500.0,263.0,184.0,65.0,2021,7,MOBA,Timi,MOBA,"Timi, The Pokémon Company",4.906,0.014441235281048655,Low (<3),669,0.0,0.0,0.0,0.0,0.0,,,
Black Mesa,2020-03-06,4.1,459.0,459.0,3700.0,200.0,1500.0,600.0,2020,3,Adventure,Crowbar Collective,"Adventure, Indie, Platform, Shooter",Crowbar Collective,7.15,0.1621183463928668,High (4+),670,0.0,0.0,0.0,0.0,0.0,,,
The Messenger,2018-08-30,3.8,613.0,613.0,3700.0,157.0,1700.0,702.0,2018,8,Adventure,Sabotage,"Adventure, Arcade, Indie, Platform","Sabotage, Devolver Digital",7.654,0.18967846527965415,Medium (3-4),671,0.0,0.0,0.0,0.0,0.0,,,
Jet Set Radio,2012-09-18,3.7,504.0,504.0,3500.0,112.0,1900.0,671.0,2012,9,Platform,BlitWorks,Platform,"BlitWorks, Sega",7.692,0.1916595258497572,Medium (3-4),672,0.0,0.0,0.0,0.0,0.0,,,
Pathologic 2,2019-05-23,4.3,513.0,513.0,1300.0,155.0,1800.0,1300.0,2019,5,Adventure,Ice-Pick Lodge,"Adventure, Indie, RPG","Ice-Pick Lodge, tinyBuild",6.6,0.9992313604919293,High (4+),673,0.0,0.0,0.0,0.0,0.0,,,
Tactics Ogre: Reborn,2022-11-11,4.1,206.0,206.0,279.0,137.0,599.0,620.0,2022,11,RPG,Square Enix,"RPG, Simulator, Strategy, Tactical",Square Enix,2.4175,2.2142857142857144,High (4+),674,0.0,0.0,0.0,0.0,0.0,,,
Hyper Light Drifter,2016-03-31,3.8,599.0,599.0,4000.0,160.0,2600.0,981.0,2016,3,Adventure,Heart Machine,"Adventure, Indie, Platform, RPG",Heart Machine,9.862,0.24518870282429392,Medium (3-4),675,0.0,0.0,0.0,0.0,0.0,,,
Left 4 Dead,2008-11-17,3.6,488.0,488.0,8600.0,35.0,772.0,213.0,2008,11,Shooter,Certain Affinity,Shooter,"Certain Affinity, Valve",10.184,0.0247645622602023,Medium (3-4),676,2.66,0.52,0.05,0.3,3.54,Electronic Arts,Shooter,"PC, Xbox 360"
The 25th Ward: The Silver Case,2018-03-13,4.4,482.0,482.0,751.0,68.0,1000.0,738.0,2018,3,Adventure,NIS America,"Adventure, Puzzle, Visual Novel","NIS America, Grasshopper Manufacture",3.727,0.9813829787234043,High (4+),677,0.0,0.0,0.0,0.0,0.0,,,
Darkest Dungeon,2016-01-19,3.6,476.0,476.0,5200.0,328.0,2300.0,504.0,2016,1,Adventure,Red Hook Studios,"Adventure, Indie, RPG, Strategy, Turn Based Strategy",Red Hook Studios,9.658,0.09690444145356662,Medium (3-4),678,0.0,0.0,0.0,0.0,0.0,,,
Roblox,2006-09-01,2.8,187.0,187.0,5100.0,213.0,102.0,14.0,2006,9,Adventure,Roblox Corporation,"Adventure, Platform, Simulator",Roblox Corporation,5.281,0.002744559890217604,Low (<3),679,0.0,0.0,0.0,0.0,0.0,,,
The Last Guardian,2016-12-06,3.7,658.0,658.0,3200.0,83.0,2300.0,1300.0,2016,12,Adventure,Team Ico,"Adventure, Platform, Puzzle","Team Ico, Sony Interactive Entertainment",9.25,0.40612308653545764,Medium (3-4),680,0.0,0.0,0.0,0.0,0.0,,,
Drakengard 3,2013-12-19,3.8,503.0,503.0,1900.0,128.0,1400.0,946.0,2013,12,Adventure,Access Games,"Adventure, Brawler, RPG, Strategy","Access Games, Square Enix",5.892,0.49763282482903737,Medium (3-4),681,0.1,0.0,0.19,0.02,0.3,Square Enix,Role-Playing,PS3
Half-Life 2: Episode One,2006-06-01,3.7,469.0,469.0,7000.0,39.0,1600.0,262.0,2006,6,Shooter,Valve,Shooter,"Valve, CyberFront",9.924,0.03742322525353521,Medium (3-4),682,0.0,0.0,0.0,0.0,0.0,,,
Assassin's Creed Revelations,2011-11-14,3.3,628.0,628.0,8700.0,64.0,1000.0,343.0,2011,11,Adventure,Ubisoft Montreal,Adventure,"Ubisoft Montreal, Ubisoft Entertainment",10.886,0.039420756234915526,Medium (3-4),683,0.0,0.0,0.0,0.0,0.0,,,
Half-Life 2: Episode Two,2007-10-09,4.1,517.0,517.0,6900.0,43.0,1800.0,301.0,2007,10,Puzzle,CyberFront,"Puzzle, Shooter","CyberFront, Valve",10.202,0.04361686712070714,High (4+),684,0.0,0.0,0.0,0.0,0.0,,,
Mega Man,1987-12-17,2.8,639.0,639.0,5400.0,26.0,452.0,152.0,1987,12,Adventure,Capcom,"Adventure, Platform",Capcom,6.382,0.028142936493241993,Low (<3),685,0.45,0.08,0.27,0.01,0.81,Capcom,Platform,NES
PowerWash Simulator,2021-05-19,3.7,304.0,304.0,1700.0,242.0,255.0,274.0,2021,5,Indie,Square Enix,"Indie, Simulator","Square Enix, FuturLab",2.6305,0.1610817166372722,Medium (3-4),686,0.0,0.0,0.0,0.0,0.0,,,
Cave Story,2004-12-20,4.2,543.0,543.0,3700.0,87.0,1300.0,693.0,2004,12,Adventure,Studio Pixel,"Adventure, Indie, Platform, Shooter",Studio Pixel,7.036,0.18724669008376116,High (4+),687,0.0,0.0,0.0,0.0,0.0,,,
Final Fantasy XIV: Shadowbringers,2019-07-02,4.6,401.0,401.0,3000.0,192.0,517.0,267.0,2019,7,RPG,Square Enix,RPG,Square Enix,4.3095,0.08897034321892702,High (4+),688,0.0,0.0,0.0,0.0,0.0,,,
Days Gone,2019-04-26,3.2,610.0,610.0,3900.0,212.0,1800.0,644.0,2019,4,Adventure,SIE Bend Studio,"Adventure, Shooter","SIE Bend Studio, Sony Interactive Entertainment",7.888,0.16508587541655986,Medium (3-4),689,0.0,0.0,0.0,0.0,0.0,,,
Tom Clancy's Rainbow Six Siege,2015-12-01,3.2,424.0,424.0,7900.0,302.0,381.0,139.0,2015,12,Shooter,Ubisoft Entertainment,"Shooter, Tactical","Ubisoft Entertainment, Ubisoft Montreal",8.7495,0.0175927097835717,Medium (3-4),690,0.0,0.0,0.0,0.0,0.0,,,
Trek to Yomi,2022-05-05,2.7,262.0,262.0,1000.0,67.0,457.0,446.0,2022,5,Adventure,Devolver Digital,"Adventure, Brawler, Indie","Devolver Digital, Leonard Menchiari",2.5775,0.44555444555444557,Low (<3),691,0.0,0.0,0.0,0.0,0.0,,,
Sonic CD,1993-09-23,3.4,629.0,629.0,4900.0,43.0,656.0,223.0,1993,9,Platform,Sonic Team,Platform,"Sonic Team, Sega",6.33,0.045500918179963275,Medium (3-4),692,1.0,0.36,0.09,0.05,1.5,Sega,Platform,Sega CD
Mario Kart: Double Dash!!,2003-11-07,3.9,808.0,808.0,8400.0,31.0,449.0,265.0,2003,11,Racing,Nintendo EAD,Racing,"Nintendo EAD, Nintendo",9.6035,0.031543863825735034,Medium (3-4),693,4.12,1.77,0.87,0.19,6.95,Nintendo,Racing,GameCube
Rayman Origins,2011-11-15,3.8,547.0,547.0,6200.0,85.0,1200.0,417.0,2011,11,Adventure,Ubisoft Montpellier,"Adventure, Platform","Ubisoft Montpellier, Ubisoft Entertainment",8.834,0.06724721819061441,Medium (3-4),694,1.1300000000000001,1.63,0.01,0.46,3.22,Ubisoft,Platform,"Nintendo 3DS, PC, PS Vita, PS3, Wii, Xbox 360"
Klonoa Phantasy Reverie Series,2022-07-08,3.8,197.0,197.0,647.0,119.0,563.0,782.0,2022,7,Adventure,MONKEYCRAFT Co. Ltd,"Adventure, Platform","MONKEYCRAFT Co. Ltd, Bandai Namco Entertainment",3.0555,1.2067901234567902,Medium (3-4),695,0.0,0.0,0.0,0.0,0.0,,,
Hitman 2,2018-11-13,4.0,605.0,605.0,5000.0,164.0,1800.0,607.0,2018,11,Adventure,WB Games,"Adventure, Shooter, Tactical","WB Games, IO Interactive",8.914,0.121375724855029,Medium (3-4),696,0.0,0.0,0.0,0.0,0.0,,,
Max Payne 3,2012-05-15,3.7,593.0,593.0,5600.0,43.0,1000.0,518.0,2012,5,Shooter,Rockstar Games,Shooter,"Rockstar Games, Rockstar Vancouver",8.136,0.09248348509194787,Medium (3-4),697,1.5999999999999999,1.78,0.06999999999999999,0.52,3.9899999999999998,Take-Two Interactive,Shooter,"PC, PS3, Xbox 360"
Catherine: Full Body,2019-02-14,3.8,451.0,451.0,2600.0,152.0,1700.0,1200.0,2019,2,Adventure,Atlus,"Adventure, Platform, Puzzle, Simulator, Strategy","Atlus, Studio Zero",7.55,0.461361014994233,Medium (3-4),698,0.0,0.0,0.0,0.0,0.0,,,
Kirby: Planet Robobot,2016-04-28,4.2,669.0,669.0,3600.0,82.0,1000.0,644.0,2016,4,Adventure,HAL Laboratory,"Adventure, Platform","HAL Laboratory, Nintendo",6.388,0.17883921133018607,High (4+),699,0.26,0.1,0.44,0.04,0.85,Nintendo,Action,Nintendo 3DS
Battlefield 1,2016-10-21,3.4,513.0,513.0,7200.0,108.0,741.0,150.0,2016,10,Shooter,EA Digital Illusions CE,Shooter,"EA Digital Illusions CE, Electronic Arts",8.6115,0.02083044021663658,Medium (3-4),700,0.0,0.0,0.0,0.0,0.0,,,
Kirby’s Return to Dream Land Deluxe,2023-02-24,4.2,230.0,230.0,408.0,159.0,246.0,513.0,2023,2,Adventure,Nintendo,"Adventure, Platform",Nintendo,1.803,1.254278728606357,High (4+),701,0.0,0.0,0.0,0.0,0.0,,,
Persona 2: Eternal Punishment,2000-06-29,4.1,594.0,594.0,1600.0,107.0,2000.0,993.0,2000,6,Adventure,Atlus,"Adventure, RPG",Atlus,6.586,0.6202373516552155,High (4+),702,0.03,0.02,0.33,0.02,0.39999999999999997,Atlus,Role-Playing,"PS1, PSP"
Star Wars Battlefront II,2017-11-17,3.1,534.0,534.0,7800.0,128.0,826.0,140.0,2017,11,Adventure,EA Digital Illusions CE,"Adventure, Shooter","EA Digital Illusions CE, Electronic Arts",9.319,0.017946417126009487,Medium (3-4),703,0.0,0.0,0.0,0.0,0.0,,,
Super Paper Mario,2007-04-09,3.8,688.0,688.0,6200.0,76.0,1500.0,572.0,2007,4,Adventure,Nintendo,"Adventure, Platform, RPG","Nintendo, Intelligent Systems",9.594,0.09224318658280922,Medium (3-4),704,1.98,0.88,0.59,0.32,3.76,Nintendo,Platform,Wii
The Great Ace Attorney 2: Resolve,2017-08-03,4.6,386.0,386.0,1100.0,75.0,771.0,468.0,2017,8,Adventure,Capcom,"Adventure, Point-and-Click, Puzzle, Visual Novel",Capcom,3.1925,0.4250681198910082,High (4+),705,0.0,0.0,0.0,0.0,0.0,,,
Bugsnax,2020-11-12,3.6,625.0,625.0,2700.0,141.0,1300.0,671.0,2020,11,Adventure,Young Horses,"Adventure, Indie, Puzzle",Young Horses,5.992,0.2484265087004813,Medium (3-4),706,0.0,0.0,0.0,0.0,0.0,,,
Star Wars: Battlefront II,2005-10-31,4.0,650.0,650.0,7700.0,35.0,520.0,189.0,2005,10,Shooter,Pandemic Studios,Shooter,"Pandemic Studios, LucasArts",8.858,0.024542267238021036,Medium (3-4),707,4.47,1.6,0.04,0.57,6.67,LucasArts,Shooter,"PC, PS2, PSP, Xbox"
Pokémon Shield,2019-11-15,2.9,548.0,548.0,6300.0,193.0,514.0,253.0,2019,11,Adventure,The Pokémon Company,"Adventure, RPG, Turn Based Strategy","The Pokémon Company, Game Freak",7.577,0.04015235676876686,Low (<3),708,0.0,0.0,0.0,0.0,0.0,,,
Super Castlevania IV,1991-10-31,3.7,627.0,627.0,3700.0,45.0,863.0,271.0,1991,10,Adventure,Konami,"Adventure, Platform",Konami,5.5365,0.07322345312077817,Medium (3-4),709,0.32,0.05,0.25,0.01,0.63,Konami Digital Entertainment,Platform,SNES
Brothers: A Tale of Two Sons,2013-08-07,3.5,511.0,511.0,4000.0,28.0,1300.0,334.0,2013,8,Adventure,Starbreeze Studios,"Adventure, Indie, Puzzle","Starbreeze Studios, Spike ChunSoft",6.618,0.08347913021744564,Medium (3-4),710,0.06,0.09,0.0,0.02,0.17,505 Games,Adventure,"PS4, Xbox One"
Call of Duty: Modern Warfare,2019-10-25,3.4,525.0,525.0,5100.0,84.0,431.0,339.0,2019,10,Shooter,Infinity Ward,Shooter,"Infinity Ward, Activision",6.4245,0.06645755734169771,Medium (3-4),711,0.0,0.0,0.0,0.0,0.0,,,
GoldenEye 007,1997-08-23,3.6,610.0,610.0,4500.0,60.0,646.0,334.0,1997,8,Shooter,Nintendo,Shooter,"Nintendo, Rare",6.137,0.07420573205954233,Medium (3-4),712,5.8,2.01,0.13,0.15,8.09,Nintendo,Shooter,Nintendo 64
"WarioWare, Inc.: Mega Microgames!",2003-03-21,3.9,523.0,523.0,3500.0,43.0,374.0,227.0,2003,3,Arcade,Nintendo R&D1,Arcade,"Nintendo R&D1, Nintendo",4.515,0.06483861753784632,Medium (3-4),713,0.0,0.0,0.0,0.0,0.0,,,
Evil West,2022-11-22,3.3,148.0,148.0,335.0,38.0,293.0,510.0,2022,11,Adventure,Focus Entertainment,"Adventure, Brawler, Shooter","Focus Entertainment, Flying Wild Hog",1.7945,1.5178571428571428,Medium (3-4),714,0.0,0.0,0.0,0.0,0.0,,,
Gravity Rush 2,2017-01-18,3.9,516.0,516.0,2100.0,122.0,1900.0,1000.0,2017,1,Adventure,SIE Japan Studio,"Adventure, Platform","SIE Japan Studio, Sony Interactive Entertainment",6.95,0.47596382674916704,Medium (3-4),715,0.0,0.0,0.0,0.0,0.0,,,
Metroid Prime 2: Echoes,2004-11-15,4.0,606.0,606.0,3000.0,75.0,1800.0,588.0,2004,11,Adventure,Retro Studios,"Adventure, Platform, Shooter","Retro Studios, Nintendo",6.876,0.19593468843718762,Medium (3-4),716,0.87,0.35,0.07,0.04,1.33,Nintendo,Shooter,GameCube
The Forest,2018-04-30,3.2,293.0,293.0,4500.0,143.0,597.0,291.0,2018,4,Adventure,Endnight Games Ltd,"Adventure, Indie, Puzzle, Simulator",Endnight Games Ltd,5.9775,0.06465229948900245,Medium (3-4),717,0.0,0.0,0.0,0.0,0.0,,,
CrossCode,2018-09-20,4.0,351.0,351.0,1500.0,213.0,1500.0,741.0,2018,9,Adventure,Deck13 Interactive,"Adventure, Indie, Puzzle, RPG","Deck13 Interactive, Radical Fish Games",5.232,0.4936708860759494,Medium (3-4),718,0.0,0.0,0.0,0.0,0.0,,,
Sekiro: Shadows Die Twice - GOTY Edition,2020-10-28,4.6,173.0,173.0,1400.0,153.0,461.0,373.0,2020,10,Adventure,Activision,"Adventure, Brawler, RPG","Activision, FromSoftware",2.8375,0.2662384011420414,High (4+),719,0.0,0.0,0.0,0.0,0.0,,,
Saints Row IV,2013-08-19,3.1,386.0,386.0,7200.0,64.0,775.0,176.0,2013,8,Adventure,Volition,"Adventure, Shooter","Volition, Deep Silver",8.7145,0.02444104985418692,Medium (3-4),720,1.9100000000000001,1.29,0.13,0.45,3.76,Deep Silver,Action,"PC, PS3, PS4, Xbox 360, Xbox One"
Fallout 2,1998-10-29,4.1,532.0,532.0,2400.0,72.0,2100.0,493.0,1998,10,RPG,Black Isle Studios,"RPG, Turn Based Strategy","Black Isle Studios, Interplay Entertainment",6.536,0.2053311120366514,High (4+),721,0.0,0.0,0.0,0.0,0.0,,,
Chrono Cross,1999-11-18,4.0,554.0,554.0,1700.0,60.0,1500.0,768.0,1999,11,RPG,Square,RPG,Square,5.486,0.4514991181657848,Medium (3-4),722,0.62,0.42,0.69,0.12,1.86,SquareSoft,Role-Playing,PS1
Fire Emblem: Path of Radiance,2005-04-20,4.2,703.0,703.0,2900.0,155.0,1500.0,716.0,2005,4,RPG,"Intelligent Systems Co., Ltd.","RPG, Strategy, Tactical, Turn Based Strategy","Intelligent Systems Co., Ltd., Nintendo",6.582,0.24681144432954152,High (4+),723,0.29,0.08,0.16,0.01,0.54,Nintendo,Action,GameCube
Kingdom Hearts Final Mix,2002-12-26,3.8,428.0,428.0,3700.0,104.0,452.0,162.0,2002,12,RPG,Square,RPG,"Square, Squaresoft",4.702,0.043771953526074034,Medium (3-4),724,0.0,0.0,0.0,0.0,0.0,,,
Professor Layton and the Curious Village,2007-02-15,3.7,439.0,439.0,4200.0,128.0,879.0,407.0,2007,2,Point-and-Click,Nintendo,"Point-and-Click, Puzzle, Visual Novel","Nintendo, Level-5",6.3325,0.0968816948345632,Medium (3-4),725,1.22,2.48,1.03,0.52,5.26,Nintendo,Puzzle,Nintendo DS
Ys VIII: Lacrimosa of Dana,2016-07-21,4.2,620.0,620.0,1900.0,131.0,1100.0,575.0,2016,7,Adventure,NIS America,"Adventure, RPG","NIS America, Nihon Falcom",4.7,0.30247238295633877,High (4+),726,0.0,0.0,0.09,0.0,0.09,Nihon Falcom Corporation,Role-Playing,PS Vita
Hotel Dusk: Room 215,2007-01-22,4.0,439.0,439.0,1600.0,87.0,1300.0,838.0,2007,1,Adventure,Nintendo,"Adventure, Point-and-Click, Puzzle, Visual Novel","Nintendo, Cing",5.226,0.523422860712055,Medium (3-4),727,0.27,0.05,0.22,0.03,0.56,Nintendo,Adventure,Nintendo DS
Postal 2,2003-04-13,3.4,338.0,338.0,3400.0,67.0,739.0,183.0,2003,4,Adventure,Running with Scissors,"Adventure, Indie, Shooter","Running with Scissors, Whiptail Interactive",4.8745,0.05380770361658336,Medium (3-4),728,0.0,0.0,0.0,0.0,0.0,,,
Fez,2012-04-13,3.6,493.0,493.0,4400.0,90.0,1500.0,561.0,2012,4,Adventure,Microsoft Studios,"Adventure, Indie, Platform, Puzzle",Microsoft Studios,7.772,0.1274710293115201,Medium (3-4),729,0.0,0.0,0.0,0.0,0.0,,,
Marvel's Midnight Suns,2022-12-02,3.9,172.0,172.0,280.0,145.0,277.0,459.0,2022,12,RPG,Firaxis Games,"RPG, Strategy, Tactical","Firaxis Games, 2K Games",1.6135,1.6334519572953736,Medium (3-4),730,0.0,0.0,0.0,0.0,0.0,,,
Streets of Rage 4,2020-04-30,3.9,620.0,620.0,2900.0,80.0,693.0,538.0,2020,4,Arcade,Lizardcube,"Arcade, Brawler, Fighting, Indie","Lizardcube, DotEmu",5.0155,0.1854532919682868,Medium (3-4),731,0.0,0.0,0.0,0.0,0.0,,,
Shin Megami Tensei: Persona,2009-10-22,2.9,416.0,416.0,2500.0,161.0,1600.0,797.0,2009,10,RPG,Atlus,RPG,Atlus,6.494,0.31867253098760495,Low (<3),732,0.08,0.0,0.13,0.01,0.22,Atlus,Role-Playing,PSP
Kirby's Return to Dream Land,2011-10-24,4.0,509.0,509.0,4100.0,58.0,675.0,409.0,2011,10,Adventure,HAL Laboratory,"Adventure, Platform","HAL Laboratory, Nintendo",5.9305,0.0997317727383565,Medium (3-4),733,0.0,0.0,0.0,0.0,0.0,,,
BioShock 2 Remastered,2016-09-14,3.7,295.0,295.0,2400.0,71.0,2000.0,246.0,2016,9,RPG,2K Games,"RPG, Shooter","2K Games, 2K Australia",5.892,0.102457309454394,Medium (3-4),734,0.0,0.0,0.0,0.0,0.0,,,
God of War: Chains of Olympus,2008-03-04,3.2,396.0,396.0,4000.0,31.0,599.0,300.0,2008,3,Adventure,"Sony Computer Entertainment, Inc. (SCEI)","Adventure, Brawler","Sony Computer Entertainment, Inc. (SCEI), Ready at Dawn",5.4985,0.07498125468632842,Medium (3-4),735,1.48,1.01,0.04,0.66,3.19,Sony Computer Entertainment,Action,PSP
Splatoon,2015-05-28,3.7,509.0,509.0,6100.0,28.0,320.0,227.0,2015,5,Platform,Nintendo EAD Group No. 2,"Platform, Shooter","Nintendo EAD Group No. 2, Nintendo",7.034,0.03720701524340272,Medium (3-4),736,1.55,1.15,1.44,0.43,4.57,Nintendo,Shooter,Wii U
Nickelodeon All-Star Brawl,2021-10-05,2.5,251.0,251.0,1900.0,51.0,280.0,172.0,2021,10,Arcade,Ludosity,"Arcade, Fighting","Ludosity, Game Mill Entertainment",2.664,0.09047869542346133,Low (<3),737,0.0,0.0,0.0,0.0,0.0,,,
The Great Ace Attorney: Adventures,2015-07-09,4.1,385.0,385.0,1600.0,141.0,838.0,586.0,2015,7,Adventure,Capcom,"Adventure, Point-and-Click, Puzzle, Visual Novel",Capcom,4.029,0.3660212367270456,High (4+),738,0.0,0.0,0.0,0.0,0.0,,,
Sonic Rush,2005-11-15,3.6,536.0,536.0,4600.0,61.0,671.0,292.0,2005,11,Platform,Sonic Team,Platform,"Sonic Team, Sega",6.1905,0.06346446424690284,Medium (3-4),739,1.22,1.57,0.06,0.29,3.15,Sega,Platform,Nintendo DS
Street Fighter V,2016-02-15,3.0,377.0,377.0,5000.0,109.0,482.0,166.0,2016,2,Arcade,Capcom,"Arcade, Fighting",Capcom,6.055,0.033193361327734455,Low (<3),740,0.35,0.31,0.08,0.13,0.87,Capcom,Fighting,"PC, PS4"
Somerville,2022-11-15,2.8,169.0,169.0,442.0,20.0,200.0,377.0,2022,11,Adventure,Jumpship,Adventure,Jumpship,1.496,0.8510158013544018,Low (<3),741,0.0,0.0,0.0,0.0,0.0,,,
Bully: Scholarship Edition,2008-02-04,4.0,330.0,330.0,3900.0,92.0,1000.0,457.0,2008,2,Adventure,Rockstar Games,Adventure,"Rockstar Games, Rockstar Toronto",6.314,0.11714944885926686,Medium (3-4),742,0.7000000000000001,0.71,0.03,0.16999999999999998,1.62,Take-Two Interactive,Action,"PC, Wii, Xbox 360"
Borderlands: The Pre-Sequel,2014-10-14,2.9,375.0,375.0,5300.0,100.0,1900.0,238.0,2014,10,RPG,Take-Two Interactive,"RPG, Shooter","Take-Two Interactive, Gearbox Software",8.626,0.0448971892095831,Low (<3),743,0.8200000000000001,0.63,0.060000000000000005,0.2,1.71,Take-Two Interactive,Shooter,"PC, PS3, Xbox 360"
Star Wars Jedi: Survivor,2023-04-28,3.7,250.0,250.0,13.0,2.0,367.0,1400.0,2023,4,Adventure,Respawn Entertainment,Adventure,"Respawn Entertainment, Electronic Arts",3.3635,100.0,Medium (3-4),744,0.0,0.0,0.0,0.0,0.0,,,
Alice: Madness Returns,2011-06-14,3.5,358.0,358.0,2800.0,113.0,1200.0,636.0,2011,6,Adventure,Electronic Arts,"Adventure, Brawler, Platform","Electronic Arts, Spicy Horse Games",5.872,0.2270617636558372,Medium (3-4),745,0.49,0.5,0.08,0.15,1.22,Electronic Arts,Adventure,"PC, PS3, Xbox 360"
Super Mario 3D All-Stars,2020-09-18,3.5,422.0,422.0,4700.0,391.0,1600.0,319.0,2020,9,Adventure,Nintendo,"Adventure, Platform","Nintendo, Nintendo EPD",7.738,0.06785790257392044,Medium (3-4),746,0.0,0.0,0.0,0.0,0.0,,,
S.T.A.L.K.E.R.: Shadow of Chernobyl,2007-03-20,3.9,426.0,426.0,2500.0,119.0,1400.0,583.0,2007,3,RPG,GSC Game World,"RPG, Shooter","GSC Game World, THQ",5.766,0.23310675729708116,Medium (3-4),747,0.01,0.04,0.0,0.01,0.06,THQ,Shooter,PC
JoJo’s Bizarre Adventure: All-Star Battle R,2022-09-01,3.4,122.0,122.0,796.0,71.0,191.0,372.0,2022,9,Adventure,Bandai Namco Entertainment,"Adventure, Fighting","Bandai Namco Entertainment, CyberConnect2",1.8265,0.46675031367628605,Medium (3-4),748,0.0,0.0,0.0,0.0,0.0,,,
Geometry Dash,2013-08-12,3.1,197.0,197.0,5100.0,95.0,181.0,42.0,2013,8,Adventure,RobTop Games,"Adventure, Arcade, Indie, Music, Platform",RobTop Games,5.4555,0.008233679670652813,Medium (3-4),749,0.0,0.0,0.0,0.0,0.0,,,
Mario + Rabbids Sparks of Hope,2022-10-20,3.9,253.0,253.0,356.0,145.0,394.0,645.0,2022,10,Adventure,Ubisoft Entertainment,"Adventure, Strategy, Tactical, Turn Based Strategy","Ubisoft Entertainment, Ubisoft Paris",2.237,1.8067226890756303,Medium (3-4),750,0.0,0.0,0.0,0.0,0.0,,,
Back 4 Blood,2021-10-12,2.5,284.0,284.0,2900.0,137.0,489.0,335.0,2021,10,Shooter,Warner Bros. Interactive Entertainment,Shooter,"Warner Bros. Interactive Entertainment, Turtle Rock Studios",4.3035,0.11547742157876595,Low (<3),751,0.0,0.0,0.0,0.0,0.0,,,
Half-Life: Alyx,2020-03-23,4.6,515.0,515.0,1900.0,210.0,1200.0,1400.0,2020,3,Adventure,Valve,"Adventure, Puzzle, Shooter",Valve,6.5,0.7364544976328248,High (4+),752,0.0,0.0,0.0,0.0,0.0,,,
Hyper Demon,2022-09-19,4.1,99.0,99.0,245.0,26.0,231.0,268.0,2022,9,Indie,Sorath,"Indie, Shooter",Sorath,1.1275,1.089430894308943,High (4+),753,0.0,0.0,0.0,0.0,0.0,,,
Mortal Kombat,2011-04-19,3.6,468.0,468.0,6600.0,19.0,289.0,120.0,2011,4,Fighting,NetherRealm Studios,Fighting,"NetherRealm Studios, WB Games",7.2735,0.01817906377821542,Medium (3-4),754,6.04,1.69,0.0,0.6799999999999999,8.4,Warner Bros. Interactive Entertainment,Fighting,"PC, PS Vita, PS3, Sega Genesis, Xbox 360"
Call of Duty: Ghosts,2013-11-05,2.4,411.0,411.0,6500.0,9.0,353.0,150.0,2013,11,Shooter,Neversoft Entertainment,Shooter,"Neversoft Entertainment, Activision",7.3295,0.023073373327180433,Low (<3),755,14.92,9.049999999999999,0.48,2.92,27.38,Activision,Shooter,"PC, PS3, PS4, Wii U, Xbox 360, Xbox One"
Ridge Racer Type 4,1998-12-03,4.2,465.0,465.0,1000.0,33.0,436.0,316.0,1998,12,Racing,Namco,Racing,Namco,2.286,0.3156843156843157,High (4+),756,0.0,0.0,0.0,0.0,0.0,,,
Lil Gator Game,2022-12-14,4.1,137.0,137.0,247.0,22.0,167.0,314.0,2022,12,Adventure,Playtonic Friends,"Adventure, Indie, Platform","Playtonic Friends, Scott Slucher",1.1255,1.2661290322580645,High (4+),757,0.0,0.0,0.0,0.0,0.0,,,
Oxenfree,2016-01-14,3.6,592.0,592.0,3900.0,70.0,1700.0,449.0,2016,1,Adventure,Night School Studio,"Adventure, Indie",Night School Studio,7.348,0.11509869264291207,Medium (3-4),758,0.0,0.0,0.0,0.0,0.0,,,
Overcooked! 2,2018-08-07,3.6,414.0,414.0,4900.0,227.0,889.0,184.0,2018,8,Arcade,Ghost Town Games,"Arcade, Indie, Simulator, Strategy, Tactical","Ghost Town Games, Team17",6.6015,0.03754335849826566,Medium (3-4),759,0.0,0.0,0.0,0.0,0.0,,,
Before Your Eyes,2021-04-08,4.2,421.0,421.0,1200.0,25.0,584.0,631.0,2021,4,Adventure,GoodbyeWorld Games,"Adventure, Indie","GoodbyeWorld Games, Skybound Games",3.338,0.5253955037468776,High (4+),760,0.0,0.0,0.0,0.0,0.0,,,
Sly Cooper and the Thievius Raccoonus,2002-09-23,3.7,525.0,525.0,3700.0,44.0,772.0,391.0,2002,9,Adventure,Sucker Punch Productions,"Adventure, Platform","Sucker Punch Productions, Sony Computer Entertainment",5.64,0.10564712239935152,Medium (3-4),761,1.03,0.14,0.0,0.04,1.21,Sony Computer Entertainment,Platform,PS2
Nobody Saves the World,2022-01-18,3.5,256.0,256.0,949.0,99.0,399.0,385.0,2022,1,Adventure,Drinkbox Studios,"Adventure, Brawler, Indie, RPG",Drinkbox Studios,2.3175,0.4052631578947368,Medium (3-4),762,0.0,0.0,0.0,0.0,0.0,,,
Crazy Taxi,1999-02-12,3.6,425.0,425.0,4800.0,19.0,556.0,227.0,1999,2,Arcade,Sega,"Arcade, Racing","Sega, Hitmaker",6.088,0.04728181628827328,Medium (3-4),763,2.59,1.7200000000000002,0.19999999999999998,0.31,4.82,Acclaim Entertainment,Racing,"Dreamcast, GameCube, PS2"
Chrono Cross: The Radical Dreamers Edition,2022-04-07,3.6,130.0,130.0,358.0,65.0,775.0,763.0,2022,4,Adventure,Square Enix,"Adventure, RPG",Square Enix,3.0465,2.1253481894150417,Medium (3-4),764,0.0,0.0,0.0,0.0,0.0,,,
Spore,2008-09-04,3.3,238.0,238.0,6000.0,34.0,427.0,170.0,2008,9,Adventure,Maxis,"Adventure, Real Time Strategy, RPG, Simulator, Strategy","Maxis, Electronic Arts",6.9805,0.028328611898016998,Medium (3-4),765,0.03,1.06,0.0,0.09,1.17,Electronic Arts,Strategy,PC
Dwarf Fortress,2022-12-06,4.6,48.0,48.0,225.0,80.0,181.0,195.0,2022,12,Indie,Bay 12 Games,"Indie, RPG, Simulator, Strategy","Bay 12 Games, Kitfox Games",0.8865,0.8628318584070797,High (4+),766,0.0,0.0,0.0,0.0,0.0,,,
Klonoa 2: Lunatea's Veil,2001-03-22,4.2,379.0,379.0,1100.0,31.0,573.0,399.0,2001,3,Adventure,Namco,"Adventure, Platform, Sport",Namco,2.7575,0.36239782016348776,High (4+),767,0.12,0.1,0.08,0.03,0.33,Sony Computer Entertainment,Platform,PS2
Pokémon Blue,1996-10-15,3.6,549.0,549.0,5900.0,50.0,287.0,101.0,1996,10,Adventure,Nintendo,"Adventure, RPG, Turn Based Strategy","Nintendo, Game Freak",6.5325,0.017115743094390783,Medium (3-4),768,0.0,0.0,0.0,0.0,0.0,,,
Planescape: Torment,1999-12-12,4.3,417.0,417.0,1100.0,74.0,1100.0,518.0,1999,12,RPG,Interplay Entertainment,"RPG, Strategy","Interplay Entertainment, Black Isle Studios",3.786,0.47048138056312444,High (4+),769,0.01,0.02,0.0,0.01,0.04,Interplay,Role-Playing,PC
Far Cry 3: Blood Dragon,2013-05-01,3.4,329.0,329.0,4400.0,15.0,946.0,275.0,2013,5,Adventure,Ubisoft Montreal,"Adventure, Shooter",Ubisoft Montreal,6.369,0.0624857986821177,Medium (3-4),770,0.0,0.0,0.0,0.0,0.0,,,
BattleBlock Theater,2013-04-03,3.5,272.0,272.0,5500.0,83.0,750.0,163.0,2013,4,Adventure,Microsoft Studios,"Adventure, Indie, Platform, Puzzle","Microsoft Studios, The Behemoth",6.951,0.029630976186147972,Medium (3-4),771,0.0,0.0,0.0,0.0,0.0,,,
The Beginner's Guide,2015-10-01,4.0,443.0,443.0,2700.0,7.0,415.0,484.0,2015,10,Adventure,Everything Unlimited Ltd.,"Adventure, Indie",Everything Unlimited Ltd.,4.2905,0.17919289152165865,Medium (3-4),772,0.0,0.0,0.0,0.0,0.0,,,
We Love Katamari Reroll + Royal Reverie,2023-06-02,3.7,51.0,51.0,3.0,0.0,74.0,291.0,2023,6,Adventure,Bandai Namco Entertainment,"Adventure, Puzzle","Bandai Namco Entertainment, MONKEYCRAFT Co. Ltd",0.696,72.75,Medium (3-4),773,0.0,0.0,0.0,0.0,0.0,,,
Naruto Shippuden: Ultimate Ninja Storm 4,2016-02-04,3.5,264.0,264.0,4800.0,45.0,366.0,134.0,2016,2,Adventure,Bandai Namco Entertainment,"Adventure, Fighting","Bandai Namco Entertainment, CyberConnect2",5.617,0.02791085190585295,Medium (3-4),774,0.5800000000000001,0.47,0.1,0.19,1.34,Namco Bandai Games,Fighting,"PS4, Xbox One"
Mega Man 3,1990-09-28,3.4,599.0,599.0,3800.0,25.0,470.0,140.0,1990,9,Adventure,Capcom,"Adventure, Platform",Capcom,4.785,0.03683241252302026,Medium (3-4),775,0.68,0.1,0.39,0.0,1.17,Capcom,Platform,NES
Ni no Kuni: Wrath of the White Witch,2011-11-17,3.7,438.0,438.0,2400.0,161.0,1700.0,682.0,2011,11,Adventure,Namco Bandai Games,"Adventure, RPG","Namco Bandai Games, Level-5",6.314,0.28404831320283214,Medium (3-4),776,0.6,0.51,0.21,0.23,1.55,Namco Bandai Games,Role-Playing,PS3
Fortnite: Chapter 4,2022-12-04,3.5,70.0,70.0,365.0,77.0,9.0,2.0,2022,12,RPG,Epic Games,"RPG, Shooter, Strategy",Epic Games,0.3825,0.00546448087431694,Medium (3-4),777,0.0,0.0,0.0,0.0,0.0,,,
Danganronpa Another Episode: Ultra Despair Girls,2015-09-01,2.7,276.0,276.0,3400.0,92.0,797.0,355.0,2015,9,Adventure,Spike ChunSoft,"Adventure, Brawler, Puzzle, Shooter","Spike ChunSoft, NIS America",5.3055,0.10438106439282564,Low (<3),778,0.1,0.03,0.12,0.04,0.28,Nippon Ichi Software,Action,PS Vita
The Artful Escape,2021-09-09,3.3,346.0,346.0,1100.0,38.0,381.0,353.0,2021,9,Adventure,Annapurna Interactive,"Adventure, Indie, Music, Platform","Annapurna Interactive, Beethoven & Dinosaur",2.3775,0.3206176203451408,Medium (3-4),779,0.0,0.0,0.0,0.0,0.0,,,
Dishonored: Definitive Edition,2013-10-08,4.1,229.0,229.0,1600.0,55.0,691.0,140.0,2013,10,Adventure,Arkane Studios,"Adventure, Shooter","Arkane Studios, Zenimax Europe",2.9165,0.08744534665833854,High (4+),780,0.0,0.0,0.0,0.0,0.0,,,
Pac-Man World Re-Pac,2022-08-25,3.5,161.0,161.0,368.0,25.0,191.0,294.0,2022,8,Adventure,Bandai Namco Games,"Adventure, Arcade, Platform, Racing, Shooter","Bandai Namco Games, NOW Production",1.2425,0.7967479674796748,Medium (3-4),781,0.0,0.0,0.0,0.0,0.0,,,
Ib,2022-04-11,4.0,114.0,114.0,787.0,13.0,322.0,453.0,2022,4,Adventure,kouri,"Adventure, Indie, Puzzle, RPG","kouri, PLAYISM",2.176,0.5748730964467005,Medium (3-4),782,0.0,0.0,0.0,0.0,0.0,,,
Castlevania: Circle of the Moon,2001-03-21,3.0,362.0,362.0,2100.0,62.0,742.0,272.0,2001,3,Adventure,Konami,"Adventure, Platform, RPG",Konami,3.757,0.12946216087577345,Low (<3),783,0.6,0.22,0.05,0.02,0.89,Konami Digital Entertainment,Platform,Game Boy Advance
Higurashi: When They Cry,2002-08-10,4.2,311.0,311.0,1100.0,97.0,545.0,435.0,2002,8,Adventure,07th Expansion,"Adventure, Visual Novel","07th Expansion, MangaGamer",2.7875,0.39509536784741145,High (4+),784,0.0,0.0,0.0,0.0,0.0,,,
Life is Strange: Before the Storm,2017-08-31,3.3,468.0,468.0,4000.0,66.0,765.0,359.0,2017,8,Adventure,Square Enix,Adventure,"Square Enix, Deck Nine",5.8655,0.08972756810797301,Medium (3-4),785,0.0,0.0,0.0,0.0,0.0,,,
Darkwood,2017-08-17,3.9,262.0,262.0,836.0,97.0,1000.0,406.0,2017,8,Adventure,Acid Wizard Studio,"Adventure, Indie, RPG","Acid Wizard Studio, Crunching Koalas",3.148,0.4850657108721625,Medium (3-4),786,0.0,0.0,0.0,0.0,0.0,,,
Beyond Good & Evil,2003-11-11,3.9,436.0,436.0,2300.0,35.0,1500.0,629.0,2003,11,Adventure,Ubisoft Shanghai,"Adventure, Shooter","Ubisoft Shanghai, Ubisoft",5.808,0.2733594089526293,Medium (3-4),787,0.3,0.16,0.0,0.04,0.5,Ubisoft,Adventure,"GameCube, PS2, Xbox"
Metroid II: Return of Samus,1991-08-26,3.1,445.0,445.0,2100.0,39.0,595.0,193.0,1991,8,Adventure,Nintendo,"Adventure, Platform, Shooter","Nintendo, Nintendo R&D1",3.3785,0.09186101856258924,Medium (3-4),788,0.85,0.31,0.56,0.04,1.76,Nintendo,Adventure,Game Boy
Shenmue,1999-12-29,3.8,496.0,496.0,1600.0,61.0,993.0,494.0,1999,12,Adventure,Sega AM2,"Adventure, Brawler, RPG, Simulator","Sega AM2, Sega",4.0775,0.30855715178013743,Medium (3-4),789,0.52,0.24,0.38,0.04,1.18,Sega,Adventure,Dreamcast
Project Zomboid,2013-11-08,3.6,133.0,133.0,1700.0,205.0,319.0,212.0,2013,11,Indie,The Indie Stone,"Indie, RPG, Simulator",The Indie Stone,2.6025,0.12463256907701352,Medium (3-4),790,0.0,0.0,0.0,0.0,0.0,,,
Crash Team Racing,1999-09-30,4.0,455.0,455.0,4800.0,18.0,327.0,165.0,1999,9,Racing,Naughty Dog,Racing,"Naughty Dog, Sony Computer Entertainment, Inc. (SCEI)",5.6205,0.03436784003332639,Medium (3-4),791,2.57,1.57,0.44,0.21,4.79,Sony Computer Entertainment,Racing,PS1
Carrion,2020-07-23,3.3,432.0,432.0,2800.0,83.0,729.0,601.0,2020,7,Adventure,Phobia Game Studio,"Adventure, Indie, Platform","Phobia Game Studio, Devolver Digital",5.0955,0.21456622634773295,Medium (3-4),792,0.0,0.0,0.0,0.0,0.0,,,
Gears of War 2,2008-11-07,3.7,504.0,504.0,4600.0,31.0,522.0,225.0,2008,11,Shooter,Microsoft Game Studios,Shooter,"Microsoft Game Studios, Epic Games",5.833,0.048902412519017606,Medium (3-4),793,4.15,1.92,0.06,0.64,6.76,Microsoft Game Studios,Shooter,Xbox 360
Phoenix Wright: Ace Attorney - Dual Destinies,2013-07-25,3.4,430.0,430.0,3300.0,105.0,1100.0,497.0,2013,7,Adventure,Capcom,"Adventure, Puzzle, RPG, Simulator, Visual Novel",Capcom,5.944,0.15056043623144502,Medium (3-4),794,0.0,0.0,0.38,0.0,0.38,Capcom,Adventure,Nintendo 3DS
The Legend of Zelda: Oracle of Seasons,2001-02-27,3.7,544.0,544.0,3100.0,65.0,1600.0,489.0,2001,2,Adventure,Nintendo,"Adventure, RPG","Nintendo, Capcom",6.478,0.15769106739761368,Medium (3-4),795,0.87,0.52,0.41,0.06,1.86,Nintendo,Adventure,Game Boy
Wild Hearts,2023-02-16,3.2,103.0,103.0,73.0,45.0,108.0,246.0,2023,2,Adventure,Omega Force,Adventure,"Omega Force, Electronic Arts",0.727,3.324324324324324,Medium (3-4),796,0.0,0.0,0.0,0.0,0.0,,,
God of War: Ascension,2013-03-12,2.9,318.0,318.0,2700.0,27.0,625.0,351.0,2013,3,Adventure,"Sony Computer Entertainment, Inc. (SCEI)","Adventure, Brawler","Sony Computer Entertainment, Inc. (SCEI), SIE Santa Monica Studio",4.3395,0.12995186967789707,Low (<3),797,1.23,0.68,0.04,0.34,2.29,Sony Computer Entertainment,Action,PS3
Xenosaga Episode III: Also sprach Zarathustra,2006-07-06,4.3,399.0,399.0,762.0,23.0,908.0,448.0,2006,7,Adventure,Namco Bandai Games,"Adventure, RPG","Namco Bandai Games, Monolith Soft",3.02,0.5871559633027523,High (4+),798,0.09,0.07,0.18,0.02,0.37,Namco Bandai Games,Role-Playing,PS2
Kirby's Dream Land 3,1997-11-27,3.4,469.0,469.0,2600.0,49.0,750.0,179.0,1997,11,Adventure,Nintendo,"Adventure, Platform","Nintendo, HAL Laboratory",4.083,0.06881968473663976,Medium (3-4),799,0.0,0.0,0.36,0.0,0.36,Nintendo,Platform,SNES
Castlevania: Harmony of Dissonance,2002-06-06,3.2,399.0,399.0,2000.0,51.0,802.0,288.0,2002,6,Adventure,Konami Computer Entertainment Tokyo,"Adventure, Platform, RPG",Konami Computer Entertainment Tokyo,3.779,0.14392803598200898,Medium (3-4),800,0.16,0.06,0.04,0.0,0.26,Konami Digital Entertainment,Platform,Game Boy Advance
Shantae and the Pirate's Curse,2014-10-22,3.8,392.0,392.0,2200.0,72.0,1100.0,449.0,2014,10,Adventure,WayForward Technologies,"Adventure, Indie, Platform, RPG","WayForward Technologies, Intergrow",4.748,0.20399818264425262,Medium (3-4),801,0.0,0.0,0.03,0.0,0.03,Intergrow,Platform,Nintendo 3DS
Happy Wheels,2010-06-04,2.8,124.0,124.0,5100.0,3.0,61.0,21.0,2010,6,Adventure,Fancy Force,"Adventure, Platform, Racing",Fancy Force,5.2335,0.004116839835326407,Low (<3),802,0.0,0.0,0.0,0.0,0.0,,,
Guilty Gear XX Accent Core Plus R,2012-09-20,4.1,423.0,423.0,2500.0,142.0,301.0,142.0,2012,9,Arcade,Arc System Works,"Arcade, Fighting",Arc System Works,3.2355,0.05677728908436625,High (4+),803,0.0,0.0,0.0,0.0,0.0,,,
Fire Emblem Fates: Birthright,2015-06-25,2.7,405.0,405.0,4300.0,107.0,801.0,260.0,2015,6,RPG,"Intelligent Systems Co., Ltd.","RPG, Strategy, Turn Based Strategy","Intelligent Systems Co., Ltd., Nintendo",6.0215,0.060451057893513134,Low (<3),804,0.0,0.0,0.0,0.0,0.0,,,
Final Fantasy IV,1991-07-19,3.7,530.0,530.0,2700.0,60.0,964.0,379.0,1991,7,RPG,Square Enix,RPG,"Square Enix, Square",4.904,0.1403184005923732,Medium (3-4),805,0.54,0.05,0.9099999999999999,0.07,1.57,Square Enix,Simulation,"Nintendo DS, PS1"
Devil May Cry 5: Special Edition,2020-11-10,4.5,265.0,265.0,1000.0,70.0,416.0,286.0,2020,11,Brawler,Capcom Development Division 1,Brawler,"Capcom Development Division 1, Capcom",2.196,0.2857142857142857,High (4+),806,0.0,0.0,0.0,0.0,0.0,,,
Castlevania III: Dracula's Curse,1990-09-01,3.6,501.0,501.0,2400.0,36.0,606.0,217.0,1990,9,Adventure,Konami,"Adventure, Platform","Konami, Palcom",3.743,0.09037900874635568,Medium (3-4),807,0.4,0.07,0.37,0.01,0.85,Konami Digital Entertainment,Platform,NES
Gloomwood,2022-09-05,4.0,141.0,141.0,265.0,36.0,338.0,459.0,2022,9,Adventure,New Blood Interactive,"Adventure, Indie, Shooter","New Blood Interactive, David Szymanski",1.69,1.7255639097744362,Medium (3-4),808,0.0,0.0,0.0,0.0,0.0,,,
Call of Duty: Advanced Warfare,2014-11-03,2.5,415.0,415.0,5200.0,13.0,308.0,151.0,2014,11,Shooter,Activision,Shooter,"Activision, Sledgehammer Games",5.964,0.02903287829263603,Low (<3),809,10.44,8.18,0.34,2.93,21.9,Activision,Shooter,"PC, PS3, PS4, Xbox 360, Xbox One"
The Legend of Heroes: Trails of Cold Steel,2013-09-26,3.7,499.0,499.0,2100.0,129.0,1000.0,461.0,2013,9,Adventure,XSEED Games,"Adventure, RPG, Turn Based Strategy","XSEED Games, Nihon Falcom",4.522,0.21941932413136603,Medium (3-4),810,0.13,0.09,0.26,0.06,0.53,Nippon Ichi Software,Role-Playing,"PS Vita, PS3"
Metal Gear Solid 3: Snake Eater HD Edition,2011-11-08,4.6,293.0,293.0,2500.0,34.0,554.0,244.0,2011,11,Adventure,Konami Digital Entertainment,"Adventure, Shooter",Konami Digital Entertainment,3.819,0.0975609756097561,High (4+),811,0.0,0.0,0.0,0.0,0.0,,,
Mario Kart: Super Circuit,2001-07-21,2.8,389.0,389.0,3700.0,24.0,256.0,101.0,2001,7,Racing,Nintendo,Racing,Nintendo,4.286,0.027289921642799243,Low (<3),812,2.62,1.64,0.99,0.23,5.47,Nintendo,Racing,Game Boy Advance
Pokémon Shining Pearl,2021-11-18,2.9,281.0,281.0,1900.0,203.0,444.0,199.0,2021,11,Adventure,Nintendo,"Adventure, RPG, Turn Based Strategy","Nintendo, ILCA, Inc.",2.964,0.10468174644923724,Low (<3),813,0.0,0.0,0.0,0.0,0.0,,,
PUBG: Battlegrounds,2017-12-20,2.4,299.0,299.0,5200.0,46.0,253.0,32.0,2017,12,Shooter,Bluehole Studio,Shooter,"Bluehole Studio, PUBG Corp",5.6435,0.006152662949432801,Low (<3),814,0.0,0.0,0.0,0.0,0.0,,,
Earthblade,2024-12-31,3.7,83.0,83.0,0.0,1.0,103.0,529.0,2024,12,Adventure,Extremely OK Games,"Adventure, Indie, RPG",Extremely OK Games,1.2125,529.0,Medium (3-4),815,0.0,0.0,0.0,0.0,0.0,,,
Rule of Rose,2006-01-19,3.8,394.0,394.0,727.0,33.0,796.0,770.0,2006,1,Adventure,Atlus USA,"Adventure, Puzzle","Atlus USA, Punchline",3.461,1.0576923076923077,Medium (3-4),816,0.01,0.01,0.0,0.0,0.02,505 Games,Action,PS2
Lollipop Chainsaw,2012-06-12,3.4,295.0,295.0,1600.0,32.0,717.0,695.0,2012,6,Brawler,Grasshopper Manufacture,Brawler,"Grasshopper Manufacture, WB Games",4.0655,0.434103685196752,Medium (3-4),817,0.5700000000000001,0.33999999999999997,0.13,0.13,1.1600000000000001,Warner Bros. Interactive Entertainment,Action,"PS3, Xbox 360"
Pokémon LeafGreen,2004-01-29,3.8,413.0,413.0,5900.0,62.0,326.0,128.0,2004,1,Adventure,Nintendo,"Adventure, RPG, Turn Based Strategy","Nintendo, Game Freak",6.645,0.021691238773089306,Medium (3-4),818,0.0,0.0,0.0,0.0,0.0,,,
Bowser's Fury,2021-02-12,3.9,497.0,497.0,2100.0,35.0,466.0,314.0,2021,2,Adventure,Nintendo,"Adventure, Platform","Nintendo, Nintendo EAD Tokyo",3.427,0.14945264159923846,Medium (3-4),819,0.0,0.0,0.0,0.0,0.0,,,
ZeroRanger,2018-09-28,4.3,317.0,317.0,561.0,30.0,422.0,356.0,2018,9,Arcade,System Erasure,"Arcade, Indie, Shooter",System Erasure,1.906,0.6334519572953736,High (4+),820,0.0,0.0,0.0,0.0,0.0,,,
Labyrinth of Galleria: The Moon Society,2020-11-26,4.3,49.0,49.0,67.0,26.0,120.0,193.0,2020,11,Adventure,Nippon Ichi Software,"Adventure, RPG, Strategy","Nippon Ichi Software, NIS America",0.633,2.838235294117647,High (4+),821,0.0,0.0,0.0,0.0,0.0,,,
Street Fighter II,1991-02-01,3.5,433.0,433.0,4300.0,11.0,158.0,99.0,1991,2,Arcade,Capcom,"Arcade, Fighting","Capcom, U.S. Gold",4.735,0.023017902813299233,Medium (3-4),822,0.0,0.0,0.0,0.0,0.0,,,
Resident Evil: Revelations,2012-01-26,3.2,469.0,469.0,2900.0,55.0,939.0,297.0,2012,1,Adventure,Tose,"Adventure, Shooter","Tose, Capcom",4.9025,0.10237849017580145,Medium (3-4),823,0.63,0.76,0.57,0.21,2.19,Capcom,Action,"Nintendo 3DS, PC, PS3, Wii U, Xbox 360"
Shin Megami Tensei,1992-10-30,3.3,433.0,433.0,1300.0,146.0,868.0,455.0,1992,10,RPG,Atlus,RPG,Atlus,3.512,0.34973097617217525,Medium (3-4),824,0.0,0.0,0.09,0.01,0.09,Atlus,Role-Playing,PS1
FIFA 23,2022-09-29,2.6,47.0,47.0,523.0,112.0,27.0,36.0,2022,9,Simulator,EA Sports,"Simulator, Sport","EA Sports, EA Vancouver",0.6355,0.06870229007633588,Low (<3),825,0.0,0.0,0.0,0.0,0.0,,,
Battlefield: Bad Company 2,2010-03-02,3.6,288.0,288.0,4200.0,23.0,349.0,119.0,2010,3,Adventure,EA Digital Illusions CE,"Adventure, Shooter, Simulator, Strategy","EA Digital Illusions CE, Electronic Arts",4.9615,0.028326588907403,Medium (3-4),826,3.61,2.67,0.12000000000000001,0.77,7.16,Electronic Arts,Shooter,"PC, PS3, Xbox 360"
The Walking Dead: A New Frontier,2016-12-20,2.8,345.0,345.0,2900.0,19.0,423.0,181.0,2016,12,Adventure,Telltale Games,"Adventure, Point-and-Click","Telltale Games, Skybound Games",3.8965,0.062392278524646676,Low (<3),827,0.0,0.0,0.0,0.0,0.0,,,
Ninja Gaiden Black,2005-09-20,4.3,294.0,294.0,992.0,41.0,495.0,343.0,2005,9,Adventure,Team NINJA,"Adventure, Brawler","Team NINJA, Tecmo",2.4205,0.34541792547834843,High (4+),828,0.07,0.02,0.0,0.0,0.09,Microsoft Game Studios,Action,Xbox
Sid Meier's Civilization V,2010-09-21,3.9,320.0,320.0,5400.0,56.0,369.0,140.0,2010,9,Simulator,2K Games,"Simulator, Strategy, Turn Based Strategy","2K Games, Firaxis Games",6.2335,0.02592112571745973,Medium (3-4),829,0.98,0.52,0.0,0.19,1.69,Take-Two Interactive,Strategy,PC
World of Horror,2020-02-20,3.7,257.0,257.0,871.0,59.0,796.0,949.0,2020,2,Adventure,Ysbryd Games,"Adventure, Indie, Point-and-Click, RPG, Turn Based Strategy","Ysbryd Games, panstasz",3.963,1.088302752293578,Medium (3-4),830,0.0,0.0,0.0,0.0,0.0,,,
Fire Emblem: Shadow Dragon,2008-08-07,3.2,361.0,361.0,1900.0,78.0,808.0,235.0,2008,8,RPG,"Intelligent Systems Co., Ltd.","RPG, Strategy, Tactical, Turn Based Strategy","Intelligent Systems Co., Ltd., Nintendo",3.582,0.12361914781693846,Medium (3-4),831,0.31,0.03,0.27,0.03,0.65,Nintendo,Role-Playing,Nintendo DS
Tomodachi Life,2013-04-18,3.7,281.0,281.0,3400.0,59.0,180.0,133.0,2013,4,Adventure,Nintendo SPD Group No. 1,"Adventure, Simulator","Nintendo SPD Group No. 1, Nintendo",3.936,0.03910614525139665,Medium (3-4),832,0.96,2.02,1.89,0.28,5.15,Nintendo,Simulation,Nintendo 3DS
Downwell,2015-10-14,3.5,363.0,363.0,3700.0,60.0,659.0,219.0,2015,10,Adventure,Devolver Digital,"Adventure, Arcade, Indie, Platform, Shooter","Devolver Digital, Moppin",5.1265,0.05917319643339638,Medium (3-4),833,0.0,0.0,0.0,0.0,0.0,,,
SpongeBob SquarePants: Battle For Bikini Bottom,2003-10-31,3.8,326.0,326.0,3400.0,22.0,370.0,216.0,2003,10,Adventure,Heavy Iron Studios,"Adventure, Platform","Heavy Iron Studios, THQ",4.387,0.0635107321376066,Medium (3-4),834,3.15,1.07,0.0,0.21000000000000002,4.42,THQ,Platform,"Game Boy Advance, GameCube, PS2, Xbox"
LEGO Harry Potter: Years 1-4,2010-06-25,3.2,349.0,349.0,4100.0,53.0,449.0,113.0,2010,6,Adventure,WB Games,"Adventure, Platform, Puzzle","WB Games, Traveller's Tales",4.9995,0.027554255059741527,Medium (3-4),835,4.01,3.5,0.0,1.01,8.530000000000001,Warner Bros. Interactive Entertainment,Action,"Nintendo DS, PC, PS3, PSP, Wii, Xbox 360"
Dragon Quest V: Hand of the Heavenly Bride,2008-07-17,4.2,371.0,371.0,1400.0,85.0,1000.0,478.0,2008,7,RPG,Chunsoft,RPG,"Chunsoft, Square Enix",3.856,0.34118486795146324,High (4+),836,0.19,0.02,1.36,0.02,1.6,Square Enix,Role-Playing,Nintendo DS
Fear & Hunger,2018-12-11,3.8,48.0,48.0,110.0,39.0,167.0,185.0,2018,12,Indie,Miro Haverinen,"Indie, RPG","Miro Haverinen, Happy Paintings",0.7305,1.6666666666666667,Medium (3-4),837,0.0,0.0,0.0,0.0,0.0,,,
For Honor,2017-02-13,2.8,236.0,236.0,4100.0,56.0,579.0,91.0,2017,2,Brawler,Ubisoft Entertainment,"Brawler, Fighting","Ubisoft Entertainment, Ubisoft Montreal",5.1505,0.022189709826871493,Low (<3),838,0.0,0.0,0.0,0.0,0.0,,,
Sonic Lost World,2013-10-18,2.5,395.0,395.0,2500.0,34.0,498.0,214.0,2013,10,Adventure,Nintendo,"Adventure, Platform","Nintendo, Sonic Team",3.675,0.08556577369052379,Low (<3),839,0.48,0.27,0.08,0.06,0.89,Sega,Platform,"Nintendo 3DS, Wii U"
Bug Fables: The Everlasting Sapling,2019-11-21,4.1,357.0,357.0,1000.0,146.0,1100.0,535.0,2019,11,Adventure,DANGEN Entertainment,"Adventure, Indie, RPG, Turn Based Strategy","DANGEN Entertainment, Moonsprout Games",3.72,0.5344655344655345,High (4+),840,0.0,0.0,0.0,0.0,0.0,,,
Hyrule Warriors: Age of Calamity,2020-11-19,3.5,531.0,531.0,2700.0,308.0,1100.0,695.0,2020,11,Adventure,Koei Tecmo,"Adventure, Brawler, Fighting","Koei Tecmo, Omega Force",5.74,0.25731210662717513,Medium (3-4),841,0.0,0.0,0.0,0.0,0.0,,,
LEGO Batman 3: Beyond Gotham,2014-11-11,3.1,373.0,373.0,2900.0,37.0,801.0,113.0,2014,11,Adventure,Traveller's Tales,"Adventure, Platform, Puzzle","Traveller's Tales, WB Games",4.3275,0.03895208548776284,Medium (3-4),842,1.94,2.06,0.0,0.6,4.58,Warner Bros. Interactive Entertainment,Action,"Nintendo 3DS, PC, PS Vita, PS3, PS4, Wii U, Xbox 360, Xbox One"
Moonscars,2022-09-27,2.9,97.0,97.0,248.0,24.0,179.0,212.0,2022,9,Adventure,Black Mermaid,"Adventure, Brawler, Indie, Platform","Black Mermaid, Humble Games",0.9405,0.8514056224899599,Low (<3),843,0.0,0.0,0.0,0.0,0.0,,,
The Witcher 3: Wild Hunt - Hearts of Stone,2015-10-12,4.4,159.0,159.0,3100.0,39.0,487.0,106.0,2015,10,Adventure,CD Projekt RED,"Adventure, RPG",CD Projekt RED,4.0425,0.03418252176717188,High (4+),844,0.0,0.0,0.0,0.0,0.0,,,
Remnant: From the Ashes,2019-08-20,3.2,304.0,304.0,2100.0,71.0,1000.0,180.0,2019,8,Adventure,Gunfire Games,"Adventure, RPG, Shooter","Gunfire Games, Perfect World Entertainment",3.96,0.08567348881485007,Medium (3-4),845,0.0,0.0,0.0,0.0,0.0,,,
Halo 5: Guardians,2015-10-27,2.5,500.0,500.0,3500.0,31.0,602.0,257.0,2015,10,Shooter,343 Industries,Shooter,"343 Industries, Microsoft Studios",4.917,0.07340759782919166,Low (<3),846,2.64,1.2,0.03,0.39,4.26,Microsoft Game Studios,Shooter,Xbox One
Hearthstone,2014-03-11,2.9,212.0,212.0,5500.0,105.0,128.0,24.0,2014,3,Card & Board Game,Blizzard Entertainment,"Card & Board Game, Strategy, Turn Based Strategy",Blizzard Entertainment,5.74,0.004362843119432831,Low (<3),847,0.0,0.0,0.0,0.0,0.0,,,
Ultimate Spider-Man,2005-09-21,3.6,300.0,300.0,3700.0,25.0,382.0,280.0,2005,9,Brawler,Activision,Brawler,"Activision, Beenox",4.833,0.07565522831667117,Medium (3-4),848,1.51,0.28,0.0,0.15,1.94,Activision,Action,"Game Boy Advance, GameCube, Nintendo DS, PS2, Xbox"
Chop Goblins,2022-12-12,3.5,56.0,56.0,195.0,4.0,42.0,38.0,2022,12,Indie,David Szymanski,"Indie, Shooter",David Szymanski,0.334,0.19387755102040816,Medium (3-4),849,0.0,0.0,0.0,0.0,0.0,,,
Secret of Mana,1993-08-06,3.3,413.0,413.0,1900.0,57.0,1300.0,511.0,1993,8,RPG,Square Enix,RPG,"Square Enix, Square",4.872,0.26880589163598106,Medium (3-4),850,0.25,0.07,1.49,0.02,1.83,SquareSoft,Role-Playing,SNES
428: Shibuya Scramble,2008-12-04,4.2,249.0,249.0,676.0,87.0,1000.0,588.0,2008,12,Adventure,Chunsoft,"Adventure, Visual Novel","Chunsoft, Sega",3.352,0.8685376661742984,High (4+),851,0.0,0.0,0.0,0.0,0.0,,,
Potion Craft,2021-09-21,3.2,77.0,77.0,471.0,83.0,233.0,187.0,2021,9,Indie,tinyBuild,"Indie, Point-and-Click, Puzzle, RPG, Simulator","tinyBuild, niceplay game",1.1945,0.3961864406779661,Medium (3-4),852,0.0,0.0,0.0,0.0,0.0,,,
Mega Man Legends,1997-12-18,3.7,361.0,361.0,1400.0,51.0,851.0,364.0,1997,12,Adventure,Capcom USA,"Adventure, RPG, Shooter","Capcom USA, Capcom Production Studio 2",3.4045,0.2598144182726624,Medium (3-4),853,0.39,0.26,0.12,0.05,0.83,Capcom,Adventure,PS1
Xenoblade Chronicles: Future Connected,2020-05-29,3.5,232.0,232.0,1900.0,55.0,485.0,97.0,2020,5,RPG,Nintendo,RPG,"Nintendo, Monolith Soft",2.8215,0.05102577590741715,Medium (3-4),854,0.0,0.0,0.0,0.0,0.0,,,
Crab Game,2021-10-29,2.5,96.0,96.0,2300.0,14.0,117.0,22.0,2021,10,Arcade,Dani,"Arcade, Fighting, Indie, Racing, Strategy",Dani,2.5195,0.009561060408518035,Low (<3),855,0.0,0.0,0.0,0.0,0.0,,,
NEET Girl Date Night,2022-10-21,2.7,21.0,21.0,106.0,1.0,44.0,42.0,2022,10,Visual Novel,Unknown,Visual Novel,Unknown,0.256,0.3925233644859813,Low (<3),856,0.0,0.0,0.0,0.0,0.0,,,
Dante's Inferno,2010-02-04,3.2,321.0,321.0,2600.0,40.0,567.0,334.0,2010,2,Adventure,Electronic Arts,"Adventure, Brawler","Electronic Arts, Visceral Games",4.1185,0.12841214917339486,Medium (3-4),857,1.3900000000000001,0.51,0.07,0.23,2.2,Electronic Arts,Action,"PS3, PSP, Xbox 360"
Haunting Ground,2005-04-21,3.8,281.0,281.0,597.0,29.0,625.0,572.0,2005,4,Adventure,Capcom Production Studio 1,Adventure,"Capcom Production Studio 1, Capcom",2.6785,0.9565217391304348,Medium (3-4),858,0.03,0.03,0.0,0.01,0.07,Capcom,Action,PS2
Assassin's Creed Rogue,2014-11-11,3.2,384.0,384.0,3400.0,27.0,861.0,330.0,2014,11,Adventure,Ubisoft Sofia,"Adventure, RPG",Ubisoft Sofia,5.3515,0.09703028521023228,Medium (3-4),859,0.0,0.0,0.0,0.0,0.0,,,
Garten of Banban 2,2023-03-03,1.5,16.0,16.0,55.0,0.0,6.0,3.0,2023,3,Adventure,Euphoric Brothers,"Adventure, Indie",Euphoric Brothers,0.07,0.05357142857142857,Low (<3),860,0.0,0.0,0.0,0.0,0.0,,,
Pokémon Stadium,1999-04-30,3.3,340.0,340.0,5400.0,16.0,369.0,157.0,1999,4,RPG,HAL Laboratory,"RPG, Turn Based Strategy","HAL Laboratory, Nintendo",6.2675,0.02906869098315127,Medium (3-4),861,0.0,0.0,0.0,0.0,0.0,,,
Outlast II,2017-04-25,2.8,279.0,279.0,2700.0,44.0,891.0,253.0,2017,4,Adventure,Red Barrels,"Adventure, Indie",Red Barrels,4.5425,0.09366901147723065,Low (<3),862,0.0,0.0,0.0,0.0,0.0,,,
Elden Ring: Shadow of the Erdtree,,4.8,18.0,18.0,1.0,0.0,39.0,146.0,,,Adventure,FromSoftware,"Adventure, RPG","FromSoftware, Bandai Namco Entertainment",0.3515,73.0,High (4+),863,0.0,0.0,0.0,0.0,0.0,,,
Ni no Kuni II: Revenant Kingdom,2018-03-23,3.3,269.0,269.0,1700.0,81.0,1500.0,537.0,2018,3,Adventure,Bandai Namco Entertainment,"Adventure, RPG","Bandai Namco Entertainment, Level-5",5.024,0.31569664902998235,Medium (3-4),864,0.0,0.0,0.0,0.0,0.0,,,
Metal Gear,1987-07-13,2.9,344.0,344.0,1900.0,29.0,539.0,213.0,1987,7,Adventure,Ultra Games,"Adventure, Shooter","Ultra Games, Konami",3.1345,0.11204629142556549,Low (<3),865,0.0,0.0,0.0,0.0,0.0,,,
Disney's Aladdin,1993-11-21,3.4,203.0,203.0,2200.0,9.0,192.0,85.0,1993,11,Adventure,Capcom,"Adventure, Arcade, Platform",Capcom,2.658,0.03861880963198546,Medium (3-4),866,0.96,0.35000000000000003,0.21,0.27,1.78,Capcom,Platform,"Game Boy Advance, SNES"
Fable II,2008-10-21,3.6,310.0,310.0,3200.0,22.0,580.0,271.0,2008,10,Adventure,Lionhead Studios,"Adventure, RPG","Lionhead Studios, Microsoft Game Studios",4.612,0.08466104342393002,Medium (3-4),867,2.51,1.27,0.11,0.41,4.31,Microsoft Game Studios,Role-Playing,Xbox 360
Celeste: Farewell,2019-09-09,4.5,58.0,58.0,648.0,32.0,224.0,139.0,2019,9,Platform,Extremely OK Games,Platform,Extremely OK Games,1.262,0.21417565485362094,High (4+),868,0.0,0.0,0.0,0.0,0.0,,,
Axiom Verge 2,2021-08-11,3.4,116.0,116.0,312.0,20.0,404.0,313.0,2021,8,Adventure,Nintendo,"Adventure, Indie, Platform","Nintendo, Thomas Happ Games",1.544,1.0,Medium (3-4),869,0.0,0.0,0.0,0.0,0.0,,,
Lightning Returns: Final Fantasy XIII,2013-11-21,3.1,362.0,362.0,1500.0,44.0,1300.0,426.0,2013,11,RPG,Square Enix,RPG,Square Enix,4.302,0.2838107928047968,Medium (3-4),870,0.45999999999999996,0.32,0.46,0.13999999999999999,1.3900000000000001,Square Enix,Role-Playing,"PS3, Xbox 360"
Yakuza 2,2006-12-07,4.0,331.0,331.0,1000.0,28.0,491.0,255.0,2006,12,Adventure,Sega,"Adventure, Brawler, RPG, Simulator, Sport",Sega,2.2465,0.2547452547452547,Medium (3-4),871,0.05,0.04,0.84,0.16,1.09,Sega,Adventure,PS2
F-Zero X,1998-07-14,3.9,354.0,354.0,1700.0,15.0,387.0,172.0,1998,7,Arcade,Nintendo EAD,"Arcade, Racing","Nintendo EAD, Nintendo",2.6245,0.1011169900058789,Medium (3-4),872,0.45,0.33,0.29,0.03,1.1,Nintendo,Racing,Nintendo 64
Chibi-Robo!,2005-06-23,4.1,386.0,386.0,1000.0,33.0,695.0,477.0,2005,6,Adventure,Nintendo,"Adventure, Platform","Nintendo, Skip Ltd.",2.9965,0.47652347652347654,High (4+),873,0.0,0.0,0.0,0.0,0.0,,,
RimWorld,2018-10-17,4.2,149.0,149.0,1600.0,142.0,382.0,366.0,2018,10,Indie,Ludeon Studios,"Indie, Real Time Strategy, Simulator, Strategy",Ludeon Studios,2.905,0.22860712054965646,High (4+),874,0.0,0.0,0.0,0.0,0.0,,,
Professor Layton and the Miracle Mask,2011-02-26,3.7,192.0,192.0,1300.0,42.0,518.0,253.0,2011,2,Point-and-Click,Level-5,"Point-and-Click, Puzzle, Visual Novel","Level-5, Nintendo",2.583,0.19446579554189086,Medium (3-4),875,0.0,0.0,0.0,0.0,0.0,,,
Mega Man X5,2000-11-30,3.2,334.0,334.0,2200.0,11.0,450.0,126.0,2000,11,Adventure,Capcom Production Studio 3,"Adventure, Platform, Shooter","Capcom Production Studio 3, Capcom",3.127,0.05724670604270786,Medium (3-4),876,0.3,0.21,0.2,0.05,0.75,Capcom,Platform,PS1
Tokyo Necro,2016-01-29,4.6,21.0,21.0,14.0,22.0,50.0,69.0,2016,1,Adventure,Nitroplus,"Adventure, Visual Novel","Nitroplus, JAST USA",0.227,4.6,High (4+),877,0.0,0.0,0.0,0.0,0.0,,,
Disney Dreamlight Valley,2022-09-06,3.5,130.0,130.0,329.0,169.0,102.0,136.0,2022,9,Adventure,Gameloft,"Adventure, RPG, Simulator",Gameloft,0.754,0.4121212121212121,Medium (3-4),878,0.0,0.0,0.0,0.0,0.0,,,
Mega Man 7,1995-03-24,3.5,405.0,405.0,2400.0,19.0,461.0,139.0,1995,3,Adventure,Capcom,"Adventure, Platform, Shooter",Capcom,3.3695,0.05789254477301124,Medium (3-4),879,0.03,0.01,0.23,0.01,0.28,Laguna,Platform,SNES
Figment,2017-09-22,2.8,124.0,124.0,183.0,20.0,392.0,35.0,2017,9,Adventure,Bedtime Digital Games,"Adventure, Indie, Music, Platform, Puzzle",Bedtime Digital Games,0.841,0.19021739130434784,Low (<3),880,0.0,0.0,0.0,0.0,0.0,,,
"Flower, Sun, and Rain: Murder and Mystery in Paradise",2008-03-06,4.2,178.0,178.0,408.0,27.0,321.0,209.0,2008,3,Adventure,h.a.n.d. Inc.,"Adventure, Puzzle","h.a.n.d. Inc., Marvelous Entertainment",1.3075,0.511002444987775,High (4+),881,0.0,0.0,0.0,0.0,0.0,,,
Professor Layton vs. Phoenix Wright: Ace Attorney,2012-11-29,3.6,275.0,275.0,1800.0,68.0,882.0,484.0,2012,11,Adventure,Level-5,"Adventure, Puzzle, Strategy, Visual Novel","Level-5, Nintendo",4.091,0.2687395891171571,Medium (3-4),882,0.0,0.0,0.0,0.0,0.0,,,
Metal Gear Solid: The Twin Snakes,2004-03-09,3.6,267.0,267.0,1900.0,31.0,619.0,364.0,2004,3,Adventure,Konami,Adventure,"Konami, Silicon Knights",3.5565,0.19147816938453446,Medium (3-4),883,0.3,0.08,0.07,0.01,0.47,Konami Digital Entertainment,Action,GameCube
The Simpsons Game,2007-10-30,3.0,200.0,200.0,3800.0,20.0,283.0,156.0,2007,10,Platform,Griptonite Games,Platform,"Griptonite Games, Electronic Arts",4.5365,0.04104183109707971,Low (<3),884,2.53,2.6100000000000003,0.0,1.9799999999999998,7.12,Electronic Arts,Action,"Nintendo DS, PS2, PS3, PSP, Wii, Xbox 360"
Mega Man Zero 2,2003-05-02,3.7,317.0,317.0,1900.0,21.0,529.0,180.0,2003,5,Adventure,Inti Creates,"Adventure, Platform, Shooter","Inti Creates, Capcom",3.0535,0.09468700683850605,Medium (3-4),885,0.18,0.07,0.17,0.01,0.43,Capcom,Platform,Game Boy Advance
Gears 5,2019-09-09,3.4,382.0,382.0,2100.0,70.0,589.0,221.0,2019,9,Adventure,The Coalition,"Adventure, Shooter","The Coalition, Xbox Game Studios",3.4255,0.10518800571156592,Medium (3-4),886,0.0,0.0,0.0,0.0,0.0,,,
Crash of the Titans,2007-10-04,3.0,200.0,200.0,3800.0,18.0,196.0,122.0,2007,10,Adventure,Radical Entertainment,"Adventure, Platform","Radical Entertainment, Sierra Entertainment",4.338,0.032096816627203366,Low (<3),887,1.6800000000000002,0.33,0.0,0.32,2.32,Vivendi Games,Action,"Nintendo DS, PS2, PSP, Wii, Xbox 360"
Alan Wake Remastered,2021-10-05,3.7,209.0,209.0,690.0,62.0,481.0,402.0,2021,10,Adventure,Remedy Entertainment,"Adventure, Shooter","Remedy Entertainment, Epic Games",2.2155,0.5817655571635311,Medium (3-4),888,0.0,0.0,0.0,0.0,0.0,,,
Final Fantasy XV: Royal Edition,2018-03-06,3.7,225.0,225.0,1700.0,92.0,672.0,160.0,2018,3,Adventure,Square Enix,"Adventure, Fighting, RPG",Square Enix,3.028,0.09406231628453851,Medium (3-4),889,0.0,0.0,0.0,0.0,0.0,,,
The Witcher,2007-10-26,3.0,220.0,220.0,1600.0,57.0,540.0,168.0,2007,10,Adventure,Atari,"Adventure, RPG","Atari, CD Projekt RED",2.746,0.10493441599000625,Low (<3),890,0.0,0.05,0.0,0.01,0.06,Atari,Role-Playing,PC
Final Fantasy III,2006-08-24,3.1,342.0,342.0,2600.0,59.0,891.0,290.0,2006,8,Adventure,Square,"Adventure, RPG","Square, Square Enix",4.5165,0.1114955786236063,Medium (3-4),891,1.77,0.05,5.12,0.12,7.05,SquareSoft,Role-Playing,"NES, Nintendo DS, PSP, SNES"
Snatcher,1992-10-23,4.0,242.0,242.0,547.0,25.0,607.0,434.0,1992,10,Adventure,Konami,"Adventure, Point-and-Click, Shooter, Visual Novel",Konami,2.3255,0.791970802919708,Medium (3-4),892,0.0,0.0,0.0,0.0,0.0,,,
Hello Charlotte Ep.3: Childhood's End,2018-01-05,4.3,137.0,137.0,424.0,15.0,191.0,167.0,2018,1,Adventure,etherane,"Adventure, Indie, RPG, Visual Novel",etherane,1.0445,0.39294117647058824,High (4+),893,0.0,0.0,0.0,0.0,0.0,,,
Star Wars: Battlefront,2004-09-20,3.5,255.0,255.0,4100.0,9.0,261.0,109.0,2004,9,Shooter,Pandemic Studios,Shooter,"Pandemic Studios, LucasArts",4.7095,0.0265788831992197,Medium (3-4),894,3.23,1.79,0.03,0.53,5.56,LucasArts,Shooter,"PC, PS2, Xbox"
Ikaruga,2001-12-20,4.0,364.0,364.0,1300.0,37.0,664.0,424.0,2001,12,Arcade,Treasure,"Arcade, Indie, Puzzle, Shooter",Treasure,3.144,0.3259031514219831,Medium (3-4),895,0.07,0.02,0.0,0.0,0.09,Atari,Shooter,GameCube
Diablo IV,2023-06-06,3.7,148.0,148.0,19.0,10.0,179.0,677.0,2023,6,Brawler,Blizzard Entertainment,"Brawler, RPG",Blizzard Entertainment,1.6415,33.85,Medium (3-4),896,0.0,0.0,0.0,0.0,0.0,,,
Ys: The Oath in Felghana,2005-07-04,4.0,311.0,311.0,1000.0,32.0,503.0,210.0,2005,7,Adventure,Nihon Falcom,"Adventure, RPG","Nihon Falcom, XSEED Games",2.1745,0.2097902097902098,Medium (3-4),897,0.09,0.0,0.04,0.01,0.14,Falcom Corporation,Role-Playing,PSP
American McGee's Alice,2000-12-06,3.4,242.0,242.0,1100.0,42.0,513.0,401.0,2000,12,Adventure,Rogue Entertainment,"Adventure, Platform, Puzzle","Rogue Entertainment, Electronic Arts",2.6715,0.3642143505903724,Medium (3-4),898,0.0,0.0,0.0,0.0,0.0,,,
Call of Duty,2003-10-29,3.3,274.0,274.0,2800.0,23.0,202.0,136.0,2003,10,Shooter,Infinity Ward,Shooter,"Infinity Ward, Activision",3.375,0.048554087825776505,Medium (3-4),899,0.0,0.0,0.0,0.0,0.0,,,
Armored Core 2,2000-10-26,3.6,92.0,92.0,278.0,18.0,232.0,119.0,2000,10,,FromSoftware,,"FromSoftware, Agetec",0.864,0.4265232974910394,Medium (3-4),900,0.28,0.22,0.23,0.07,0.79,Ubisoft,Simulation,PS2
Clash of Clans,2012-08-02,2.5,73.0,73.0,2600.0,57.0,36.0,8.0,2012,8,Real Time Strategy,Supercell,"Real Time Strategy, Strategy",Supercell,2.67,0.0030757400999615533,Low (<3),901,0.0,0.0,0.0,0.0,0.0,,,
Fate/stay night,2004-01-30,4.0,258.0,258.0,1900.0,135.0,655.0,471.0,2004,1,Adventure,TYPE-MOON,"Adventure, Visual Novel","TYPE-MOON, Kadokawa Shoten",3.8245,0.2477643345607575,Medium (3-4),902,0.0,0.0,0.0,0.0,0.0,,,
Tabletop Simulator,2015-06-05,3.7,147.0,147.0,3200.0,89.0,179.0,87.0,2015,6,Card & Board Game,Berserk Games,"Card & Board Game, Indie, RPG, Simulator, Strategy",Berserk Games,3.6425,0.02717900656044986,Medium (3-4),903,0.0,0.0,0.0,0.0,0.0,,,
Duskers,2016-05-18,3.6,51.0,51.0,61.0,3.0,165.0,45.0,2016,5,Indie,Misfits Attic,"Indie, Simulator, Strategy",Misfits Attic,0.3985,0.7258064516129032,Medium (3-4),904,0.0,0.0,0.0,0.0,0.0,,,
Control: Ultimate Edition,2020-08-27,4.0,233.0,233.0,1400.0,124.0,884.0,195.0,2020,8,Adventure,Remedy Entertainment,"Adventure, Shooter","Remedy Entertainment, 505 Games",3.116,0.139186295503212,Medium (3-4),905,0.0,0.0,0.0,0.0,0.0,,,
Advance Wars,2001-09-10,3.7,266.0,266.0,1900.0,52.0,640.0,266.0,2001,9,Simulator,Nintendo,"Simulator, Strategy, Tactical, Turn Based Strategy","Nintendo, Intelligent Systems Co., Ltd.",3.392,0.13992635455023672,Medium (3-4),906,0.5,0.19,0.0,0.01,0.7,Nintendo,Strategy,Game Boy Advance
Touhou Koumakyou: The Embodiment of Scarlet Devil,2002-08-11,3.8,217.0,217.0,1900.0,65.0,255.0,178.0,2002,8,Indie,Team Shanghai Alice,"Indie, Shooter",Team Shanghai Alice,2.6385,0.09363492898474488,Medium (3-4),907,0.0,0.0,0.0,0.0,0.0,,,
Weird West,2022-03-31,3.0,156.0,156.0,405.0,46.0,396.0,337.0,2022,3,Adventure,WolfEye Studios,"Adventure, Indie, RPG, Simulator","WolfEye Studios, Devolver Digital",1.673,0.8300492610837439,Low (<3),908,0.0,0.0,0.0,0.0,0.0,,,
Pokémon Mystery Dungeon: Blue Rescue Team,2005-11-17,3.7,273.0,273.0,3800.0,28.0,441.0,154.0,2005,11,Adventure,Chunsoft,"Adventure, RPG, Turn Based Strategy","Chunsoft, Nintendo",4.7695,0.040515653775322284,Medium (3-4),909,1.16,0.06,0.83,0.0,2.05,Nintendo,Role-Playing,Nintendo DS
WarioWare Gold,2018-07-27,3.9,264.0,264.0,1700.0,35.0,305.0,235.0,2018,7,Arcade,Nintendo of America,Arcade,"Nintendo of America, Nintendo EPD",2.6275,0.13815402704291593,Medium (3-4),910,0.0,0.0,0.0,0.0,0.0,,,
Dragon Ball: Xenoverse,2015-02-05,2.9,198.0,198.0,3700.0,23.0,229.0,71.0,2015,2,Fighting,Dimps,"Fighting, RPG","Dimps, Bandai Namco Entertainment",4.1855,0.019184004323155902,Low (<3),911,0.79,0.87,0.26,0.27,2.18,Namco Bandai Games,Fighting,"PS3, PS4, Xbox 360, Xbox One"
Call of Duty: Black Ops 4,2018-10-12,2.3,248.0,248.0,3500.0,15.0,279.0,100.0,2018,10,Shooter,Treyarch,Shooter,"Treyarch, Activision",4.1185,0.028563267637817767,Low (<3),912,0.0,0.0,0.0,0.0,0.0,,,
Bloodborne: Game of the Year Edition,2015-11-27,4.6,238.0,238.0,1500.0,57.0,323.0,255.0,2015,11,RPG,Sony Computer Entertainment,RPG,"Sony Computer Entertainment, FromSoftware",2.4945,0.1698867421718854,High (4+),913,0.0,0.0,0.0,0.0,0.0,,,
Ape Out,2019-02-28,3.5,329.0,329.0,1800.0,46.0,697.0,324.0,2019,2,Adventure,Gabe Cuzzillo,"Adventure, Arcade, Fighting, Indie","Gabe Cuzzillo, Devolver Digital",3.4935,0.1799000555247085,Medium (3-4),914,0.0,0.0,0.0,0.0,0.0,,,
WarioWare: Smooth Moves,2006-12-02,3.9,319.0,319.0,3100.0,7.0,256.0,189.0,2006,12,Puzzle,"Intelligent Systems Co., Ltd.",Puzzle,"Intelligent Systems Co., Ltd., Nintendo",3.862,0.060948081264108354,Medium (3-4),915,0.87,1.06,0.73,0.26,2.92,Nintendo,Puzzle,Wii
Puyo Puyo Tetris,2014-02-06,3.8,233.0,233.0,3100.0,51.0,333.0,198.0,2014,2,Puzzle,Sega,"Puzzle, Strategy","Sega, Sonic Team",3.9955,0.06385037084811351,Medium (3-4),916,0.0,0.0,0.22,0.0,0.22,Sega,Puzzle,"Nintendo 3DS, PS Vita, PS3, Wii U"
Prince of Persia: Warrior Within,2004-11-30,3.5,237.0,237.0,2800.0,20.0,551.0,220.0,2004,11,Adventure,Ubisoft Montreal,"Adventure, Fighting, Platform","Ubisoft Montreal, Ubisoft Entertainment",4.0665,0.07854337736522671,Medium (3-4),917,1.17,1.2,0.0,0.27,2.64,Ubisoft,Action,"GameCube, PS2, Xbox"
Kentucky Route Zero: TV Edition,2020-01-27,4.1,319.0,319.0,772.0,90.0,636.0,402.0,2020,1,Adventure,Cardboard Computer,"Adventure, Indie, Point-and-Click","Cardboard Computer, Annapurna Interactive",2.53,0.5200517464424321,High (4+),918,0.0,0.0,0.0,0.0,0.0,,,
Factorio,2020-08-14,4.2,189.0,189.0,1600.0,114.0,393.0,354.0,2020,8,Indie,Wube Software LTD.,"Indie, Simulator, Strategy",Wube Software LTD.,2.8975,0.22111180512179887,High (4+),919,0.0,0.0,0.0,0.0,0.0,,,
Scott Pilgrim vs. the World: The Game - Complete Edition,2021-01-14,3.6,229.0,229.0,1200.0,102.0,637.0,363.0,2021,1,Adventure,Ubisoft,"Adventure, Brawler, Fighting","Ubisoft, Ubisoft Chengdu",2.8815,0.302248126561199,Medium (3-4),920,0.0,0.0,0.0,0.0,0.0,,,
Monster Hunter 4 Ultimate,2014-10-11,4.2,260.0,260.0,2000.0,66.0,418.0,159.0,2014,10,Adventure,Capcom,"Adventure, RPG",Capcom,2.945,0.07946026986506746,High (4+),921,0.67,0.49,2.62,0.11,3.89,Nintendo,Role-Playing,Nintendo 3DS
Fruit Ninja Classic,2010-04-20,2.7,54.0,54.0,3800.0,1.0,32.0,10.0,2010,4,Arcade,Halfbrick Studios,Arcade,Halfbrick Studios,3.868,0.002630886608787161,Low (<3),922,0.0,0.0,0.0,0.0,0.0,,,
Tom Clancy's The Division,2016-03-07,2.8,239.0,239.0,2900.0,40.0,332.0,78.0,2016,3,Adventure,Ubisoft Entertainment,"Adventure, RPG, Shooter, Strategy, Tactical","Ubisoft Entertainment, Massive Entertainment",3.554,0.02688728024819028,Low (<3),923,2.68,2.37,0.15,0.7799999999999999,5.989999999999999,Ubisoft,Shooter,"PC, PS4, Xbox One"
Crysis 2,2011-03-22,3.1,180.0,180.0,2900.0,10.0,411.0,155.0,2011,3,Adventure,Crytek Frankfurt,"Adventure, Shooter","Crytek Frankfurt, Electronic Arts",3.8265,0.05342985177524991,Medium (3-4),924,1.31,1.52,0.08,0.45999999999999996,3.39,Electronic Arts,Action,"PC, PS3, Xbox 360"
Resident Evil 4: Wii Edition,2007-05-31,4.4,151.0,151.0,1100.0,16.0,213.0,76.0,2007,5,Adventure,Capcom Production Studio 4,"Adventure, Shooter","Capcom Production Studio 4, Capcom",1.5715,0.06902815622161672,High (4+),925,0.0,0.0,0.0,0.0,0.0,,,
Nuclear Throne,2015-12-05,3.7,262.0,262.0,2200.0,65.0,587.0,146.0,2015,12,Adventure,Vlambeer,"Adventure, Arcade, Indie, RPG, Shooter",Vlambeer,3.3725,0.06633348477964561,Medium (3-4),926,0.0,0.0,0.0,0.0,0.0,,,
Super Hexagon,2012-08-31,3.4,204.0,204.0,2300.0,23.0,236.0,54.0,2012,8,Arcade,Terry Cavanagh,"Arcade, Indie, Music","Terry Cavanagh, Distractionware",2.762,0.02346805736636245,Medium (3-4),927,0.0,0.0,0.0,0.0,0.0,,,
Condemned: Criminal Origins,2005-11-16,3.5,248.0,248.0,1300.0,32.0,528.0,270.0,2005,11,Adventure,WB Games,"Adventure, Shooter","WB Games, Monolith Productions",2.632,0.207532667179093,Medium (3-4),928,0.36,0.03,0.0,0.03,0.42,Sega,Action,Xbox 360
PlayStation All-Stars Battle Royale,2012-11-20,2.4,208.0,208.0,2600.0,3.0,132.0,78.0,2012,11,Fighting,SCE Santa Monica Studio,"Fighting, Platform","SCE Santa Monica Studio, Sony Computer Entertainment",2.954,0.029988465974625143,Low (<3),929,0.76,0.43000000000000005,0.05,0.24000000000000002,1.48,Sony Computer Entertainment,Action,"PS Vita, PS3"
Dragon Quest,2004-03-01,3.1,349.0,349.0,1800.0,43.0,486.0,221.0,2004,3,Adventure,Nintendo,"Adventure, RPG","Nintendo, Armor Project",2.971,0.12270960577456969,Medium (3-4),930,0.0,0.0,0.0,0.0,0.0,,,
Pac-Man in a Tin,2023-03-22,3.7,0.0,0.0,1.0,0.0,1.0,2.0,2023,3,Arcade,Fizz Creations,Arcade,Fizz Creations,0.0065,1.0,Medium (3-4),931,0.0,0.0,0.0,0.0,0.0,,,
Mount & Blade: Warband,2010-03-31,3.9,168.0,168.0,2400.0,39.0,309.0,110.0,2010,3,Adventure,Paradox Interactive,"Adventure, RPG, Shooter, Simulator, Strategy","Paradox Interactive, Taleworlds",3.0835,0.04581424406497293,Medium (3-4),932,0.01,0.01,0.0,0.0,0.02,Paradox Interactive,Role-Playing,PC
Monster Hunter Generations Ultimate,2017-03-18,4.2,179.0,179.0,1500.0,132.0,442.0,174.0,2017,3,Brawler,Capcom,"Brawler, RPG",Capcom,2.511,0.11592271818787475,High (4+),933,0.0,0.0,0.0,0.0,0.0,,,
The Jackbox Party Pack 3,2016-10-18,3.8,152.0,152.0,2700.0,17.0,56.0,35.0,2016,10,Indie,"Jackbox Games, Inc.","Indie, Puzzle, Quiz/Trivia, Strategy","Jackbox Games, Inc.",2.854,0.01295816364309515,Medium (3-4),934,0.0,0.0,0.0,0.0,0.0,,,
Digimon World: Next Order,2016-03-17,3.1,66.0,66.0,321.0,40.0,242.0,133.0,2016,3,Adventure,Bandai Namco Entertainment Europe,"Adventure, RPG, Simulator","Bandai Namco Entertainment Europe, B.B. Studio",0.95,0.41304347826086957,Medium (3-4),935,0.0,0.0,0.09,0.0,0.09,Namco Bandai Games,Action,PS Vita
Odin Sphere: Leifthrasir,2016-01-14,4.1,228.0,228.0,895.0,71.0,740.0,349.0,2016,1,RPG,Atlus,RPG,"Atlus, Vanillaware",2.703,0.38950892857142855,High (4+),936,0.09,0.08,0.18,0.05,0.39,Nippon Ichi Software,Role-Playing,"PS Vita, PS3, PS4"
Bulletstorm,2011-02-22,3.2,159.0,159.0,2300.0,6.0,299.0,125.0,2011,2,Shooter,People Can Fly,Shooter,"People Can Fly, Electronic Arts",2.9985,0.054324206866579745,Medium (3-4),937,0.91,0.5900000000000001,0.02,0.18,1.71,Electronic Arts,Shooter,"PC, PS3, Xbox 360"
The Witcher 2: Assassins of Kings,2011-05-17,3.6,181.0,181.0,1600.0,21.0,605.0,169.0,2011,5,Adventure,Atari,"Adventure, RPG","Atari, CD Projekt RED",2.8455,0.10555902560899438,Medium (3-4),938,0.73,0.92,0.02,0.22999999999999998,1.9,Namco Bandai Games,Action,"PC, Xbox 360"
Pokémon Añil,2023-03-23,3.7,2.0,2.0,1.0,0.0,1.0,7.0,2023,3,RPG,Eric Lost,RPG,Eric Lost,0.0165,3.5,Medium (3-4),939,0.0,0.0,0.0,0.0,0.0,,,
Animal Crossing: City Folk,2008-11-16,3.4,232.0,232.0,3100.0,17.0,215.0,129.0,2008,11,Simulator,Nintendo,Simulator,"Nintendo, Nintendo EAD Group No. 2",3.6805,0.041599484037407285,Medium (3-4),940,1.87,1.12,1.32,0.37,4.68,Nintendo,Simulation,Wii
Microsoft Minesweeper,1990-10-08,3.2,83.0,83.0,2400.0,15.0,28.0,6.0,1990,10,Puzzle,Microsoft,Puzzle,Microsoft,2.454,0.0024989587671803417,Medium (3-4),941,0.0,0.0,0.0,0.0,0.0,,,
Sonic 3D Blast,1996-11-14,2.3,315.0,315.0,2300.0,12.0,259.0,73.0,1996,11,Platform,Sega,Platform,Sega,2.8345,0.03172533681008257,Low (<3),942,0.0,0.0,0.0,0.0,0.0,,,
Mario Party 4,2002-10-21,3.5,231.0,231.0,3000.0,7.0,156.0,113.0,2002,10,Card & Board Game,Hudson Soft,Card & Board Game,"Hudson Soft, Nintendo",3.46,0.0376541152949017,Medium (3-4),943,1.13,0.36,0.92,0.07,2.47,Nintendo,Misc,GameCube
Mario Party 3,2000-12-07,3.7,219.0,219.0,2800.0,6.0,168.0,123.0,2000,12,Card & Board Game,Nintendo,Card & Board Game,"Nintendo, Hudson Soft",3.298,0.04391288825419493,Medium (3-4),944,0.72,0.16,1.01,0.02,1.91,Nintendo,Misc,Nintendo 64
Peggle,2007-02-27,3.6,185.0,185.0,2500.0,20.0,122.0,35.0,2007,2,Puzzle,PopCap Games,Puzzle,PopCap Games,2.753,0.013994402239104359,Medium (3-4),945,0.0,0.0,0.0,0.0,0.0,,,
Plague Inc: Evolved,2015-09-18,3.1,88.0,88.0,4000.0,31.0,217.0,62.0,2015,9,Indie,Ndemic Creations,"Indie, Simulator, Strategy, Tactical",Ndemic Creations,4.4495,0.015496125968507872,Medium (3-4),946,0.0,0.0,0.0,0.0,0.0,,,
Star Wars: Episode III - Revenge of the Sith,2005-05-05,3.1,141.0,141.0,2100.0,11.0,167.0,94.0,2005,5,Adventure,LucasArts,"Adventure, Brawler","LucasArts, The Collective",2.5385,0.0447405997144217,Medium (3-4),947,0.0,0.0,0.0,0.0,0.0,,,
Prince of Persia,2008-12-02,3.0,201.0,201.0,2500.0,23.0,535.0,206.0,2008,12,Adventure,Ubisoft Entertainment,"Adventure, Platform, Puzzle","Ubisoft Entertainment, Ubisoft Montreal",3.7145,0.08236705317872851,Low (<3),948,1.01,0.76,0.05,0.28,2.09,Ubisoft,Action,"PS3, Xbox 360"
System Shock,1994-09-22,3.9,276.0,276.0,544.0,29.0,572.0,294.0,1994,9,RPG,Looking Glass Studios,"RPG, Shooter","Looking Glass Studios, Origin Systems",1.99,0.5394495412844037,Medium (3-4),949,0.0,0.0,0.0,0.0,0.0,,,
Sonic Rush Adventure,2007-09-14,3.5,278.0,278.0,1900.0,22.0,389.0,208.0,2007,9,Platform,Nintendo,Platform,"Nintendo, Sonic Team",2.8995,0.10941609679116254,Medium (3-4),950,0.54,0.49,0.01,0.12,1.17,Sega,Platform,Nintendo DS
Destroy All Humans!,2005-06-21,3.2,160.0,160.0,2200.0,16.0,414.0,188.0,2005,6,Adventure,THQ,Adventure,"THQ, Pandemic Studios",3.197,0.0854157201272149,Medium (3-4),951,1.12,0.14,0.0,0.15,1.4,THQ,Shooter,"PS2, Xbox"
Marvel vs. Capcom: Clash of Super Heroes,1998-01-12,3.7,269.0,269.0,2000.0,8.0,143.0,100.0,1998,1,Fighting,Virgin Interactive Entertainment (Europe) Ltd.,Fighting,"Virgin Interactive Entertainment (Europe) Ltd., Capcom",2.4145,0.04997501249375312,Medium (3-4),952,0.43,0.3,0.1,0.05,0.88,Capcom,Fighting,"Dreamcast, PS1"
The World Ends with You: Final Remix,2018-09-27,4.0,253.0,253.0,1500.0,115.0,737.0,481.0,2018,9,Adventure,Square Enix,"Adventure, RPG","Square Enix, Nintendo",3.5675,0.32045303131245834,Medium (3-4),953,0.0,0.0,0.0,0.0,0.0,,,
Ristar,1995-02-16,3.6,233.0,233.0,1200.0,12.0,355.0,175.0,1995,2,Adventure,Sega,"Adventure, Platform",Sega,2.0825,0.14571190674437967,Medium (3-4),954,0.0,0.0,0.0,0.0,0.0,,,
Crash Team Racing Nitro-Fueled,2019-06-21,3.9,408.0,408.0,2500.0,50.0,391.0,294.0,2019,6,Arcade,Activision Blizzard,"Arcade, Racing","Activision Blizzard, Beenox",3.6745,0.11755297880847661,Medium (3-4),955,0.0,0.0,0.0,0.0,0.0,,,
Mega Man X6,2001-11-29,2.3,308.0,308.0,1900.0,18.0,461.0,119.0,2001,11,Adventure,Capcom,"Adventure, Platform",Capcom,2.8295,0.0625986322987901,Low (<3),956,0.14,0.1,0.16,0.03,0.42,Capcom,Action,PS1
Slender: The Eight Pages,2012-06-26,2.0,123.0,123.0,2700.0,3.0,73.0,50.0,2012,6,Adventure,Parsec Productions,"Adventure, Indie",Parsec Productions,2.9095,0.018511662347278787,Low (<3),957,0.0,0.0,0.0,0.0,0.0,,,
Mark of the Ninja,2012-09-07,3.8,193.0,193.0,1900.0,14.0,507.0,191.0,2012,9,Adventure,Klei Entertainment,"Adventure, Indie, Platform","Klei Entertainment, Microsoft Studios",3.0425,0.10047343503419252,Medium (3-4),958,0.0,0.0,0.0,0.0,0.0,,,
Octodad: Dadliest Catch,2014-01-30,3.2,169.0,169.0,2500.0,12.0,407.0,180.0,2014,1,Adventure,Young Horses,"Adventure, Indie, Platform, Simulator, Strategy",Young Horses,3.4705,0.07197121151539385,Medium (3-4),959,0.0,0.0,0.0,0.0,0.0,,,
Dragon Ball Z: Budokai Tenkaichi,2005-10-06,2.9,96.0,96.0,1700.0,2.0,69.0,29.0,2005,10,Fighting,Spike,Fighting,"Spike, Bandai",1.8615,0.017048794826572605,Low (<3),960,0.96,0.12,0.54,0.04,1.66,Atari,Fighting,PS2
The King of Fighters XV,2022-02-16,4.0,226.0,226.0,718.0,81.0,164.0,271.0,2022,2,Fighting,SNK Corporation,Fighting,"SNK Corporation, SNK",1.506,0.3769123783031989,Medium (3-4),961,0.0,0.0,0.0,0.0,0.0,,,
Killing Floor 2,2016-11-18,3.1,195.0,195.0,2800.0,33.0,501.0,66.0,2016,11,Shooter,Tripwire Interactive,Shooter,"Tripwire Interactive, Deep Silver",3.6835,0.023563013209568013,Medium (3-4),962,0.0,0.0,0.0,0.0,0.0,,,
Ape Escape 3,2005-07-14,4.3,247.0,247.0,874.0,24.0,399.0,231.0,2005,7,Platform,SCE Japan Studio,Platform,"SCE Japan Studio, Sony Computer Entertainment Europe",1.9345,0.264,High (4+),963,0.06,0.05,0.0,0.02,0.13,Sony Computer Entertainment,Platform,PS2
The Simpsons Arcade Game,1991-03-04,3.3,139.0,139.0,1500.0,5.0,82.0,76.0,1991,3,Arcade,Konami,"Arcade, Brawler",Konami,1.775,0.05063291139240506,Medium (3-4),964,0.0,0.0,0.0,0.0,0.0,,,
Toy Story 2: Buzz Lightyear to the Rescue!,1999-11-22,3.4,245.0,245.0,2300.0,26.0,262.0,117.0,1999,11,Adventure,Activision,"Adventure, Platform","Activision, Traveller's Tales",2.927,0.05084745762711865,Medium (3-4),965,1.7,0.8400000000000001,0.0,0.09,2.64,Activision,Platform,"Nintendo 64, PS1"
Rayman Raving Rabbids,2006-11-19,2.7,137.0,137.0,2700.0,9.0,191.0,63.0,2006,11,Adventure,Ubisoft Entertainment,"Adventure, Platform, Puzzle","Ubisoft Entertainment, Ubisoft Montpellier",3.1125,0.02332469455757127,Low (<3),966,1.54,0.1,0.02,0.14,1.8099999999999998,Ubisoft,Misc,"Nintendo DS, PC, Wii, Xbox 360"
Prototype 2,2012-04-24,3.0,140.0,140.0,2400.0,10.0,408.0,198.0,2012,4,Adventure,Activision,"Adventure, Brawler, Platform","Activision, FUN Labs",3.408,0.08246563931695126,Low (<3),967,0.0,0.0,0.0,0.0,0.0,,,
MadWorld,2009-03-10,3.5,283.0,283.0,1100.0,19.0,683.0,441.0,2009,3,Brawler,Spike,Brawler,"Spike, PlatinumGames",3.0065,0.40054495912806537,Medium (3-4),968,0.46,0.25,0.02,0.07,0.8,Sega,Action,Wii
Call of Duty 3,2006-11-07,2.8,231.0,231.0,2900.0,8.0,239.0,122.0,2006,11,Shooter,Activision,Shooter,"Activision, Treyarch",3.5025,0.04205446397793864,Low (<3),969,4.17,2.43,0.05,0.91,7.56,Activision,Shooter,"PS2, PS3, Wii, Xbox 360"
Shadow Warrior,2013-09-26,3.2,161.0,161.0,1700.0,21.0,571.0,114.0,2013,9,Adventure,Flying Wild Hog,"Adventure, Shooter","Flying Wild Hog, Majesco Entertainment",2.7845,0.06701940035273368,Medium (3-4),970,0.0,0.0,0.0,0.0,0.0,,,
Warcraft III: The Frozen Throne,2003-07-01,4.3,159.0,159.0,2600.0,14.0,181.0,73.0,2003,7,Real Time Strategy,Blizzard Entertainment,"Real Time Strategy, Strategy","Blizzard Entertainment, Sierra Entertainment",3.0175,0.028066128412149175,High (4+),971,0.58,0.87,0.0,0.09,1.54,Activision,Strategy,PC
Yakuza 4,2010-03-08,3.8,295.0,295.0,1400.0,38.0,596.0,255.0,2010,3,Adventure,Sega,"Adventure, Brawler, RPG, Simulator, Sport",Sega,2.804,0.18201284796573874,Medium (3-4),972,0.15,0.14,0.63,0.05,0.97,Sega,Action,PS3
Megami Ibunroku Persona,1996-09-20,3.7,16.0,16.0,16.0,0.0,13.0,15.0,1996,9,RPG,Atlus,RPG,Atlus,0.0655,0.8823529411764706,Medium (3-4),973,0.0,0.0,0.0,0.0,0.0,,,
Persona 4 Arena,2012-03-01,3.4,195.0,195.0,1900.0,22.0,313.0,171.0,2012,3,Adventure,Arc System Works,"Adventure, Fighting, RPG","Arc System Works, Atlus",2.7115,0.08995265649658074,Medium (3-4),974,0.0,0.0,0.0,0.0,0.0,,,
Scribblenauts,2009-09-15,3.2,151.0,151.0,3200.0,3.0,155.0,80.0,2009,9,Puzzle,5th Cell,Puzzle,"5th Cell, Konami",3.5925,0.02499218994064355,Medium (3-4),975,1.71,0.32,0.02,0.18,2.22,Warner Bros. Interactive Entertainment,Puzzle,Nintendo DS
Rock Band 2,2008-09-14,4.0,180.0,180.0,2000.0,10.0,56.0,29.0,2008,9,Music,MTV Games,Music,"MTV Games, Harmonix Music Systems",2.142,0.014492753623188406,Medium (3-4),976,4.14,0.68,0.0,0.5,5.32,Electronic Arts,Misc,"PS2, PS3, Wii, Xbox 360"
Armored Core 4,2006-12-21,3.7,92.0,92.0,252.0,15.0,232.0,162.0,2006,12,Fighting,FromSoftware,Fighting,"FromSoftware, Sega",0.924,0.6403162055335968,Medium (3-4),977,0.28,0.01,0.12,0.03,0.45,505 Games,Simulation,"PS3, Xbox 360"
Rez Infinite,2016-10-13,4.0,222.0,222.0,713.0,20.0,451.0,154.0,2016,10,Music,Enhance Games,"Music, Shooter",Enhance Games,1.6975,0.21568627450980393,Medium (3-4),978,0.0,0.0,0.0,0.0,0.0,,,
Plants vs. Zombies 2: It's About Time,2013-08-15,2.7,80.0,80.0,2400.0,29.0,88.0,22.0,2013,8,Adventure,Electronic Arts,"Adventure, Real Time Strategy, Strategy, Tactical","Electronic Arts, PopCap Games",2.576,0.009162848812994586,Low (<3),979,0.0,0.0,0.0,0.0,0.0,,,
Cadence of Hyrule: Crypt of the NecroDancer Featuring the Legend of Zelda,2019-06-13,3.6,269.0,269.0,1800.0,39.0,682.0,587.0,2019,6,Adventure,Spike ChunSoft,"Adventure, Music","Spike ChunSoft, Brace Yourself Games",3.997,0.32593003886729593,Medium (3-4),980,0.0,0.0,0.0,0.0,0.0,,,
100% Orange Juice,2009-08-15,3.4,112.0,112.0,1800.0,51.0,292.0,89.0,2009,8,Card & Board Game,Orange_Juice,"Card & Board Game, Indie, Strategy, Turn Based Strategy","Orange_Juice, Fruitbat Factory",2.416,0.049416990560799554,Medium (3-4),981,0.0,0.0,0.0,0.0,0.0,,,
Tekken 6,2007-11-26,3.4,235.0,235.0,2300.0,15.0,173.0,96.0,2007,11,Fighting,Bandai Namco Entertainment,Fighting,Bandai Namco Entertainment,2.7515,0.041720990873533245,Medium (3-4),982,2.06,1.44,0.32,0.59,4.41,Namco Bandai Games,Fighting,"PS3, PSP, Xbox 360"
Mortal Kombat 3,1995-04-15,3.1,162.0,162.0,1700.0,4.0,85.0,41.0,1995,4,Fighting,Midway Games,Fighting,Midway Games,1.9095,0.024103468547912992,Medium (3-4),983,2.51,0.76,0.02,0.13,3.42,Acclaim Entertainment,Fighting,"PS1, SNES, Sega Genesis"
Pokémon Mystery Dungeon: Explorers of Time,2007-09-13,4.0,186.0,186.0,2300.0,13.0,345.0,136.0,2007,9,Adventure,Chunsoft,"Adventure, RPG, Turn Based Strategy","Chunsoft, Nintendo",3.0895,0.05910473707083876,Medium (3-4),984,0.0,0.0,0.0,0.0,0.0,,,
Chulip,2002-10-03,4.1,296.0,296.0,308.0,31.0,584.0,420.0,2002,10,Adventure,Punchline,"Adventure, Puzzle",Punchline,2.024,1.3592233009708738,High (4+),985,0.0,0.0,0.0,0.0,0.0,,,
Crash Nitro Kart,2003-11-11,3.1,141.0,141.0,1700.0,4.0,139.0,52.0,2003,11,Racing,Vicarious Visions,Racing,"Vicarious Visions, Universal Interactive Studios",2.0125,0.030570252792475015,Medium (3-4),986,1.51,1.25,0.0,0.23,2.98,Vivendi Games,Racing,"Game Boy Advance, GameCube, PS2, Xbox"
Bubble Bobble,1986-06-16,3.3,187.0,187.0,1400.0,3.0,110.0,57.0,1986,6,Arcade,Sega,"Arcade, Platform, Puzzle, Strategy","Sega, Taito Corporation",1.679,0.04068522483940043,Medium (3-4),987,0.0,0.0,0.0,0.0,0.0,,,
Shantae: Half-Genie Hero,2016-12-20,3.4,196.0,196.0,1500.0,41.0,562.0,289.0,2016,12,Adventure,XSEED Games,"Adventure, Indie, Platform","XSEED Games, WayForward Technologies",2.921,0.19253830779480346,Medium (3-4),988,0.0,0.0,0.0,0.0,0.0,,,
Snake,1997-12-18,3.1,67.0,67.0,2400.0,6.0,26.0,9.0,1997,12,Arcade,Nokia,Arcade,Nokia,2.457,0.003748438150770512,Medium (3-4),989,0.0,0.0,0.0,0.0,0.0,,,
Tales of Vesperia,2008-08-07,3.9,196.0,196.0,1100.0,57.0,490.0,199.0,2008,8,RPG,Namco Tales Studio,RPG,"Namco Tales Studio, Bandai Namco Entertainment",2.233,0.1807447774750227,Medium (3-4),990,0.32,0.18,0.64,0.05,1.2,Atari,Role-Playing,"PS3, Xbox 360"
Mega Man X8,2004-12-07,3.3,239.0,239.0,1400.0,17.0,438.0,140.0,2004,12,Adventure,Capcom Production Studio 1,"Adventure, Platform","Capcom Production Studio 1, Capcom",2.337,0.09992862241256245,Medium (3-4),991,0.14,0.11,0.0,0.04,0.29,Capcom,Platform,PS2
Fire Emblem: New Mystery of the Emblem,2010-07-15,3.7,246.0,246.0,848.0,23.0,503.0,212.0,2010,7,RPG,"Intelligent Systems Co., Ltd.","RPG, Strategy, Turn Based Strategy","Intelligent Systems Co., Ltd., Nintendo",2.0265,0.2497055359246172,Medium (3-4),992,0.0,0.0,0.0,0.0,0.0,,,
Mario & Luigi: Superstar Saga + Bowser's Minions,2017-10-05,3.9,201.0,201.0,1100.0,48.0,477.0,201.0,2017,10,Adventure,Nintendo,"Adventure, Platform, RPG","Nintendo, AlphaDream",2.2175,0.18256130790190736,Medium (3-4),993,0.0,0.0,0.0,0.0,0.0,,,
Suikoden,1995-12-15,3.6,270.0,270.0,933.0,32.0,776.0,360.0,1995,12,RPG,Konami Computer Entertainment Tokyo,RPG,"Konami Computer Entertainment Tokyo, Konami",2.817,0.3854389721627409,Medium (3-4),994,0.21,0.14,0.21,0.04,0.6,Konami Digital Entertainment,Role-Playing,PS1
Binary Domain,2012-02-16,3.5,234.0,234.0,1100.0,9.0,598.0,192.0,2012,2,Shooter,Sega,Shooter,"Sega, Ryū Ga Gotoku Studios",2.381,0.17438692098092642,Medium (3-4),995,0.18,0.15000000000000002,0.16,0.05,0.52,Sega,Action,"PS3, Xbox 360"
Shin Megami Tensei: Devil Survivor,2009-01-15,3.9,219.0,219.0,1000.0,47.0,667.0,343.0,2009,1,RPG,Atlus,"RPG, Strategy, Tactical, Visual Novel","Atlus, Ghostlight Ltd.",2.6865,0.34265734265734266,Medium (3-4),996,0.14,0.0,0.12,0.01,0.27,Atlus,Role-Playing,Nintendo DS
JoJo's Bizarre Adventure: Eyes of Heaven,2015-12-17,2.8,106.0,106.0,1700.0,36.0,276.0,196.0,2015,12,Arcade,CyberConnect2,"Arcade, Fighting","CyberConnect2, Bandai Namco Entertainment",2.506,0.11522633744855967,Low (<3),997,0.0,0.0,0.06,0.0,0.06,Namco Bandai Games,Fighting,"PS3, PS4"
Audiosurf,2008-02-15,3.2,82.0,82.0,1600.0,8.0,77.0,27.0,2008,2,Indie,Valve,"Indie, Music, Puzzle","Valve, Invisible Handlebar",1.7695,0.016864459712679577,Medium (3-4),998,0.0,0.0,0.0,0.0,0.0,,,
Better Call Saul Kart,2022-09-30,4.2,8.0,8.0,26.0,1.0,10.0,12.0,2022,9,Racing,Big Trash Games,Racing,Big Trash Games,0.065,0.4444444444444444,High (4+),999,0.0,0.0,0.0,0.0,0.0,,,
The Secret of Monkey Island,1990-10-01,4.1,312.0,312.0,1400.0,13.0,418.0,298.0,1990,10,Adventure,Lucasfilm Games,"Adventure, Point-and-Click, Puzzle","Lucasfilm Games, JVC Musical Industries",2.623,0.21270521056388295,High (4+),1000,0.0,0.0,0.0,0.0,0.0,,,
Resistance: Fall of Man,2006-11-11,3.0,194.0,194.0,1300.0,16.0,280.0,119.0,2006,11,Adventure,Insomniac Games,"Adventure, Shooter","Insomniac Games, Sony Computer Entertainment, Inc. (SCEI)",1.958,0.09146810146041506,Low (<3),1001,1.73,1.73,0.14,0.75,4.35,Sony Computer Entertainment,Shooter,PS3
Sniper Elite 4,2017-02-13,3.1,184.0,184.0,1500.0,40.0,483.0,108.0,2017,2,Adventure,Sold Out Sales & Marketing,"Adventure, Shooter, Tactical","Sold Out Sales & Marketing, Rebellion Developments",2.4405,0.07195203197868089,Medium (3-4),1002,0.0,0.0,0.0,0.0,0.0,,,
Metal Gear Solid HD Collection,2011-11-08,4.5,118.0,118.0,1500.0,31.0,464.0,230.0,2011,11,Adventure,Kojima Productions,"Adventure, Strategy, Tactical","Kojima Productions, Konami",2.656,0.15323117921385743,High (4+),1003,0.0,0.0,0.0,0.0,0.0,,,
The Simpsons: Road Rage,2001-11-19,2.9,103.0,103.0,1700.0,6.0,146.0,61.0,2001,11,Racing,Electronic Arts,Racing,"Electronic Arts, Fox Interactive",2.041,0.035861258083480306,Low (<3),1004,3.85,1.8,0.0,0.45999999999999996,6.09,Electronic Arts,Racing,"Game Boy Advance, GameCube, PS2, Xbox"
Melty Blood Actress Again Current Code,2010-07-29,4.1,242.0,242.0,1900.0,81.0,211.0,184.0,2010,7,Arcade,Arc System Works,"Arcade, Fighting","Arc System Works, French Bread",2.5845,0.0967911625460284,High (4+),1005,0.0,0.0,0.0,0.0,0.0,,,
Path of Exile,2013-10-23,3.3,130.0,130.0,2400.0,77.0,319.0,55.0,2013,10,Adventure,Grinding Gear Games,"Adventure, Brawler, RPG",Grinding Gear Games,2.9885,0.022907122032486463,Medium (3-4),1006,0.0,0.0,0.0,0.0,0.0,,,
Machinarium,2009-10-16,3.7,222.0,222.0,1600.0,18.0,473.0,242.0,2009,10,Adventure,Amanita Design,"Adventure, Indie, Point-and-Click, Puzzle",Amanita Design,2.7935,0.15115552779512806,Medium (3-4),1007,0.0,0.09,0.0,0.02,0.11,Daedalic,Adventure,PC
Guacamelee!,2013-04-09,3.5,191.0,191.0,1800.0,8.0,371.0,133.0,2013,4,Adventure,Drinkbox Studios,"Adventure, Brawler, Indie, Platform","Drinkbox Studios, Spike ChunSoft",2.6225,0.07384786229872294,Medium (3-4),1008,0.0,0.0,0.0,0.0,0.0,,,
Tales of Zestiria,2015-01-22,2.7,273.0,273.0,1700.0,76.0,1000.0,264.0,2015,1,RPG,Bandai Namco Entertainment,RPG,"Bandai Namco Entertainment, tri-Crescendo",3.728,0.15520282186948853,Low (<3),1009,0.21000000000000002,0.24,0.44,0.09,0.97,Namco Bandai Games,Role-Playing,"PS3, PS4"
Black,2006-02-24,3.4,233.0,233.0,2100.0,19.0,359.0,196.0,2006,2,Shooter,Electronic Arts,Shooter,"Electronic Arts, Criterion Games",3.0305,0.09328891004283675,Medium (3-4),1010,1.32,0.13,0.03,0.17,1.67,Electronic Arts,Shooter,"PS2, Xbox"
Mario Super Sluggers,2008-06-19,3.7,153.0,153.0,1800.0,4.0,133.0,81.0,2008,6,Sport,Namco Bandai Games,Sport,"Namco Bandai Games, Nintendo",2.1615,0.044975013881177126,Medium (3-4),1011,1.51,0.0,0.29,0.12,1.93,Nintendo,Sports,Wii
Worms Armageddon,1999-01-29,3.8,180.0,180.0,2100.0,15.0,150.0,57.0,1999,1,Platform,Team17,"Platform, Shooter, Strategy","Team17, Infogrames Europe",2.439,0.027129938124702522,Medium (3-4),1012,0.21,0.8200000000000001,0.0,0.08,1.1,Microprose,Strategy,"Nintendo 64, PS1"
Street Fighter II Turbo,1993-07-11,3.7,174.0,174.0,1600.0,5.0,89.0,50.0,1993,7,Fighting,Capcom,Fighting,Capcom,1.8335,0.03123048094940662,Medium (3-4),1013,1.42,0.51,2.1,0.07,4.1,Capcom,Fighting,SNES
Tekken 4,2001-07-01,3.4,243.0,243.0,1900.0,9.0,144.0,109.0,2001,7,Fighting,Namco,Fighting,"Namco, Namco Hometek",2.334,0.05733824302998422,Medium (3-4),1014,1.55,1.27,0.33,0.29,3.44,Namco Bandai Games,Fighting,PS2
Legacy of Kain: Soul Reaver,1999-08-16,3.7,260.0,260.0,1300.0,22.0,833.0,328.0,1999,8,Adventure,Eidos Interactive,Adventure,"Eidos Interactive, Crystal Dynamics",3.2055,0.2521137586471945,Medium (3-4),1015,0.58,0.4,0.0,0.07,1.04,Eidos Interactive,Action,PS1
Mega Man X7,2003-07-17,1.4,231.0,231.0,1300.0,6.0,385.0,113.0,2003,7,Adventure,Capcom Production Studio 3,"Adventure, Platform","Capcom Production Studio 3, Capcom",2.1035,0.08685626441199078,Low (<3),1016,0.22,0.17,0.14,0.06,0.58,Capcom,Action,PS2
Final Fantasy I & II: Dawn of Souls,2004-07-29,3.4,93.0,93.0,1100.0,26.0,207.0,63.0,2004,7,RPG,Square Enix,RPG,"Square Enix, Nintendo",1.5365,0.05722070844686648,Medium (3-4),1017,0.64,0.24,0.29,0.02,1.19,Nintendo,Role-Playing,Game Boy Advance
Mega Man ZX,2006-07-06,3.7,239.0,239.0,1300.0,29.0,540.0,159.0,2006,7,Platform,Inti Creates,"Platform, Shooter","Inti Creates, Capcom",2.428,0.12221368178324366,Medium (3-4),1018,0.18,0.0,0.1,0.02,0.3,Capcom,Platform,Nintendo DS
Metal Gear 2: Solid Snake,1990-07-20,3.5,306.0,306.0,1200.0,19.0,501.0,183.0,1990,7,Adventure,Konami,Adventure,Konami,2.3175,0.1523730224812656,Medium (3-4),1019,0.0,0.0,0.0,0.0,0.0,,,
The Missing: J.J. Macfield and the Island of Memories,2018-10-11,3.8,241.0,241.0,779.0,30.0,491.0,366.0,2018,10,Adventure,Arc System Works,"Adventure, Indie, Platform, Puzzle","Arc System Works, White Owls Inc.",2.2475,0.46923076923076923,Medium (3-4),1020,0.0,0.0,0.0,0.0,0.0,,,
Silent Hill 2: Restless Dreams,2001-12-19,4.5,90.0,90.0,514.0,14.0,130.0,81.0,2001,12,Adventure,Team Silent,Adventure,"Team Silent, Konami",0.871,0.15728155339805824,High (4+),1021,0.21,0.06,0.0,0.01,0.28,Konami Digital Entertainment,Action,Xbox
Friday the 13th: The Game,2017-05-25,2.6,170.0,170.0,2200.0,12.0,198.0,67.0,2017,5,Indie,Illfonic,Indie,"Illfonic, Gun Interactive",2.631,0.03044070876874148,Low (<3),1022,0.0,0.0,0.0,0.0,0.0,,,
Quake II,1997-12-09,3.4,242.0,242.0,1500.0,18.0,469.0,162.0,1997,12,Shooter,id Software,Shooter,"id Software, Activision",2.5275,0.10792804796802132,Medium (3-4),1023,0.47,0.22,0.0,0.03,0.71,Activision,Shooter,"Nintendo 64, PS1"
NBA Jam,1993-06-02,3.6,106.0,106.0,847.0,0.0,64.0,23.0,1993,6,Sport,Midway,Sport,Midway,0.989,0.027122641509433963,Medium (3-4),1024,4.11,0.85,0.0,0.25,5.22,Arena Entertainment,Sports,"PS2, PS3, SNES, Sega Genesis, Wii, Xbox, Xbox 360"
Final Fantasy X HD Remaster,2013-12-26,4.3,139.0,139.0,867.0,48.0,300.0,76.0,2013,12,Adventure,Square Enix,"Adventure, RPG",Square Enix,1.469,0.08755760368663594,High (4+),1025,0.0,0.0,0.0,0.0,0.0,,,
Mario vs. Donkey Kong,2004-05-24,3.3,171.0,171.0,1500.0,16.0,252.0,92.0,2004,5,Platform,Nintendo,"Platform, Puzzle","Nintendo, Nintendo Software Technology",2.062,0.06129247168554297,Medium (3-4),1026,0.68,0.25,0.21,0.02,1.17,Nintendo,Puzzle,Game Boy Advance
Kenshi,2018-12-06,4.0,90.0,90.0,527.0,49.0,279.0,257.0,2018,12,Indie,Lo-Fi Games,"Indie, RPG, Simulator, Strategy",Lo-Fi Games,1.4595,0.48674242424242425,Medium (3-4),1027,0.0,0.0,0.0,0.0,0.0,,,
Remember Me,2013-06-03,2.9,179.0,179.0,1600.0,22.0,526.0,239.0,2013,6,Adventure,Capcom,"Adventure, Platform","Capcom, DON'T NOD",2.867,0.14928169893816365,Low (<3),1028,0.2,0.3,0.0,0.1,0.59,Capcom,Action,"PC, PS3, Xbox 360"
Alpha Protocol,2010-05-28,3.3,170.0,170.0,987.0,9.0,511.0,182.0,2010,5,RPG,Obsidian Entertainment,"RPG, Shooter","Obsidian Entertainment, Sega",2.1175,0.18421052631578946,Medium (3-4),1029,0.42000000000000004,0.33999999999999997,0.0,0.12000000000000001,0.87,Sega,Role-Playing,"PC, PS3, Xbox 360"
Indivisible,2019-10-08,3.1,211.0,211.0,969.0,56.0,839.0,349.0,2019,10,Adventure,Lab Zero Games,"Adventure, Indie, Platform, RPG","Lab Zero Games, 505 Games",2.9255,0.3597938144329897,Medium (3-4),1030,0.0,0.0,0.0,0.0,0.0,,,
Jazzpunk,2014-02-07,3.6,122.0,122.0,935.0,5.0,213.0,165.0,2014,2,Adventure,Necrophone Games,"Adventure, Indie","Necrophone Games, Adult Swim Games",1.5845,0.1762820512820513,Medium (3-4),1031,0.0,0.0,0.0,0.0,0.0,,,
Need for Speed: Hot Pursuit,2010-11-16,3.3,148.0,148.0,2000.0,23.0,182.0,54.0,2010,11,Racing,Criterion Games,Racing,"Criterion Games, Electronic Arts",2.381,0.026986506746626688,Medium (3-4),1032,2.38,2.67,0.03,0.7999999999999999,5.890000000000001,Electronic Arts,Racing,"PC, PS3, Wii, Xbox 360"
The House in Fata Morgana: A Requiem for Innocence,2015-08-16,4.3,123.0,123.0,625.0,34.0,275.0,180.0,2015,8,Adventure,NOVECT,"Adventure, Visual Novel","NOVECT, MangaGamer",1.3975,0.28753993610223644,High (4+),1033,0.0,0.0,0.0,0.0,0.0,,,
Phantom Brigade,2023-02-28,2.8,16.0,16.0,16.0,10.0,30.0,51.0,2023,2,Indie,Brace Yourself Games,"Indie, RPG, Strategy, Tactical, Turn Based Strategy",Brace Yourself Games,0.163,3.0,Low (<3),1034,0.0,0.0,0.0,0.0,0.0,,,
Altered Beast,1988-08-01,2.5,211.0,211.0,1500.0,2.0,154.0,55.0,1988,8,Brawler,Sega,"Brawler, Platform","Sega, Team Shinobi",1.841,0.03664223850766156,Low (<3),1035,0.0,0.0,0.0,0.0,0.0,,,
Broken Age,2014-01-28,3.1,180.0,180.0,1300.0,21.0,663.0,139.0,2014,1,Adventure,Nordic Games Publishing,"Adventure, Indie, Point-and-Click, Puzzle","Nordic Games Publishing, Double Fine",2.5725,0.10684089162182936,Medium (3-4),1036,0.0,0.0,0.0,0.0,0.0,,,
Telling Lies,2019-08-23,2.8,186.0,186.0,646.0,15.0,244.0,163.0,2019,8,Indie,Furious Bee Limited,"Indie, Point-and-Click, Simulator","Furious Bee Limited, Annapurna Interactive",1.338,0.25193199381761977,Low (<3),1037,0.0,0.0,0.0,0.0,0.0,,,
Saints Row: Gat Out of Hell,2015-01-20,2.4,159.0,159.0,2000.0,13.0,412.0,75.0,2015,1,Adventure,Volition,"Adventure, Shooter","Volition, Deep Silver",2.768,0.037481259370314844,Low (<3),1038,0.0,0.04,0.0,0.01,0.05,Deep Silver,Action,PS4
Ratchet & Clank: Size Matters,2007-02-13,2.8,172.0,172.0,1500.0,10.0,287.0,115.0,2007,2,Adventure,"Sony Computer Entertainment, Inc. (SCEI)","Adventure, Platform, Shooter","Sony Computer Entertainment, Inc. (SCEI), High Impact Games",2.1605,0.07661558960692871,Low (<3),1039,1.5299999999999998,1.5,0.13,0.9,4.06,Sony Computer Entertainment,Platform,"PS2, PSP"
Mario Hoops 3-on-3,2006-07-27,3.5,132.0,132.0,1800.0,2.0,134.0,69.0,2006,7,Sport,Nintendo,Sport,"Nintendo, Square Enix",2.139,0.038312048861743477,Medium (3-4),1040,0.0,0.0,0.0,0.0,0.0,,,
Mario Power Tennis,2004-10-28,3.5,150.0,150.0,1900.0,6.0,146.0,91.0,2004,10,Sport,Nintendo,Sport,"Nintendo, Camelot Software Planning",2.301,0.047869542346133616,Medium (3-4),1041,0.58,0.16,0.46,0.03,1.22,Nintendo,Sports,GameCube
Keep Talking and Nobody Explodes,2015-07-16,3.7,144.0,144.0,2000.0,26.0,198.0,106.0,2015,7,Card & Board Game,Steel Crate Games,"Card & Board Game, Indie, Puzzle, Simulator",Steel Crate Games,2.509,0.05297351324337831,Medium (3-4),1042,0.0,0.0,0.0,0.0,0.0,,,
The Swapper,2013-05-30,3.4,130.0,130.0,1100.0,10.0,341.0,93.0,2013,5,Adventure,Facepalm Games,"Adventure, Indie, Platform, Puzzle, Strategy","Facepalm Games, Curve Digital",1.7975,0.08446866485013624,Medium (3-4),1043,0.0,0.0,0.0,0.0,0.0,,,
Ms. Pac-Man,1982-02-03,3.6,198.0,198.0,1600.0,1.0,45.0,38.0,1982,2,Arcade,"Atari, Inc.",Arcade,"Atari, Inc., General Computer Corporation (GCC)",1.7435,0.023735165521549032,Medium (3-4),1044,1.54,0.1,0.0,0.02,1.65,Atari,Puzzle,Atari 2600
Gun,2005-11-05,3.3,131.0,131.0,1400.0,5.0,276.0,152.0,2005,11,Adventure,Activision,Adventure,"Activision, Rebellion Developments",2.118,0.10849393290506781,Medium (3-4),1045,1.74,0.21000000000000002,0.0,0.2,2.14,Activision,Shooter,"GameCube, PS2, Xbox, Xbox 360"
Naruto: Ultimate Ninja 3,2005-12-22,3.5,120.0,120.0,1900.0,2.0,67.0,32.0,2005,12,Fighting,Bandai,Fighting,"Bandai, CyberConnect2",2.0645,0.016833245660178853,Medium (3-4),1046,0.36,0.01,0.0,0.06,0.44,Atari,Fighting,PS2
The Ultimate Doom,1995-04-30,4.1,148.0,148.0,1200.0,36.0,205.0,71.0,1995,4,Shooter,id Software,Shooter,"id Software, Activision",1.6495,0.059117402164862616,High (4+),1047,0.0,0.0,0.0,0.0,0.0,,,
Superman: The New Superman Adventures,1999-05-31,0.7,69.0,69.0,859.0,2.0,76.0,55.0,1999,5,Adventure,Titus Software,"Adventure, Shooter","Titus Software, WB Games",1.083,0.06395348837209303,Low (<3),1048,0.33,0.07,0.0,0.0,0.41,Titus,Action,Nintendo 64
Ruiner,2017-09-26,3.2,177.0,177.0,1100.0,38.0,701.0,177.0,2017,9,Adventure,Reikon Games,"Adventure, Indie, Shooter, Strategy","Reikon Games, Devolver Digital",2.5055,0.16076294277929154,Medium (3-4),1049,0.0,0.0,0.0,0.0,0.0,,,
The Lord of the Rings: The Two Towers,2002-10-21,3.3,100.0,100.0,1600.0,8.0,172.0,72.0,2002,10,Adventure,Electronic Arts,"Adventure, Brawler","Electronic Arts, Hypnos Entertainment",2.002,0.04497189256714553,Medium (3-4),1050,3.33,2.5,0.08,0.75,6.65,Electronic Arts,Action,"Game Boy Advance, GameCube, PS2, Xbox"
Dragon Quest II: Luminaries of the Legendary Line,2005-12-31,3.0,215.0,215.0,891.0,40.0,399.0,167.0,2005,12,RPG,Chunsoft,RPG,"Chunsoft, Enix America Corporation",1.8235,0.18721973094170405,Low (<3),1051,0.0,0.0,0.0,0.0,0.0,,,
Chivalry: Medieval Warfare,2012-10-16,2.9,73.0,73.0,1600.0,2.0,143.0,23.0,2012,10,Brawler,Torn Banner Studios,"Brawler, Fighting, Indie","Torn Banner Studios, Activision",1.8605,0.014366021236727046,Low (<3),1052,0.0,0.0,0.0,0.0,0.0,,,
FIFA 14,2013-09-24,3.2,92.0,92.0,2200.0,8.0,52.0,13.0,2013,9,Sport,EA Sports,Sport,"EA Sports, EA Canada",2.304,0.005906406179009541,Medium (3-4),1053,2.84,11.14,0.2,2.98,17.14,Electronic Arts,Sports,"Nintendo 3DS, PC, PS Vita, PS3, PS4, PSP, Wii, Xbox 360, Xbox One"
Bit.Trip Runner,2010-05-14,3.1,58.0,58.0,1200.0,7.0,195.0,57.0,2010,5,Arcade,Gaijin Games,"Arcade, Indie, Music, Platform","Gaijin Games, Aksys Games",1.6065,0.04746044962531224,Medium (3-4),1054,0.0,0.0,0.0,0.0,0.0,,,
Pokémon Pinball: Ruby & Sapphire,2003-08-01,3.5,135.0,135.0,1600.0,23.0,136.0,69.0,2003,8,Adventure,Nintendo,"Adventure, Arcade, Pinball","Nintendo, Jupiter Corporation",1.942,0.043098063710181135,Medium (3-4),1055,0.0,0.0,0.0,0.0,0.0,,,
FIFA 13,2012-09-25,3.2,62.0,62.0,1600.0,2.0,34.0,12.0,2012,9,Simulator,Electronic Arts,"Simulator, Sport","Electronic Arts, EA Canada",1.675,0.007495315427857589,Medium (3-4),1056,0.0,0.0,0.0,0.0,0.0,,,
La-Mulana,2012-07-13,3.9,170.0,170.0,492.0,30.0,474.0,219.0,2012,7,Adventure,GR3 Project,"Adventure, Indie, Platform, Puzzle","GR3 Project, Rising Star Games",1.641,0.44421906693711966,Medium (3-4),1057,0.0,0.0,0.0,0.0,0.0,,,
The Warriors,2005-10-17,3.9,182.0,182.0,927.0,10.0,274.0,191.0,2005,10,Brawler,Rockstar Toronto,"Brawler, Fighting","Rockstar Toronto, Rockstar Games",1.72,0.20581896551724138,Medium (3-4),1058,0.88,0.1,0.0,0.11000000000000001,1.09,Take-Two Interactive,Action,"PS2, PSP, Xbox"
Mortal Kombat XL,2016-03-01,3.6,95.0,95.0,1100.0,10.0,128.0,32.0,2016,3,Fighting,NetherRealm Studios,Fighting,"NetherRealm Studios, WB Games",1.356,0.029064486830154404,Medium (3-4),1059,0.0,0.0,0.0,0.0,0.0,,,
Anonymous;Code,2022-07-28,4.2,40.0,40.0,8.0,1.0,57.0,156.0,2022,7,Adventure,5pb.,"Adventure, Visual Novel","5pb., Spike ChunSoft",0.4055,17.333333333333332,High (4+),1060,0.0,0.0,0.0,0.0,0.0,,,
Higurashi no Naku Koro ni: Chapter 2 - Watanagashi,2002-12-29,3.7,118.0,118.0,1200.0,49.0,242.0,92.0,2002,12,Adventure,MangaGamer,"Adventure, Visual Novel","MangaGamer, 07th Expansion",1.747,0.07660283097418817,Medium (3-4),1061,0.0,0.0,0.0,0.0,0.0,,,
Aokana: Four Rhythms Across the Blue,2016-01-08,3.9,32.0,32.0,164.0,20.0,127.0,101.0,2016,1,Adventure,sprite,"Adventure, Visual Novel","sprite, Piacci",0.5565,0.6121212121212121,Medium (3-4),1062,0.0,0.0,0.0,0.0,0.0,,,
Shantae and the Seven Sirens,2020-03-27,3.5,118.0,118.0,512.0,31.0,384.0,331.0,2020,3,Adventure,WayForward Technologies,"Adventure, Platform","WayForward Technologies, WayForward",1.75,0.645224171539961,Medium (3-4),1063,0.0,0.0,0.0,0.0,0.0,,,
Mega Man ZX Advent,2007-07-12,3.6,173.0,173.0,976.0,19.0,462.0,110.0,2007,7,Adventure,Inti Creates,"Adventure, Platform, Shooter","Inti Creates, Capcom",1.889,0.11258955987717502,Medium (3-4),1064,0.23,0.0,0.09,0.02,0.35,Capcom,Platform,Nintendo DS
Peggle Deluxe,2007-03-06,3.7,69.0,69.0,939.0,18.0,70.0,13.0,2007,3,,PopCap Games,,PopCap Games,1.07,0.013829787234042552,Medium (3-4),1065,0.0,0.0,0.0,0.0,0.0,,,
Slither.io,2016-03-25,2.2,46.0,46.0,2100.0,1.0,21.0,4.0,2016,3,Arcade,Lowtech Studios,"Arcade, Simulator","Lowtech Studios, Steve Howse",2.1395,0.0019038553069966682,Low (<3),1066,0.0,0.0,0.0,0.0,0.0,,,
Twisted Metal,1995-11-05,3.1,117.0,117.0,986.0,1.0,148.0,81.0,1995,11,Fighting,Eat Sleep Play Inc.,"Fighting, Racing, Shooter","Eat Sleep Play Inc., Sony Computer Entertainment",1.37,0.08206686930091185,Medium (3-4),1067,1.32,0.19,0.0,0.05,1.56,Sony Computer Entertainment,Action,PS1
Dragon Age: Origins - Awakening,2010-03-16,3.9,50.0,50.0,1000.0,14.0,200.0,54.0,2010,3,RPG,BioWare Edmonton,"RPG, Strategy","BioWare Edmonton, Electronic Arts",1.408,0.053946053946053944,Medium (3-4),1068,0.0,0.0,0.0,0.0,0.0,,,
Parasite Eve II,1999-12-16,3.4,229.0,229.0,763.0,16.0,657.0,344.0,1999,12,RPG,Square,RPG,"Square, Square Soft",2.4365,0.450261780104712,Medium (3-4),1069,0.32,0.22,0.0,0.04,0.58,SquareSoft,Role-Playing,PS1
The Jackbox Party Pack,2014-11-18,2.9,102.0,102.0,1400.0,6.0,93.0,27.0,2014,11,Indie,"Jackbox Games, Inc.","Indie, Puzzle, Quiz/Trivia, Strategy","Jackbox Games, Inc.",1.5935,0.019271948608137045,Low (<3),1070,0.0,0.0,0.0,0.0,0.0,,,
Tom Clancy's Splinter Cell: Pandora Tomorrow,2004-03-23,3.4,137.0,137.0,1000.0,7.0,317.0,123.0,2004,3,Shooter,Ubisoft Shanghai,"Shooter, Tactical","Ubisoft Shanghai, Ubisoft Entertainment",1.7215,0.12287712287712288,Medium (3-4),1071,1.45,1.19,0.0,0.24000000000000002,2.87,Ubisoft,Action,"Game Boy Advance, GameCube, PS2, Xbox"
Payday: The Heist,2011-10-18,2.9,55.0,55.0,1300.0,4.0,135.0,23.0,2011,10,Shooter,Overkill Software,Shooter,"Overkill Software, Daybreak Game Company",1.5485,0.017678708685626442,Low (<3),1072,0.0,0.0,0.0,0.0,0.0,,,
Pokémon Rumble Blast,2011-08-11,2.9,96.0,96.0,1200.0,8.0,95.0,39.0,2011,8,Adventure,Nintendo,"Adventure, Brawler, Fighting, RPG","Nintendo, Ambrella",1.4205,0.0324729392173189,Low (<3),1073,0.0,0.0,0.0,0.0,0.0,,,
Nicktoons Unite!,2005-10-26,2.5,52.0,52.0,785.0,2.0,50.0,28.0,2005,10,Adventure,THQ,Adventure,"THQ, Blue Tongue Entertainment",0.916,0.035623409669211195,Low (<3),1074,0.0,0.0,0.0,0.0,0.0,,,
Ruined King: A League of Legends Story,2021-11-16,3.6,68.0,68.0,413.0,63.0,243.0,246.0,2021,11,Adventure,Riot Forge,"Adventure, Indie, RPG, Turn Based Strategy","Riot Forge, Airship Syndicate",1.2695,0.5942028985507246,Medium (3-4),1075,0.0,0.0,0.0,0.0,0.0,,,
Picross S3,2019-04-25,3.9,26.0,26.0,187.0,16.0,34.0,26.0,2019,4,Puzzle,Jupiter Corp.,"Puzzle, Strategy","Jupiter Corp., Jupiter Corporation",0.29,0.13829787234042554,Medium (3-4),1076,0.0,0.0,0.0,0.0,0.0,,,
Lisa the Joyful,2015-08-24,3.7,126.0,126.0,1000.0,7.0,358.0,233.0,2015,8,Adventure,Dingaling,"Adventure, Indie, RPG, Turn Based Strategy",Dingaling,2.003,0.23276723276723277,Medium (3-4),1077,0.0,0.0,0.0,0.0,0.0,,,
The King of Fighters '98,1998-07-23,3.9,231.0,231.0,1500.0,15.0,137.0,88.0,1998,7,Fighting,SNK,Fighting,"SNK, HAMSTER Corporation",1.8815,0.05862758161225849,Medium (3-4),1078,0.0,0.0,0.0,0.0,0.0,,,
Kingdoms of Amalur: Reckoning,2012-02-07,3.2,99.0,99.0,1200.0,22.0,365.0,106.0,2012,2,Brawler,38 Studios,"Brawler, RPG","38 Studios, Electronic Arts",1.9595,0.08825978351373855,Medium (3-4),1079,1.06,0.6799999999999999,0.09999999999999999,0.22,2.07,Electronic Arts,Role-Playing,"PC, PS3, Xbox 360"
Grand Theft Auto,1997-10-21,2.5,181.0,181.0,1600.0,4.0,225.0,109.0,1997,10,Adventure,DMA Design,"Adventure, Racing, Shooter","DMA Design, Take-Two Interactive",2.1555,0.06808244846970643,Low (<3),1080,0.9600000000000001,1.4100000000000001,0.04,0.14,2.5599999999999996,Take-Two Interactive,Action,"Game Boy Advance, PS1"
Europa Universalis IV,2013-08-13,3.8,135.0,135.0,1300.0,76.0,426.0,72.0,2013,8,Real Time Strategy,Paradox Interactive,"Real Time Strategy, Simulator, Strategy","Paradox Interactive, Paradox Development Studio",2.083,0.05534204458109147,Medium (3-4),1081,0.0,0.0,0.0,0.0,0.0,,,
Guitar Hero 5,2009-09-01,3.2,63.0,63.0,1100.0,0.0,65.0,22.0,2009,9,Music,Activision,Music,"Activision, Neversoft Entertainment",1.2415,0.019981834695731154,Medium (3-4),1082,2.4,1.56,0.0,0.9700000000000001,4.94,Activision,Misc,"PS2, PS3, Wii, Xbox 360"
Silent Hill: Homecoming,2008-09-30,2.1,206.0,206.0,1300.0,18.0,382.0,227.0,2008,9,Adventure,Double Helix Games,"Adventure, Fighting","Double Helix Games, Konami",2.327,0.17448116833205227,Low (<3),1083,0.43,0.31,0.0,0.1,0.8500000000000001,Konami Digital Entertainment,Action,"PS3, Xbox 360"
Mighty No. 9,2016-06-21,1.6,137.0,137.0,907.0,5.0,263.0,71.0,2016,6,Adventure,Inti Creates,"Adventure, Arcade, Platform, Shooter","Inti Creates, Deep Silver",1.4435,0.07819383259911894,Low (<3),1084,0.06,0.01,0.0,0.01,0.08,Deep Silver,Platform,"PS4, Wii U, Xbox One"
Dragon Ball GT: Final Bout,1997-08-21,1.8,83.0,83.0,1200.0,2.0,39.0,23.0,1997,8,Fighting,Tose,Fighting,"Tose, Bandai",1.3045,0.019150707743547043,Low (<3),1085,0.02,0.02,0.22,0.02,0.27,Namco Bandai Games,Fighting,PS1
Killzone 3,2011-02-22,3.1,155.0,155.0,1300.0,6.0,249.0,91.0,2011,2,Shooter,Guerrilla Games,Shooter,"Guerrilla Games, Sony Computer Entertainment, Inc. (SCEI)",1.8555,0.06994619523443504,Medium (3-4),1086,1.45,0.88,0.09,0.38,2.79,Sony Computer Entertainment,Shooter,PS3
WWE SmackDown vs. Raw 2008,2007-11-09,3.1,62.0,62.0,1400.0,1.0,34.0,16.0,2007,11,Fighting,THQ,"Fighting, Sport","THQ, YUKE'S Co., Ltd.",1.483,0.011420413990007138,Medium (3-4),1087,0.0,0.0,0.0,0.0,0.0,,,
Children of Morta,2019-09-03,3.4,153.0,153.0,727.0,54.0,385.0,136.0,2019,9,Adventure,Dead Mage,"Adventure, Indie, RPG","Dead Mage, 11 bit studios",1.5765,0.18681318681318682,Medium (3-4),1088,0.0,0.0,0.0,0.0,0.0,,,
The Godfather,2006-03-21,3.6,121.0,121.0,1100.0,2.0,196.0,136.0,2006,3,Adventure,Electronic Arts,"Adventure, Racing, Shooter","Electronic Arts, EA Redwood Shores",1.666,0.12352406902815623,Medium (3-4),1089,0.89,0.03,0.01,0.15,1.09,Electronic Arts,Action,PS2
Billy Hatcher and the Giant Egg,2003-09-23,3.1,133.0,133.0,797.0,12.0,322.0,212.0,2003,9,Platform,Sonic Team,Platform,"Sonic Team, Sega",1.704,0.2656641604010025,Medium (3-4),1090,0.19,0.05,0.0,0.01,0.25,Sega,Platform,GameCube
Tekken Tag Tournament 2,2011-09-14,3.8,211.0,211.0,1700.0,7.0,140.0,95.0,2011,9,Fighting,Bandai Namco Entertainment,Fighting,Bandai Namco Entertainment,2.1,0.05584950029394474,Medium (3-4),1091,0.56,0.52,0.15,0.18000000000000002,1.42,Namco Bandai Games,Fighting,"PS3, Wii U, Xbox 360"
Bloons TD 5,2011-12-14,3.6,62.0,62.0,1600.0,15.0,46.0,13.0,2011,12,Simulator,Ninja Kiwi,"Simulator, Strategy, Tactical",Ninja Kiwi,1.695,0.008119925046845722,Medium (3-4),1092,0.0,0.0,0.0,0.0,0.0,,,
JoJo's Bizarre Adventure,1999-10-31,3.7,65.0,65.0,634.0,10.0,93.0,82.0,1999,10,Fighting,Capcom,Fighting,"Capcom, Virgin Interactive Entertainment, Inc.",0.9375,0.12913385826771653,Medium (3-4),1093,0.01,0.01,0.0,0.0,0.02,Virgin Interactive,Fighting,PS1
Another World,1991-12-31,3.3,232.0,232.0,939.0,8.0,332.0,201.0,1991,12,Adventure,Virgin Interactive Entertainment (Europe) Ltd.,"Adventure, Platform, Puzzle","Virgin Interactive Entertainment (Europe) Ltd., Delphine Software",1.839,0.21382978723404256,Medium (3-4),1094,0.0,0.0,0.0,0.0,0.0,,,
Back to the Future: The Game,2010-12-22,3.2,94.0,94.0,763.0,5.0,223.0,67.0,2010,12,Adventure,Telltale Games,"Adventure, Point-and-Click",Telltale Games,1.2315,0.08769633507853403,Medium (3-4),1095,0.24000000000000002,0.08,0.0,0.04,0.37,Telltale Games,Adventure,"PS3, PS4, Wii, Xbox 360, Xbox One"
Team Sonic Racing,2019-05-21,2.9,264.0,264.0,1500.0,49.0,413.0,107.0,2019,5,Arcade,Sumo Digital,"Arcade, Racing","Sumo Digital, Sega",2.3335,0.07128580946035976,Low (<3),1096,0.0,0.0,0.0,0.0,0.0,,,
Dragon's Dogma,2012-05-22,3.7,210.0,210.0,1100.0,45.0,487.0,206.0,2012,5,Brawler,Capcom,"Brawler, RPG",Capcom,2.2425,0.18710263396911897,Medium (3-4),1097,0.83,0.7,0.79,0.25,2.58,Capcom,Role-Playing,"PS3, Xbox 360"
Baldur's Gate 3,2020-10-06,4.1,165.0,165.0,269.0,79.0,388.0,602.0,2020,10,Adventure,Larian Studios,"Adventure, RPG, Strategy, Tactical, Turn Based Strategy",Larian Studios,2.055,2.22962962962963,High (4+),1098,0.0,0.0,0.0,0.0,0.0,,,
The LEGO Movie Videogame,2014-02-04,2.8,184.0,184.0,1700.0,11.0,239.0,73.0,2014,2,Adventure,WB Games,"Adventure, Puzzle","WB Games, TT Fusion",2.2045,0.042915931804820694,Low (<3),1099,2.3,2.28,0.11000000000000001,0.65,5.33,Warner Bros. Interactive Entertainment,Action,"Nintendo 3DS, PC, PS Vita, PS3, PS4, Wii U, Xbox 360, Xbox One"
